20000,Zona Centro,Aguascalientes,Aguascalientes
20010,Ramon Romo Franco,Aguascalientes,Aguascalientes
20010,San Cayetano,Aguascalientes,Aguascalientes
20010,Colinas del Rio,Aguascalientes,Aguascalientes
20010,Las Brisas,Aguascalientes,Aguascalientes
20010,Olivares Santana,Aguascalientes,Aguascalientes
20016,La Fundición,Aguascalientes,Aguascalientes
20016,Los Sauces,Aguascalientes,Aguascalientes
20016,Fundición II,Aguascalientes,Aguascalientes
20016,Colinas de San Ignacio,Aguascalientes,Aguascalientes
20018,Línea de Fuego,Aguascalientes,Aguascalientes
20020,Buenos Aires,Aguascalientes,Aguascalientes
20020,Las Arboledas,Aguascalientes,Aguascalientes
20020,Circunvalación Norte,Aguascalientes,Aguascalientes
20020,Villas de San Francisco,Aguascalientes,Aguascalientes
20029,Villas de La Universidad,Aguascalientes,Aguascalientes
20030,El Sol,Aguascalientes,Aguascalientes
20030,Industrial,Aguascalientes,Aguascalientes
20030,Gremial,Aguascalientes,Aguascalientes
20040,Curtidores,Aguascalientes,Aguascalientes
20040,La Concordia,Aguascalientes,Aguascalientes
20040,Miravalle,Aguascalientes,Aguascalientes
20040,Panorama,Aguascalientes,Aguascalientes
20040,Altavista,Aguascalientes,Aguascalientes
20049,Colinas del Poniente,Aguascalientes,Aguascalientes
20050,Bugambilias,Aguascalientes,Aguascalientes
20050,Primavera,Aguascalientes,Aguascalientes
20050,San Pablo,Aguascalientes,Aguascalientes
20050,Del Carmen,Aguascalientes,Aguascalientes
20050,La Fe,Aguascalientes,Aguascalientes
20050,México,Aguascalientes,Aguascalientes
20059,Heliodoro Garcia,Aguascalientes,Aguascalientes
20059,Guadalupe,Aguascalientes,Aguascalientes
20060,Gómez,Aguascalientes,Aguascalientes
20060,Moderno,Aguascalientes,Aguascalientes
20064,Valle del Rio San Pedro,Aguascalientes,Aguascalientes
20070,San Marcos,Aguascalientes,Aguascalientes
20070,Guadalupe Posada,Aguascalientes,Aguascalientes
20070,San Marcos,Aguascalientes,Aguascalientes
20078,San Marcos,Aguascalientes,Aguascalientes
20080,Residencial del Valle I,Aguascalientes,Aguascalientes
20080,Modelo,Aguascalientes,Aguascalientes
20089,Residencial del Valle II,Aguascalientes,Aguascalientes
20100,Los Vergeles,Aguascalientes,Aguascalientes
20100,Jardines del Campestre,Aguascalientes,Aguascalientes
20100,La Herradura,Aguascalientes,Aguascalientes
20100,Club Campestre,Aguascalientes,Aguascalientes
20100,Campestre,Aguascalientes,Aguascalientes
20100,Rancho San Antonio,Aguascalientes,Aguascalientes
20110,La Enramada,Aguascalientes,Aguascalientes
20110,Valle del Campestre,Aguascalientes,Aguascalientes
20110,Las Cavas,Aguascalientes,Aguascalientes
20110,Talamantes Ponce,Aguascalientes,Aguascalientes
20110,Villas de Montenegro,Aguascalientes,Aguascalientes
20110,Puerto las Hadas,Aguascalientes,Aguascalientes
20110,Granjas del Campestre,Aguascalientes,Aguascalientes
20115,Trojes de Oriente,Aguascalientes,Aguascalientes
20115,Valle de Santa Teresa,Aguascalientes,Aguascalientes
20115,Valle de las Trojes,Aguascalientes,Aguascalientes
20115,Villa de las Trojes,Aguascalientes,Aguascalientes
20115,Villas de San Nicolás,Aguascalientes,Aguascalientes
20115,San Telmo,Aguascalientes,Aguascalientes
20115,La Paloma,Aguascalientes,Aguascalientes
20115,Barrio de Santiago,Aguascalientes,Aguascalientes
20116,Trojes de Alonso,Aguascalientes,Aguascalientes
20116,Santa Fe,Aguascalientes,Aguascalientes
20116,San Telmo Residencial,Aguascalientes,Aguascalientes
20116,La Troje,Aguascalientes,Aguascalientes
20117,Aguascalientes 2000,Aguascalientes,Aguascalientes
20118,Trojes del Sol,Aguascalientes,Aguascalientes
20118,Misión de Santiago,Aguascalientes,Aguascalientes
20118,Los Jarales,Aguascalientes,Aguascalientes
20118,Cerrada de la Mezquitera,Aguascalientes,Aguascalientes
20118,Misión del Campanario,Aguascalientes,Aguascalientes
20118,Cerrada del Valle,Aguascalientes,Aguascalientes
20118,Las Trojes,Aguascalientes,Aguascalientes
20118,Trojes de Cristal,Aguascalientes,Aguascalientes
20118,Cerrada de La Misión,Aguascalientes,Aguascalientes
20118,Valle del Campanario,Aguascalientes,Aguascalientes
20118,Las Misiones,Aguascalientes,Aguascalientes
20118,Cerrada El Molino,Aguascalientes,Aguascalientes
20118,Valle Real,Aguascalientes,Aguascalientes
20118,Terzetto,Aguascalientes,Aguascalientes
20118,Residencial Santa Clara,Aguascalientes,Aguascalientes
20119,Villas del Campestre,Aguascalientes,Aguascalientes
20119,Lomas del Campestre 2a Sección,Aguascalientes,Aguascalientes
20119,Los Calicantos,Aguascalientes,Aguascalientes
20120,Rinconada los Bosques,Aguascalientes,Aguascalientes
20120,Jardines de la Concepción,Aguascalientes,Aguascalientes
20120,Los Bosques,Aguascalientes,Aguascalientes
20123,Arroyo El Molino,Aguascalientes,Aguascalientes
20124,Galerías,Aguascalientes,Aguascalientes
20124,Residencial Altaria,Aguascalientes,Aguascalientes
20126,Villa de Nuestra Señora de La Asunción Sector San Marcos,Aguascalientes,Aguascalientes
20126,Privada Guadalupe,Aguascalientes,Aguascalientes
20126,Rinconada del Puertecito,Aguascalientes,Aguascalientes
20126,Constitución,Aguascalientes,Aguascalientes
20126,Pozo Bravo Norte,Aguascalientes,Aguascalientes
20126,Villa de Nuestra Señora de La Asunción Sector Guadalupe,Aguascalientes,Aguascalientes
20126,La Soledad,Aguascalientes,Aguascalientes
20126,Villa Teresa,Aguascalientes,Aguascalientes
20126,Villas del Río,Aguascalientes,Aguascalientes
20126,Soberana Convención Revolucionaria,Aguascalientes,Aguascalientes
20126,Villas de Don Antonio,Aguascalientes,Aguascalientes
20126,Los Ángeles,Aguascalientes,Aguascalientes
20126,El Rosedal,Aguascalientes,Aguascalientes
20126,Villa Loma Dorada,Aguascalientes,Aguascalientes
20126,Natura,Aguascalientes,Aguascalientes
20126,Rinconada Pozo Bravo,Aguascalientes,Aguascalientes
20126,Pozo Bravo Sur,Aguascalientes,Aguascalientes
20126,Libertad,Aguascalientes,Aguascalientes
20126,El Puertecito,Aguascalientes,Aguascalientes
20126,Los Naranjos,Aguascalientes,Aguascalientes
20126,Cartagena 1947,Aguascalientes,Aguascalientes
20126,Jardines de Montebello,Aguascalientes,Aguascalientes
20126,Villa Montaña,Aguascalientes,Aguascalientes
20126,Villas de La Convención,Aguascalientes,Aguascalientes
20126,Lomas de La Asunción,Aguascalientes,Aguascalientes
20126,Villa de Nuestra Señora de La Asunción Sector Encino,Aguascalientes,Aguascalientes
20126,Villa de Nuestra Señora de La Asunción Sector Alameda,Aguascalientes,Aguascalientes
20126,San José de Pozo Bravo,Aguascalientes,Aguascalientes
20126,Villa Notre Dame,Aguascalientes,Aguascalientes
20126,Villa de Nuestra Señora de La Asunción Sector Estación,Aguascalientes,Aguascalientes
20126,Residencial las Plazas,Aguascalientes,Aguascalientes
20126,Montebello Della Stanza,Aguascalientes,Aguascalientes
20127,Bosques del Prado Norte,Aguascalientes,Aguascalientes
20129,Lomas del Campestre 1a Sección,Aguascalientes,Aguascalientes
20130,Nueva Rinconada,Aguascalientes,Aguascalientes
20130,Puerta Navarra,Aguascalientes,Aguascalientes
20130,Palmas del Pedregal,Aguascalientes,Aguascalientes
20130,Fátima,Aguascalientes,Aguascalientes
20130,Primo Verdad,Aguascalientes,Aguascalientes
20130,Unidad Ganadera,Aguascalientes,Aguascalientes
20130,Residencial Campestre Club de Golf Norte,Aguascalientes,Aguascalientes
20130,Residencial Campestre Club de Golf Sur,Aguascalientes,Aguascalientes
20130,Palma Real,Aguascalientes,Aguascalientes
20130,El Roble,Aguascalientes,Aguascalientes
20130,San José del Arenal,Aguascalientes,Aguascalientes
20130,Bosques del Prado Sur,Aguascalientes,Aguascalientes
20130,Independencia de México,Aguascalientes,Aguascalientes
20135,Centro Distribuidor de Básicos,Aguascalientes,Aguascalientes
20135,Agropecuario,Aguascalientes,Aguascalientes
20136,La Rinconada,Aguascalientes,Aguascalientes
20137,El Plateado,Aguascalientes,Aguascalientes
20138,Villas del Vergel,Aguascalientes,Aguascalientes
20138,Residencial Pulgas Pandas Norte,Aguascalientes,Aguascalientes
20138,Cerrada San Miguel,Aguascalientes,Aguascalientes
20138,Residencial Pulgas Pandas Sur,Aguascalientes,Aguascalientes
20140,Las Hadas,Aguascalientes,Aguascalientes
20140,Morelos,Aguascalientes,Aguascalientes
20140,Andrea,Aguascalientes,Aguascalientes
20146,Los Arcos,Aguascalientes,Aguascalientes
20149,Industrial,Aguascalientes,Aguascalientes
20150,Lomas del Cobano,Aguascalientes,Aguascalientes
20150,La Estrella,Aguascalientes,Aguascalientes
20150,Macias Arellano,Aguascalientes,Aguascalientes
20150,Buenavista,Aguascalientes,Aguascalientes
20150,C.T.M.,Aguascalientes,Aguascalientes
20157,Parras,Aguascalientes,Aguascalientes
20157,La Higuerilla,Aguascalientes,Aguascalientes
20158,Trojes del Cobano,Aguascalientes,Aguascalientes
20158,El Cobano,Aguascalientes,Aguascalientes
20158,Hacienda el Cobano,Aguascalientes,Aguascalientes
20158,Villas del Cobano,Aguascalientes,Aguascalientes
20159,Alianza Ferrocarrilera,Aguascalientes,Aguascalientes
20159,Bosques del Prado Oriente,Aguascalientes,Aguascalientes
20160,Francisco Guel Jimenez,Aguascalientes,Aguascalientes
20160,Las Viñas INFONAVIT,Aguascalientes,Aguascalientes
20164,Santa Anita 4a Sección,Aguascalientes,Aguascalientes
20169,Santa Anita 2a Sección,Aguascalientes,Aguascalientes
20169,Santa Anita,Aguascalientes,Aguascalientes
20170,S.T.E.M.A.,Aguascalientes,Aguascalientes
20170,Lic Benito Juárez,Aguascalientes,Aguascalientes
20170,Villa Bonita,Aguascalientes,Aguascalientes
20170,Rodolfo Landeros Gallegos,Aguascalientes,Aguascalientes
20170,Zona Militar,Aguascalientes,Aguascalientes
20170,El Maguey,Aguascalientes,Aguascalientes
20170,Las Cumbres,Aguascalientes,Aguascalientes
20170,Nazario Ortiz Garza,Aguascalientes,Aguascalientes
20172,La Florida l,Aguascalientes,Aguascalientes
20172,Cumbres III,Aguascalientes,Aguascalientes
20172,Lic Benito Palomino Dena,Aguascalientes,Aguascalientes
20172,La Florida ll,Aguascalientes,Aguascalientes
20172,Claustros Loma Dorada,Aguascalientes,Aguascalientes
20174,Vista de las Cumbres,Aguascalientes,Aguascalientes
20174,Lomas de Bellavista,Aguascalientes,Aguascalientes
20174,Villas de la Loma,Aguascalientes,Aguascalientes
20174,Miradores de Santa Elena,Aguascalientes,Aguascalientes
20174,Los Laureles,Aguascalientes,Aguascalientes
20174,Colinas de Oriente,Aguascalientes,Aguascalientes
20174,Mirador de las Culturas,Aguascalientes,Aguascalientes
20174,Los Pericos,Aguascalientes,Aguascalientes
20174,Paseos del Sol,Aguascalientes,Aguascalientes
20174,Villas de las Fuentes,Aguascalientes,Aguascalientes
20175,Lomas de Oriente 3ra. Sección,Aguascalientes,Aguascalientes
20175,J Refugio Esparza Reyes,Aguascalientes,Aguascalientes
20175,Lomas de Oriente 2da. Sección,Aguascalientes,Aguascalientes
20175,Lomas de Oriente 1a Sección,Aguascalientes,Aguascalientes
20175,Ejido las Cumbres,Aguascalientes,Aguascalientes
20175,La Hojarasca,Aguascalientes,Aguascalientes
20177,C.N.O.P. Oriente,Aguascalientes,Aguascalientes
20179,Pensadores Mexicanos,Aguascalientes,Aguascalientes
20179,Las Cumbres II,Aguascalientes,Aguascalientes
20179,Santa Margarita,Aguascalientes,Aguascalientes
20179,Progreso,Aguascalientes,Aguascalientes
20179,Luis Ortega Douglas,Aguascalientes,Aguascalientes
20179,Las Cumbres,Aguascalientes,Aguascalientes
20179,Pintores Mexicanos,Aguascalientes,Aguascalientes
20179,Cerro Alto,Aguascalientes,Aguascalientes
20179,Santa Regina,Aguascalientes,Aguascalientes
20180,Luis Gómez Zepeda (ferronales),Aguascalientes,Aguascalientes
20180,Lomas de Santa Anita,Aguascalientes,Aguascalientes
20180,Nueva Alameda,Aguascalientes,Aguascalientes
20180,Bosques de La Alameda,Aguascalientes,Aguascalientes
20180,Ferronales,Aguascalientes,Aguascalientes
20180,Rinconada de La Alameda,Aguascalientes,Aguascalientes
20180,Del Trabajo,Aguascalientes,Aguascalientes
20190,La Hacienda,Aguascalientes,Aguascalientes
20190,Héroes,Aguascalientes,Aguascalientes
20190,La Mancha,Aguascalientes,Aguascalientes
20196,Terra Nova,Aguascalientes,Aguascalientes
20196,Real del Sol,Aguascalientes,Aguascalientes
20196,Ojocaliente INEGI,Aguascalientes,Aguascalientes
20196,Villerías,Aguascalientes,Aguascalientes
20196,José Guadalupe Posada,Aguascalientes,Aguascalientes
20196,Haciendas de Aguascalientes,Aguascalientes,Aguascalientes
20196,Colinas de San Patricio,Aguascalientes,Aguascalientes
20196,El Rocio,Aguascalientes,Aguascalientes
20196,Valle del Bicentenario,Aguascalientes,Aguascalientes
20196,Paseo de los Cactus,Aguascalientes,Aguascalientes
20196,Real de Haciendas,Aguascalientes,Aguascalientes
20196,Valle de los Cactus,Aguascalientes,Aguascalientes
20196,Balcones de Oriente,Aguascalientes,Aguascalientes
20196,Balcones del Valle,Aguascalientes,Aguascalientes
20196,Ojocaliente,Aguascalientes,Aguascalientes
20196,Sol Naciente,Aguascalientes,Aguascalientes
20196,José Guadalupe Peralta Gámez,Aguascalientes,Aguascalientes
20196,Solidaridad 1a Sección,Aguascalientes,Aguascalientes
20196,Villa de las Norias,Aguascalientes,Aguascalientes
20196,Vistas de Oriente,Aguascalientes,Aguascalientes
20198,Ex Hacienda Ojocaliente,Aguascalientes,Aguascalientes
20198,Misión Alameda,Aguascalientes,Aguascalientes
20198,Ejido Ojocaliente,Aguascalientes,Aguascalientes
20199,Fidel Velázquez,Aguascalientes,Aguascalientes
20199,El Riego,Aguascalientes,Aguascalientes
20199,Municipio Libre,Aguascalientes,Aguascalientes
20200,José Vasconcelos Calderón,Aguascalientes,Aguascalientes
20200,Bellavista,Aguascalientes,Aguascalientes
20200,Porta Canteras,Aguascalientes,Aguascalientes
20200,El Quelite,Aguascalientes,Aguascalientes
20200,Villas del Mediterráneo,Aguascalientes,Aguascalientes
20200,Veteranos de La Revolución,Aguascalientes,Aguascalientes
20200,Ex Hacienda La Cantera,Aguascalientes,Aguascalientes
20200,Loma Bonita,Aguascalientes,Aguascalientes
20200,Villas de La Cantera,Aguascalientes,Aguascalientes
20200,Residencial San Nicolás,Aguascalientes,Aguascalientes
20200,Fuentes del Lago,Aguascalientes,Aguascalientes
20200,Lic Manuel Gómez Morin,Aguascalientes,Aguascalientes
20200,Olinda,Aguascalientes,Aguascalientes
20205,Educación Álamos,Aguascalientes,Aguascalientes
20205,Nueva España,Aguascalientes,Aguascalientes
20206,Barandales de San José,Aguascalientes,Aguascalientes
20206,La Barranquilla,Aguascalientes,Aguascalientes
20206,Lic. José López Portillo,Aguascalientes,Aguascalientes
20207,Capital City,Aguascalientes,Aguascalientes
20207,Canteras de San Javier,Aguascalientes,Aguascalientes
20207,Rinconada San José,Aguascalientes,Aguascalientes
20208,Canteras de San José,Aguascalientes,Aguascalientes
20210,Pirules INFONAVIT,Aguascalientes,Aguascalientes
20210,España,Aguascalientes,Aguascalientes
20210,La Barranca de Guadalupe,Aguascalientes,Aguascalientes
20210,Circunvalación Poniente,Aguascalientes,Aguascalientes
20216,Jardines de los Pirules,Aguascalientes,Aguascalientes
20217,Residencial los Pirules,Aguascalientes,Aguascalientes
20218,Jardines del Lago,Aguascalientes,Aguascalientes
20218,San Agustín,Aguascalientes,Aguascalientes
20218,Francisco Villa,Aguascalientes,Aguascalientes
20218,Canteras de San Agustin,Aguascalientes,Aguascalientes
20218,Los Eucaliptos,Aguascalientes,Aguascalientes
20218,Canteras de Santa Imelda,Aguascalientes,Aguascalientes
20218,Santa Imelda,Aguascalientes,Aguascalientes
20218,Los Eucaliptos 2a. Sección,Aguascalientes,Aguascalientes
20218,San Martin de La Cantera,Aguascalientes,Aguascalientes
20219,El Edén,Aguascalientes,Aguascalientes
20219,Misión Juan Pablo II,Aguascalientes,Aguascalientes
20219,Parque Industrial el Vergel,Aguascalientes,Aguascalientes
20220,Vivienda Popular,Aguascalientes,Aguascalientes
20220,Las Flores,Aguascalientes,Aguascalientes
20229,Las Torres,Aguascalientes,Aguascalientes
20230,Santa Elena,Aguascalientes,Aguascalientes
20230,Obraje,Aguascalientes,Aguascalientes
20230,Las Américas,Aguascalientes,Aguascalientes
20234,Agricultura,Aguascalientes,Aguascalientes
20234,Mesonero,Aguascalientes,Aguascalientes
20235,Valle Dorado,Aguascalientes,Aguascalientes
20235,Villa Jardín,Aguascalientes,Aguascalientes
20235,El Dorado 1a Sección,Aguascalientes,Aguascalientes
20235,El Dorado 2a Sección,Aguascalientes,Aguascalientes
20236,Jardines de Santa Elena,Aguascalientes,Aguascalientes
20237,Hermanos Carreón,Aguascalientes,Aguascalientes
20237,Montebello,Aguascalientes,Aguascalientes
20238,Santa Elena 2a Sección,Aguascalientes,Aguascalientes
20239,La Fuente,Aguascalientes,Aguascalientes
20240,Triana,Aguascalientes,Aguascalientes
20240,El Laurel,Aguascalientes,Aguascalientes
20240,La Salud,Aguascalientes,Aguascalientes
20240,Residencial el Encino,Aguascalientes,Aguascalientes
20240,El Encino,Aguascalientes,Aguascalientes
20240,Triana,Aguascalientes,Aguascalientes
20240,Los Virreyes,Aguascalientes,Aguascalientes
20240,El Llanito,Aguascalientes,Aguascalientes
20240,Residencial Cosío,Aguascalientes,Aguascalientes
20240,La Luna,Aguascalientes,Aguascalientes
20247,San Fernando INFONAVIT,Aguascalientes,Aguascalientes
20248,Jardines de Triana,Aguascalientes,Aguascalientes
20249,Gámez,Aguascalientes,Aguascalientes
20250,Jardines de La Cruz,Aguascalientes,Aguascalientes
20250,Villas de Kristal,Aguascalientes,Aguascalientes
20250,Héroes de Aguascalientes,Aguascalientes,Aguascalientes
20250,Jesús Gómez Portugal,Aguascalientes,Aguascalientes
20250,La Huerta,Aguascalientes,Aguascalientes
20250,San Luis,Aguascalientes,Aguascalientes
20255,INFONAVIT Los Volcanes,Aguascalientes,Aguascalientes
20255,Bona Gens,Aguascalientes,Aguascalientes
20256,Villas de Ojocaliente,Aguascalientes,Aguascalientes
20256,FOVISSSTE Ojocaliente I,Aguascalientes,Aguascalientes
20256,Ojocaliente las Torres,Aguascalientes,Aguascalientes
20256,Parque y Presa del Cedazo,Aguascalientes,Aguascalientes
20256,Ojocaliente FOVISSSTE II,Aguascalientes,Aguascalientes
20256,Rinconada de La Cruz,Aguascalientes,Aguascalientes
20257,Lázaro Cárdenas,Aguascalientes,Aguascalientes
20259,La Estación,Aguascalientes,Aguascalientes
20259,La Purísima,Aguascalientes,Aguascalientes
20260,Ojo de Agua,Aguascalientes,Aguascalientes
20260,Vivienda Militar,Aguascalientes,Aguascalientes
20260,Jesús Terán Peredo,Aguascalientes,Aguascalientes
20260,IV Centenario,Aguascalientes,Aguascalientes
20260,Sidusa,Aguascalientes,Aguascalientes
20260,Rinconada El Cedazo,Aguascalientes,Aguascalientes
20263,Lomas del Chapulín,Aguascalientes,Aguascalientes
20263,Solidaridad 3a Sección,Aguascalientes,Aguascalientes
20263,Tierra Buena,Aguascalientes,Aguascalientes
20263,Cobano de Palmitas,Aguascalientes,Aguascalientes
20263,Villa Taurina,Aguascalientes,Aguascalientes
20263,Agua Clara,Aguascalientes,Aguascalientes
20263,Balcones de Ojocaliente,Aguascalientes,Aguascalientes
20263,Villa las Palmas,Aguascalientes,Aguascalientes
20263,Bajío de las Palmas,Aguascalientes,Aguascalientes
20263,Lomas del Gachupín,Aguascalientes,Aguascalientes
20263,Solidaridad 2a Sección,Aguascalientes,Aguascalientes
20263,San Jorge,Aguascalientes,Aguascalientes
20263,Cielo Claro,Aguascalientes,Aguascalientes
20263,El Cedazo,Aguascalientes,Aguascalientes
20263,Ojo de Agua de Palmitas,Aguascalientes,Aguascalientes
20263,Salto de Ojocaliente,Aguascalientes,Aguascalientes
20263,Cima del Chapulín,Aguascalientes,Aguascalientes
20263,San Ángel,Aguascalientes,Aguascalientes
20263,La Lomita,Aguascalientes,Aguascalientes
20264,Morelos INFONAVIT,Aguascalientes,Aguascalientes
20264,Vista del Sol 2a Sección,Aguascalientes,Aguascalientes
20264,Vista del Sol 3a Sección,Aguascalientes,Aguascalientes
20265,Ojo de Agua INFONAVIT,Aguascalientes,Aguascalientes
20266,La Cruz,Aguascalientes,Aguascalientes
20266,Jardines del Sol,Aguascalientes,Aguascalientes
20266,Vista del Sol 1a Sección,Aguascalientes,Aguascalientes
20266,Misión de Santa Fe,Aguascalientes,Aguascalientes
20267,Lic Primo Verdad INEGI,Aguascalientes,Aguascalientes
20267,Jardines de La Convención,Aguascalientes,Aguascalientes
20267,Ojo de Agua FOVISSSTE 1a Sección,Aguascalientes,Aguascalientes
20267,S.T.E.M.A.,Aguascalientes,Aguascalientes
20268,Fuentes de La Asunción,Aguascalientes,Aguascalientes
20269,Jardines de La Luz,Aguascalientes,Aguascalientes
20270,Jardines de La Asunción,Aguascalientes,Aguascalientes
20270,Jardines de Aguascalientes,Aguascalientes,Aguascalientes
20270,Lindavista,Aguascalientes,Aguascalientes
20270,Los Cedros,Aguascalientes,Aguascalientes
20270,Las Canoas,Aguascalientes,Aguascalientes
20270,Bulevar,Aguascalientes,Aguascalientes
20270,El Caminero,Aguascalientes,Aguascalientes
20270,México,Aguascalientes,Aguascalientes
20276,Jardines de las Bugambilias,Aguascalientes,Aguascalientes
20276,Jardines del Parque,Aguascalientes,Aguascalientes
20277,Residencial del Parque,Aguascalientes,Aguascalientes
20277,Pirámides,Aguascalientes,Aguascalientes
20277,Rinconada del Parque,Aguascalientes,Aguascalientes
20278,Diana,Aguascalientes,Aguascalientes
20278,Jardines de las Fuentes,Aguascalientes,Aguascalientes
20280,Casasolida,Aguascalientes,Aguascalientes
20280,Central de Abastos,Aguascalientes,Aguascalientes
20280,Prados del Sur,Aguascalientes,Aguascalientes
20280,Trojes del Sur,Aguascalientes,Aguascalientes
20280,Jardines del Sur,Aguascalientes,Aguascalientes
20280,Prados de Villasunción,Aguascalientes,Aguascalientes
20280,San Francisco del Arenal,Aguascalientes,Aguascalientes
20280,San Pedro,Aguascalientes,Aguascalientes
20280,Australis,Aguascalientes,Aguascalientes
20280,Martinez Dominguez,Aguascalientes,Aguascalientes
20280,Torres de San Francisco,Aguascalientes,Aguascalientes
20283,Parque Industrial Siglo XXI,Aguascalientes,Aguascalientes
20283,Parque Industrial Siglo XXI (Ampliación),Aguascalientes,Aguascalientes
20284,Villas del Oeste,Aguascalientes,Aguascalientes
20284,La Estancia,Aguascalientes,Aguascalientes
20284,INFONAVIT Potreros del Oeste,Aguascalientes,Aguascalientes
20284,Vistas del Sur,Aguascalientes,Aguascalientes
20284,Villas de Santa Rosa,Aguascalientes,Aguascalientes
20284,La Casita,Aguascalientes,Aguascalientes
20285,Versalles 2a Sección,Aguascalientes,Aguascalientes
20285,Versalles 1a Sección,Aguascalientes,Aguascalientes
20286,Bosque Real,Aguascalientes,Aguascalientes
20286,Villa Capri,Aguascalientes,Aguascalientes
20286,Paseos de Santa Mónica,Aguascalientes,Aguascalientes
20286,Providencia,Aguascalientes,Aguascalientes
20286,Rinconada Santa Mónica,Aguascalientes,Aguascalientes
20286,Villas del Pilar 1a Sección,Aguascalientes,Aguascalientes
20286,Rancho Santa Mónica,Aguascalientes,Aguascalientes
20286,Barlovento,Aguascalientes,Aguascalientes
20286,Vicente Guerrero,Aguascalientes,Aguascalientes
20286,Villas San Antonio,Aguascalientes,Aguascalientes
20287,Insurgentes,Aguascalientes,Aguascalientes
20288,Bulevares 2a. Sección,Aguascalientes,Aguascalientes
20288,Bulevares 1a. Sección,Aguascalientes,Aguascalientes
20289,Pilar Blanco INFONAVIT,Aguascalientes,Aguascalientes
20290,Parque Industrial ALTEC,Aguascalientes,Aguascalientes
20290,Plaza Vestir,Aguascalientes,Aguascalientes
20290,Ciudad Industrial,Aguascalientes,Aguascalientes
20290,Vista Alegre,Aguascalientes,Aguascalientes
20291,Centro SCT Aguascalientes,Aguascalientes,Aguascalientes
20296,Villas de Bonaterra,Aguascalientes,Aguascalientes
20296,Residencial San Javier,Aguascalientes,Aguascalientes
20296,Villa Sur,Aguascalientes,Aguascalientes
20296,Rústicos Calpulli,Aguascalientes,Aguascalientes
20296,San Francisco de los Arteaga,Aguascalientes,Aguascalientes
20297,Casa Blanca,Aguascalientes,Aguascalientes
20297,Jardines de Casanueva,Aguascalientes,Aguascalientes
20297,Jardines de Casablanca,Aguascalientes,Aguascalientes
20298,Morelos I,Aguascalientes,Aguascalientes
20298,Morelos 2a Sección,Aguascalientes,Aguascalientes
20298,Lomas del Sur,Aguascalientes,Aguascalientes
20298,Lomas de Vistabella 2a. Sección,Aguascalientes,Aguascalientes
20298,Lomas de Vistabella,Aguascalientes,Aguascalientes
20298,Lomas de Nueva York,Aguascalientes,Aguascalientes
20298,Paseos de San Antonio,Aguascalientes,Aguascalientes
20298,Laureles del Sur,Aguascalientes,Aguascalientes
20298,Condominio La terraza,Aguascalientes,Aguascalientes
20298,Villas de Ajedrez,Aguascalientes,Aguascalientes
20298,Misión de Santa Lucía,Aguascalientes,Aguascalientes
20298,Residencial Hacienda San Martín,Aguascalientes,Aguascalientes
20298,San Sebastián,Aguascalientes,Aguascalientes
20298,Lomas del Mirador,Aguascalientes,Aguascalientes
20298,Emiliano Zapata,Aguascalientes,Aguascalientes
20298,Lotes de Arellano,Aguascalientes,Aguascalientes
20298,Solidaridad 4a Sección,Aguascalientes,Aguascalientes
20298,Hacienda San Marcos,Aguascalientes,Aguascalientes
20298,Valle del Cedazo,Aguascalientes,Aguascalientes
20299,Fundadores,Aguascalientes,Aguascalientes
20299,Mujeres Ilustres,Aguascalientes,Aguascalientes
20299,Periodistas,Aguascalientes,Aguascalientes
20299,Villalta,Aguascalientes,Aguascalientes
20299,Lomas del Ajedrez,Aguascalientes,Aguascalientes
20299,Lomas de San Jorge,Aguascalientes,Aguascalientes
20299,Reencuentro,Aguascalientes,Aguascalientes
20299,Lomas Altas,Aguascalientes,Aguascalientes
20300,San Francisco de los Romos Centro,San Francisco de los Romo,Aguascalientes
20300,Campestre San Carlos,San Francisco de los Romo,Aguascalientes
20300,Panamericano,San Francisco de los Romo,Aguascalientes
20303,El Tirón (El Progreso),San Francisco de los Romo,Aguascalientes
20303,Hidalgo,San Francisco de los Romo,Aguascalientes
20303,San Juan Bautista,San Francisco de los Romo,Aguascalientes
20303,San Pablo,San Francisco de los Romo,Aguascalientes
20303,Cerrada San Francisco,San Francisco de los Romo,Aguascalientes
20303,La Margarita,San Francisco de los Romo,Aguascalientes
20303,San Francisco,San Francisco de los Romo,Aguascalientes
20303,La Aurora,San Francisco de los Romo,Aguascalientes
20303,La Sociedad San Juan,San Francisco de los Romo,Aguascalientes
20303,Santa Isabel,San Francisco de los Romo,Aguascalientes
20303,La Guadalupana,San Francisco de los Romo,Aguascalientes
20303,Revolución,San Francisco de los Romo,Aguascalientes
20303,San José Buenavista,San Francisco de los Romo,Aguascalientes
20303,La Perla,San Francisco de los Romo,Aguascalientes
20303,Los Cedros,San Francisco de los Romo,Aguascalientes
20303,María,San Francisco de los Romo,Aguascalientes
20304,Santa Bárbara,San Francisco de los Romo,Aguascalientes
20304,Santa Fe,San Francisco de los Romo,Aguascalientes
20304,San José del Barranco,San Francisco de los Romo,Aguascalientes
20304,El Cardonal,San Francisco de los Romo,Aguascalientes
20304,La Escondida (El Salero),San Francisco de los Romo,Aguascalientes
20304,El Chamizal,San Francisco de los Romo,Aguascalientes
20304,San Juan,San Francisco de los Romo,Aguascalientes
20304,Villa de Guadalupe,San Francisco de los Romo,Aguascalientes
20304,Mary,San Francisco de los Romo,Aguascalientes
20304,Monserrat,San Francisco de los Romo,Aguascalientes
20304,28 de Abril,San Francisco de los Romo,Aguascalientes
20304,Fracción de la Trinidad II,San Francisco de los Romo,Aguascalientes
20305,Santa Elena (Elena),San Francisco de los Romo,Aguascalientes
20305,Los Lirios,San Francisco de los Romo,Aguascalientes
20305,Santa Anita,San Francisco de los Romo,Aguascalientes
20305,Los Sabinos,San Francisco de los Romo,Aguascalientes
20305,San Cristóbal,San Francisco de los Romo,Aguascalientes
20305,Zacatenco,San Francisco de los Romo,Aguascalientes
20305,Alfredo Soriano López,San Francisco de los Romo,Aguascalientes
20305,El Cortijo,San Francisco de los Romo,Aguascalientes
20305,La Paz,San Francisco de los Romo,Aguascalientes
20305,La Unión,San Francisco de los Romo,Aguascalientes
20305,San Pedro Victoria de Arriba,San Francisco de los Romo,Aguascalientes
20305,Santa Elena,San Francisco de los Romo,Aguascalientes
20305,Viñedos los Zapata,San Francisco de los Romo,Aguascalientes
20305,Las Carmelitas,San Francisco de los Romo,Aguascalientes
20305,San Ángel,San Francisco de los Romo,Aguascalientes
20305,San Pedro Victoria (San Pedro Victoria de Abajo),San Francisco de los Romo,Aguascalientes
20305,Viñedos Xoconoxtle,San Francisco de los Romo,Aguascalientes
20305,El Barranco,San Francisco de los Romo,Aguascalientes
20305,El Espíritu,San Francisco de los Romo,Aguascalientes
20305,El Gigante,San Francisco de los Romo,Aguascalientes
20305,La Trinidad,San Francisco de los Romo,Aguascalientes
20305,Los Gonzalez,San Francisco de los Romo,Aguascalientes
20305,El Refugio,San Francisco de los Romo,Aguascalientes
20305,La Gloria,San Francisco de los Romo,Aguascalientes
20305,La Providencia,San Francisco de los Romo,Aguascalientes
20310,Los Negritos,Aguascalientes,Aguascalientes
20310,La Loma de los Negritos,Aguascalientes,Aguascalientes
20310,San Felipe [Viñedos],Aguascalientes,Aguascalientes
20311,Coyotes Norte,Aguascalientes,Aguascalientes
20311,Sandovales,Aguascalientes,Aguascalientes
20311,Trojes de Alonso,Aguascalientes,Aguascalientes
20313,Hacienda Nueva,Aguascalientes,Aguascalientes
20313,Cuauhtémoc (Las Palomas),Aguascalientes,Aguascalientes
20314,El Cariñán,Aguascalientes,Aguascalientes
20315,Viñedos Valle Redondo,Aguascalientes,Aguascalientes
20316,Lomas del Picacho,Aguascalientes,Aguascalientes
20317,Santa Cruz de la Presa,Aguascalientes,Aguascalientes
20319,CERESO (Para Varones y Mujeres),Aguascalientes,Aguascalientes
20320,Las Cañadas,Aguascalientes,Aguascalientes
20320,Gral. José María Morelos y Pavón,Aguascalientes,Aguascalientes
20320,Estación Cañada Honda,Aguascalientes,Aguascalientes
20321,El Cortijo,Aguascalientes,Aguascalientes
20321,La Rinconada (La Escondida),Aguascalientes,Aguascalientes
20322,La Presa,Aguascalientes,Aguascalientes
20323,Santa María de Gallardo,Aguascalientes,Aguascalientes
20324,Jaltomate,Aguascalientes,Aguascalientes
20326,Parque Industrial Tecnopolo Pocitos ll,Aguascalientes,Aguascalientes
20326,Bosque Sereno,Aguascalientes,Aguascalientes
20326,Puesta del Sol,Aguascalientes,Aguascalientes
20326,Rinconada San Ignacio,Aguascalientes,Aguascalientes
20326,La Aurora,Aguascalientes,Aguascalientes
20326,La Rioja,Aguascalientes,Aguascalientes
20326,San Ignacio III,Aguascalientes,Aguascalientes
20326,Ex-Hacienda de San Ignacio,Aguascalientes,Aguascalientes
20326,La Perla,Aguascalientes,Aguascalientes
20326,Loretta,Aguascalientes,Aguascalientes
20326,San Ignacio,Aguascalientes,Aguascalientes
20326,La Soledad,Aguascalientes,Aguascalientes
20326,San Ignacio 3,Aguascalientes,Aguascalientes
20326,San Ignacio II,Aguascalientes,Aguascalientes
20328,Parque Industrial Tecnopolo Pocitos,Aguascalientes,Aguascalientes
20328,Los Pocitos,Aguascalientes,Aguascalientes
20328,Sandovales de Arriba,Aguascalientes,Aguascalientes
20329,La Joya,Aguascalientes,Aguascalientes
20329,Residencial Las Quintas,Aguascalientes,Aguascalientes
20329,Contadero,Aguascalientes,Aguascalientes
20329,La Querencia,Aguascalientes,Aguascalientes
20329,Rincón Andaluz,Aguascalientes,Aguascalientes
20329,La Plazuela,Aguascalientes,Aguascalientes
20329,Privanza Andaluz,Aguascalientes,Aguascalientes
20329,La Punta Campestre,Aguascalientes,Aguascalientes
20329,Torres Residencial Campestre Santamaría,Aguascalientes,Aguascalientes
20329,Puerta del Sol,Aguascalientes,Aguascalientes
20329,Río Viejo,Aguascalientes,Aguascalientes
20330,Pobre,El Llano,Aguascalientes
20330,De Abajo,El Llano,Aguascalientes
20330,El Salto,El Llano,Aguascalientes
20330,De Afuera,El Llano,Aguascalientes
20330,Palo Alto,El Llano,Aguascalientes
20330,Palo Alto Centro,El Llano,Aguascalientes
20330,El Saucito,El Llano,Aguascalientes
20330,De Triana,El Llano,Aguascalientes
20330,El Progreso,El Llano,Aguascalientes
20333,San José (San Antonio de Montoya),El Llano,Aguascalientes
20333,Licenciado Jesús Terán (El Muerto),El Llano,Aguascalientes
20333,San Francisco de los Pedroza,El Llano,Aguascalientes
20333,Las Flores (El Cotón),El Llano,Aguascalientes
20333,San Francisco de los Viveros,El Llano,Aguascalientes
20333,El Barreno (Ampliación San Francisco),El Llano,Aguascalientes
20333,San Gerónimo,El Llano,Aguascalientes
20333,Sandovales (San Miguel de los Sandovales),El Llano,Aguascalientes
20333,El Cotón,El Llano,Aguascalientes
20333,El Mocho,El Llano,Aguascalientes
20333,El Milagro,El Llano,Aguascalientes
20333,El Vaciero,El Llano,Aguascalientes
20333,Las Laminas,El Llano,Aguascalientes
20334,El Colorin,El Llano,Aguascalientes
20334,El Novillo,El Llano,Aguascalientes
20334,La Luz,El Llano,Aguascalientes
20335,Ojo de Agua de Crucitas,El Llano,Aguascalientes
20335,Ojo de Agua de Placitas,El Llano,Aguascalientes
20335,El Puertecito,El Llano,Aguascalientes
20336,El Terremoto,El Llano,Aguascalientes
20336,Francisco Sarabia (La Reforma),El Llano,Aguascalientes
20336,Santa Rosa (El Huizache),El Llano,Aguascalientes
20336,Los Conos,El Llano,Aguascalientes
20336,Montoya,El Llano,Aguascalientes
20337,El Rosario,El Llano,Aguascalientes
20337,El Retoño,El Llano,Aguascalientes
20337,La Tinaja,El Llano,Aguascalientes
20337,San Jerónimo,El Llano,Aguascalientes
20338,El Tildío,El Llano,Aguascalientes
20338,El Chonguillo (El Chonguito),El Llano,Aguascalientes
20338,Rancho Nuevo,El Llano,Aguascalientes
20338,El Copetillo,El Llano,Aguascalientes
20338,El Copetillo (El Moquete),El Llano,Aguascalientes
20338,La Unión (La Paz),El Llano,Aguascalientes
20338,Tanque el Coyote (El Coyote),El Llano,Aguascalientes
20338,Mirasoles,El Llano,Aguascalientes
20339,San José (San José de los Rodríguez),El Llano,Aguascalientes
20339,Lomas del Refugio (La Loma),El Llano,Aguascalientes
20339,Santa Elena,El Llano,Aguascalientes
20339,Santa Clara (Las Mieleras),El Llano,Aguascalientes
20339,El Llano [CERESO],El Llano,Aguascalientes
20339,El Paraíso (Santa Rita),El Llano,Aguascalientes
20339,San Lorenzo,El Llano,Aguascalientes
20339,Granja Temixco,El Llano,Aguascalientes
20339,Santa Rita Uno (Santa Rita),El Llano,Aguascalientes
20339,La Lucita,El Llano,Aguascalientes
20339,San Ramón,El Llano,Aguascalientes
20339,San Antonio de la Rosa,El Llano,Aguascalientes
20339,La Primavera,El Llano,Aguascalientes
20339,La Calavera (Quinta de Alonso),El Llano,Aguascalientes
20339,San Agustín de los Díaz,El Llano,Aguascalientes
20340,Peñuelas (El Cienegal),Aguascalientes,Aguascalientes
20340,Cieneguilla (La Lumbrera),Aguascalientes,Aguascalientes
20340,Parque Industrial Logística Automotriz,Aguascalientes,Aguascalientes
20340,Arellano,Aguascalientes,Aguascalientes
20340,Buenavista de Peñuelas,Aguascalientes,Aguascalientes
20341,El Salto de Ojocaliente,Aguascalientes,Aguascalientes
20341,La Huerta (La Cruz),Aguascalientes,Aguascalientes
20341,El Salto de los Salado,Aguascalientes,Aguascalientes
20342,San Gerardo,Aguascalientes,Aguascalientes
20342,San Francisco,Aguascalientes,Aguascalientes
20344,Villa Licenciado Jesús Terán (Calvillito),Aguascalientes,Aguascalientes
20345,Montoro (Mesa del Salto),Aguascalientes,Aguascalientes
20346,Los Caños,Aguascalientes,Aguascalientes
20348,San Antonio de Peñuelas,Aguascalientes,Aguascalientes
20349,Aguascalientes (Lic. Jesús Terán Peredo),Aguascalientes,Aguascalientes
20350,Medio Kilo,San Francisco de los Romo,Aguascalientes
20350,Los Capricornios (La Biznaga),San Francisco de los Romo,Aguascalientes
20350,Loretito (Charco del Toro),San Francisco de los Romo,Aguascalientes
20350,Macario J Gómez,San Francisco de los Romo,Aguascalientes
20350,Rancho Seco,San Francisco de los Romo,Aguascalientes
20353,La Providencia 1,San Francisco de los Romo,Aguascalientes
20355,San Ramón,San Francisco de los Romo,Aguascalientes
20355,La Concepción,San Francisco de los Romo,Aguascalientes
20355,La Guayana,San Francisco de los Romo,Aguascalientes
20355,Urbi Villa del Vergel,San Francisco de los Romo,Aguascalientes
20355,Viñedos River,San Francisco de los Romo,Aguascalientes
20355,Parque Industrial San Francisco de los Romo,San Francisco de los Romo,Aguascalientes
20355,Paseos de la Providencia,San Francisco de los Romo,Aguascalientes
20356,Ramón Romo,San Francisco de los Romo,Aguascalientes
20356,Estación Chicalote,San Francisco de los Romo,Aguascalientes
20356,Borrotes,San Francisco de los Romo,Aguascalientes
20357,Amapolas del Río,San Francisco de los Romo,Aguascalientes
20357,Rancho Nuevo 2,San Francisco de los Romo,Aguascalientes
20357,Rancho Nuevo,San Francisco de los Romo,Aguascalientes
20357,Ojo de Agua del Mezquite,San Francisco de los Romo,Aguascalientes
20357,El Tepetate,San Francisco de los Romo,Aguascalientes
20358,La Casita,San Francisco de los Romo,Aguascalientes
20358,La Ribera,San Francisco de los Romo,Aguascalientes
20358,Puertecito de la Virgen,San Francisco de los Romo,Aguascalientes
20358,Sendero de los Quetzales,San Francisco de los Romo,Aguascalientes
20358,Ex Viñedos de Guadalupe,San Francisco de los Romo,Aguascalientes
20358,Parque Industrial Valle de Aguascalientes,San Francisco de los Romo,Aguascalientes
20358,Villas de San Felipe,San Francisco de los Romo,Aguascalientes
20363,San José de la Ordeña,Aguascalientes,Aguascalientes
20363,San Antonio de los Pedroza,Aguascalientes,Aguascalientes
20364,San Nicolás de Arriba,Aguascalientes,Aguascalientes
20364,San Nicolás de en Medio,Aguascalientes,Aguascalientes
20366,El Colorado (El Soyatal),Aguascalientes,Aguascalientes
20366,La Herrada,Aguascalientes,Aguascalientes
20366,El Conejal,Aguascalientes,Aguascalientes
20367,2 de Octubre,Aguascalientes,Aguascalientes
20367,Norias del Ojocaliente,Aguascalientes,Aguascalientes
20367,Tanque el Trigo,Aguascalientes,Aguascalientes
20367,El Rocío,Aguascalientes,Aguascalientes
20369,El Malacate,Aguascalientes,Aguascalientes
20369,Dolores,Aguascalientes,Aguascalientes
20370,Puerto de Nieto,Aguascalientes,Aguascalientes
20370,El Puerto,Aguascalientes,Aguascalientes
20371,La Cotorra,Aguascalientes,Aguascalientes
20371,Ciudad de los Niños,Aguascalientes,Aguascalientes
20372,Granjas Fátima,Aguascalientes,Aguascalientes
20372,El Niágara,Aguascalientes,Aguascalientes
20372,Cabecita 3 Marías,Aguascalientes,Aguascalientes
20373,El Salitre,Aguascalientes,Aguascalientes
20373,El Ocote,Aguascalientes,Aguascalientes
20375,El Tanque de los Jiménez,Aguascalientes,Aguascalientes
20375,El Cedazo (Cedazo de San Antonio),Aguascalientes,Aguascalientes
20375,Campestre Bosques de Las Lomas,Aguascalientes,Aguascalientes
20376,Centro de Arriba (El Taray),Aguascalientes,Aguascalientes
20377,San Pedro Cieneguilla,Aguascalientes,Aguascalientes
20377,Cieneguilla,Aguascalientes,Aguascalientes
20379,Los Dolores,Aguascalientes,Aguascalientes
20384,El Hotelito,Aguascalientes,Aguascalientes
20384,Paso Hondo,Aguascalientes,Aguascalientes
20384,Norias del Paso Hondo,Aguascalientes,Aguascalientes
20384,Norias del Paso Hondo,Aguascalientes,Aguascalientes
20385,Santa Gertrudis,Aguascalientes,Aguascalientes
20386,El Duraznillo,Aguascalientes,Aguascalientes
20386,Tanque de Guadalupe,Aguascalientes,Aguascalientes
20389,Matamoros,Aguascalientes,Aguascalientes
20389,Los Durón,Aguascalientes,Aguascalientes
20389,Soledad de Abajo,Aguascalientes,Aguascalientes
20390,Villa Campestre San José del Monte,Aguascalientes,Aguascalientes
20390,San José,Aguascalientes,Aguascalientes
20391,Ex-Hacienda de Agostaderito,Aguascalientes,Aguascalientes
20392,Parque Industrial Gigante de los Arellano,Aguascalientes,Aguascalientes
20392,Montoro,Aguascalientes,Aguascalientes
20392,Universidad Autónoma de Aguascalientes  Campus Sur,Aguascalientes,Aguascalientes
20392,Campestre el Potrerillo,Aguascalientes,Aguascalientes
20393,Parque Industrial FINSA Aguascalientes,Aguascalientes,Aguascalientes
20394,Coyotes Sur,Aguascalientes,Aguascalientes
20394,Cañada Grande de Cotorina,Aguascalientes,Aguascalientes
20395,San Bartolo,Aguascalientes,Aguascalientes
20395,Los Cuervos (Los Ojos de Agua),Aguascalientes,Aguascalientes
20396,Ex-Hacienda de Peñuelas,Aguascalientes,Aguascalientes
20396,El Refugio de Peñuelas,Aguascalientes,Aguascalientes
20399,El Turicate,Aguascalientes,Aguascalientes
20400,Rincón de Romos Centro,Rincón de Romos,Aguascalientes
20403,Norte,Rincón de Romos,Aguascalientes
20403,Villa Seguridad,Rincón de Romos,Aguascalientes
20403,Santa Elena,Rincón de Romos,Aguascalientes
20403,Desarrollo Especial La Pedrera,Rincón de Romos,Aguascalientes
20403,Subdivisión La Piedrera,Rincón de Romos,Aguascalientes
20404,Estancia de Chora,Rincón de Romos,Aguascalientes
20404,José Luis Macias,Rincón de Romos,Aguascalientes
20404,Valle del Real,Rincón de Romos,Aguascalientes
20404,Embajadores,Rincón de Romos,Aguascalientes
20404,Emperadores,Rincón de Romos,Aguascalientes
20405,El Chaveño,Rincón de Romos,Aguascalientes
20405,De Guadalupe,Rincón de Romos,Aguascalientes
20405,La Paz,Rincón de Romos,Aguascalientes
20406,Rinconada Alameda,Rincón de Romos,Aguascalientes
20406,Fraternidad,Rincón de Romos,Aguascalientes
20406,De Chora,Rincón de Romos,Aguascalientes
20406,Rinconada de las Piedras,Rincón de Romos,Aguascalientes
20406,Santa Cruz,Rincón de Romos,Aguascalientes
20406,Cerro del Gato,Rincón de Romos,Aguascalientes
20406,Lázaro Cárdenas,Rincón de Romos,Aguascalientes
20410,Magisterial II,Rincón de Romos,Aguascalientes
20410,La Mezquitera,Rincón de Romos,Aguascalientes
20410,Independencia,Rincón de Romos,Aguascalientes
20410,Santa Anita,Rincón de Romos,Aguascalientes
20410,El Potrero,Rincón de Romos,Aguascalientes
20410,Magisterial,Rincón de Romos,Aguascalientes
20414,Desarrollo Especial,Rincón de Romos,Aguascalientes
20414,Villas de Jesús,Rincón de Romos,Aguascalientes
20415,San José,Rincón de Romos,Aguascalientes
20416,Presidentes de México,Rincón de Romos,Aguascalientes
20416,Solidaridad,Rincón de Romos,Aguascalientes
20417,Popular,Rincón de Romos,Aguascalientes
20417,Miguel Hidalgo,Rincón de Romos,Aguascalientes
20420,El Saucillo,Rincón de Romos,Aguascalientes
20420,El Panal,Rincón de Romos,Aguascalientes
20420,Escaleras,Rincón de Romos,Aguascalientes
20420,La Presa,Rincón de Romos,Aguascalientes
20420,El Bajío,Rincón de Romos,Aguascalientes
20420,Mar Negro,Rincón de Romos,Aguascalientes
20420,Potrero El Tarasco,Rincón de Romos,Aguascalientes
20423,Santa Fe,Rincón de Romos,Aguascalientes
20423,Candelaria,Rincón de Romos,Aguascalientes
20424,California,Rincón de Romos,Aguascalientes
20424,Tanque Blanco,Rincón de Romos,Aguascalientes
20424,Puerta del Muerto (El 15),Rincón de Romos,Aguascalientes
20424,Yerbanis,Rincón de Romos,Aguascalientes
20425,San Jacinto,Rincón de Romos,Aguascalientes
20426,San Juan de la Natura,Rincón de Romos,Aguascalientes
20427,El Valle de las Delicias,Rincón de Romos,Aguascalientes
20427,Los Morales,Rincón de Romos,Aguascalientes
20427,16 de Septiembre,Rincón de Romos,Aguascalientes
20427,San Isidro el Labrador,Rincón de Romos,Aguascalientes
20430,La Misión,Rincón de Romos,Aguascalientes
20434,18 de Marzo,Rincón de Romos,Aguascalientes
20434,Lupita,Rincón de Romos,Aguascalientes
20435,Las Norias,Rincón de Romos,Aguascalientes
20435,El Barzón,Rincón de Romos,Aguascalientes
20435,El Salitrillo,Rincón de Romos,Aguascalientes
20436,El Milagro,Rincón de Romos,Aguascalientes
20437,Constitución,Rincón de Romos,Aguascalientes
20437,Héctor Hugo Olivares,Rincón de Romos,Aguascalientes
20437,Pabellón de Hidalgo,Rincón de Romos,Aguascalientes
20437,Estancia de Mosqueira,Rincón de Romos,Aguascalientes
20437,Lindavista,Rincón de Romos,Aguascalientes
20437,El Canal,Rincón de Romos,Aguascalientes
20440,Morelos,Rincón de Romos,Aguascalientes
20444,El Potrerillo,Rincón de Romos,Aguascalientes
20444,Túnel de Potrerillo,Rincón de Romos,Aguascalientes
20445,Las Camas,Rincón de Romos,Aguascalientes
20445,Peña Blanca,Rincón de Romos,Aguascalientes
20446,La Boquilla Grande,Rincón de Romos,Aguascalientes
20446,Los Negritos,Rincón de Romos,Aguascalientes
20447,Mirasoles,Rincón de Romos,Aguascalientes
20447,Rancho La Laguna de Piedra,Rincón de Romos,Aguascalientes
20450,La Boquilla,Rincón de Romos,Aguascalientes
20450,Fresnillo,Rincón de Romos,Aguascalientes
20454,El Ajiladero,Rincón de Romos,Aguascalientes
20456,Las Rosas,Rincón de Romos,Aguascalientes
20457,Mesa el Conejo,Rincón de Romos,Aguascalientes
20460,Cosío Centro,Cosío,Aguascalientes
20462,Luis Donaldo Colosio,Cosío,Aguascalientes
20466,Rancho El Potrerito,Cosío,Aguascalientes
20466,Villas del Potrerito,Cosío,Aguascalientes
20467,Popular,Cosío,Aguascalientes
20468,Santa Cruz,Cosío,Aguascalientes
20469,Mexiquito,Cosío,Aguascalientes
20469,Coplamar,Cosío,Aguascalientes
20469,Vista Hermosa,Cosío,Aguascalientes
20470,Soledad de Abajo [Estación de Adames],Cosío,Aguascalientes
20470,Soledad de Arriba,Cosío,Aguascalientes
20470,Zacatequillas,Cosío,Aguascalientes
20472,El Durazno,Cosío,Aguascalientes
20472,La Punta,Cosío,Aguascalientes
20472,Los Nava,Cosío,Aguascalientes
20472,El Durazno,Cosío,Aguascalientes
20472,La Esperanza (El Salerito),Cosío,Aguascalientes
20476,Guadalupito,Cosío,Aguascalientes
20476,El Salero,Cosío,Aguascalientes
20478,El Refugio de Agua Zarca,Cosío,Aguascalientes
20478,El Refugio de Providencia (Providencia),Cosío,Aguascalientes
20478,Santa María de la Paz,Cosío,Aguascalientes
20500,San José de Gracia,San José de Gracia,Aguascalientes
20501,El Jocoqui,San José de Gracia,Aguascalientes
20502,Cieneguita,San José de Gracia,Aguascalientes
20503,El Toril,San José de Gracia,Aguascalientes
20504,Santa Elena de la Cruz (Capadero),San José de Gracia,Aguascalientes
20506,Las Amarillas,San José de Gracia,Aguascalientes
20508,Tortugas,San José de Gracia,Aguascalientes
20508,Potrerillo,San José de Gracia,Aguascalientes
20510,Ciénega de Alcorcha,San José de Gracia,Aguascalientes
20516,Boca del Túnel de Potrerillo,San José de Gracia,Aguascalientes
20520,La Congoja,San José de Gracia,Aguascalientes
20525,La Campana,San José de Gracia,Aguascalientes
20530,Bajío de La Tienda,San José de Gracia,Aguascalientes
20534,El Cepo,San José de Gracia,Aguascalientes
20538,Antrialgo,San José de Gracia,Aguascalientes
20538,Sierra Hermosa (Los Alamitos),San José de Gracia,Aguascalientes
20540,Paredes,San José de Gracia,Aguascalientes
20545,San Antonio de los Ríos,San José de Gracia,Aguascalientes
20550,Santa Rosa de Lima,San José de Gracia,Aguascalientes
20560,Presa del Sáuz,San José de Gracia,Aguascalientes
20564,Rancho Viejo,San José de Gracia,Aguascalientes
20567,Potrero de los López,San José de Gracia,Aguascalientes
20570,El Tecongo,San José de Gracia,Aguascalientes
20574,Estancia de San Marcos,San José de Gracia,Aguascalientes
20576,San José [Club Náutico],San José de Gracia,Aguascalientes
20578,Paso del Sauz,San José de Gracia,Aguascalientes
20580,Guajolotes (Huijolotes),San José de Gracia,Aguascalientes
20584,Santa Rosa,San José de Gracia,Aguascalientes
20590,El Taray,San José de Gracia,Aguascalientes
20600,Tepezala Centro,Tepezalá,Aguascalientes
20602,Cholula 2a Sección,Tepezalá,Aguascalientes
20603,Del Socorro,Tepezalá,Aguascalientes
20603,Comunidad San Rafael,Tepezalá,Aguascalientes
20603,Los Arcos,Tepezalá,Aguascalientes
20604,Felipe Gonzalez González 2a Sección,Tepezalá,Aguascalientes
20604,Felipe Gonzalez González 1a Sección,Tepezalá,Aguascalientes
20605,La Cañada,Tepezalá,Aguascalientes
20607,Luis Ortega Douglas,Tepezalá,Aguascalientes
20608,Cholula 1a Sección,Tepezalá,Aguascalientes
20610,El Barranco,Tepezalá,Aguascalientes
20610,El Chayote,Tepezalá,Aguascalientes
20612,Las Pilas,Tepezalá,Aguascalientes
20613,San Rafael,Tepezalá,Aguascalientes
20614,Los Alamitos,Tepezalá,Aguascalientes
20614,Ampliación los Hornos (el Lagunazo),Tepezalá,Aguascalientes
20614,Luz de San Antonio (La Luz),Tepezalá,Aguascalientes
20615,El Porvenir,Tepezalá,Aguascalientes
20615,El Carmen,Tepezalá,Aguascalientes
20615,El Progreso (La Tira),Tepezalá,Aguascalientes
20616,San Antonio,Tepezalá,Aguascalientes
20620,Mesillas,Tepezalá,Aguascalientes
20622,Ojo de Agua de los Montes,Tepezalá,Aguascalientes
20634,La Victoria,Tepezalá,Aguascalientes
20637,El Águila,Tepezalá,Aguascalientes
20637,El Gigante,Tepezalá,Aguascalientes
20645,Reyes,Tepezalá,Aguascalientes
20645,El Zorrillo,Tepezalá,Aguascalientes
20650,Puerto de la Concepción,Tepezalá,Aguascalientes
20654,Los Hornos,Tepezalá,Aguascalientes
20656,Carboneras,Tepezalá,Aguascalientes
20656,El Refugio,Tepezalá,Aguascalientes
20657,Arroyo Hondo,Tepezalá,Aguascalientes
20658,El Tepozán,Tepezalá,Aguascalientes
20659,Caldera,Tepezalá,Aguascalientes
20663,El Refugio,Pabellón de Arteaga,Aguascalientes
20663,El Gigante,Pabellón de Arteaga,Aguascalientes
20664,Los Corrales (Los Corrales Blancos),Pabellón de Arteaga,Aguascalientes
20664,Nueva,Pabellón de Arteaga,Aguascalientes
20665,El Pilar,Pabellón de Arteaga,Aguascalientes
20665,Los Contreras,Pabellón de Arteaga,Aguascalientes
20665,San Agustín de los Puentes,Pabellón de Arteaga,Aguascalientes
20665,Emiliano Zapata,Pabellón de Arteaga,Aguascalientes
20665,El Pedernal Segundo,Pabellón de Arteaga,Aguascalientes
20666,Campestre San Carlos,Pabellón de Arteaga,Aguascalientes
20666,El Garabato,Pabellón de Arteaga,Aguascalientes
20667,Estancia de Mosqueira,Pabellón de Arteaga,Aguascalientes
20667,El Canal,Pabellón de Arteaga,Aguascalientes
20667,Santiago,Pabellón de Arteaga,Aguascalientes
20667,Canal Grande,Pabellón de Arteaga,Aguascalientes
20668,Ampliación Ejido Garabato,Pabellón de Arteaga,Aguascalientes
20668,El Pedregal,Pabellón de Arteaga,Aguascalientes
20668,San Luis de Letras,Pabellón de Arteaga,Aguascalientes
20668,El Milagro,Pabellón de Arteaga,Aguascalientes
20668,Puerta del Milagro,Pabellón de Arteaga,Aguascalientes
20668,Miguel Alemán [Secadora],Pabellón de Arteaga,Aguascalientes
20670,Zona Centro,Pabellón de Arteaga,Aguascalientes
20673,Jardines de Pabellón,Pabellón de Arteaga,Aguascalientes
20673,Barrio Industrial,Pabellón de Arteaga,Aguascalientes
20673,FOVISSSTE,Pabellón de Arteaga,Aguascalientes
20673,Subdivisión Haciendas de Pabellón,Pabellón de Arteaga,Aguascalientes
20674,Villas de Pabellón,Pabellón de Arteaga,Aguascalientes
20674,Francisco Villa,Pabellón de Arteaga,Aguascalientes
20674,Trojes de San Pedro,Pabellón de Arteaga,Aguascalientes
20675,Palo Alto,Pabellón de Arteaga,Aguascalientes
20675,Carboneras,Pabellón de Arteaga,Aguascalientes
20676,Cosmos,Pabellón de Arteaga,Aguascalientes
20676,Popular,Pabellón de Arteaga,Aguascalientes
20676,5 de Mayo,Pabellón de Arteaga,Aguascalientes
20677,Progreso Sur,Pabellón de Arteaga,Aguascalientes
20677,Plutarco Elías Calles,Pabellón de Arteaga,Aguascalientes
20678,Valle del Vivero,Pabellón de Arteaga,Aguascalientes
20678,La Quesería de Los Serna,Pabellón de Arteaga,Aguascalientes
20678,Subdivisión Villa de Guadalupe,Pabellón de Arteaga,Aguascalientes
20678,Valle del Vivero II,Pabellón de Arteaga,Aguascalientes
20678,Vergel del Valle,Pabellón de Arteaga,Aguascalientes
20678,Progreso Norte,Pabellón de Arteaga,Aguascalientes
20680,Las Ánimas,Pabellón de Arteaga,Aguascalientes
20680,Santa Isabel,Pabellón de Arteaga,Aguascalientes
20680,Estación Garabato,Pabellón de Arteaga,Aguascalientes
20680,Las Ánimas,Pabellón de Arteaga,Aguascalientes
20683,El Mezquite (Ojo de Agua del Mezquite),Pabellón de Arteaga,Aguascalientes
20683,Los Lira,Pabellón de Arteaga,Aguascalientes
20683,El Mezquite,Pabellón de Arteaga,Aguascalientes
20683,El Mezquite,Pabellón de Arteaga,Aguascalientes
20684,Ojo Zarco,Pabellón de Arteaga,Aguascalientes
20684,Ojo Zarco,Pabellón de Arteaga,Aguascalientes
20684,Ojo Zarco (La Loma),Pabellón de Arteaga,Aguascalientes
20684,El Rayo,Pabellón de Arteaga,Aguascalientes
20686,Gámez Orozco (Puerta de Carboneras),Pabellón de Arteaga,Aguascalientes
20686,San Pedro,Pabellón de Arteaga,Aguascalientes
20687,El Cerrito,Pabellón de Arteaga,Aguascalientes
20700,Guadalupe,Asientos,Aguascalientes
20700,El Rascón (La Loma),Asientos,Aguascalientes
20700,Loma Bonita,Asientos,Aguascalientes
20700,Villa Juárez,Asientos,Aguascalientes
20700,La Loma (Tanque de Las Palmitas),Asientos,Aguascalientes
20700,Aguanueva,Asientos,Aguascalientes
20700,Álamos,Asientos,Aguascalientes
20700,El Tule,Asientos,Aguascalientes
20700,La Esperanza,Asientos,Aguascalientes
20700,La Sierra,Asientos,Aguascalientes
20704,Viudas de Poniente,Asientos,Aguascalientes
20705,Charco Azul,Asientos,Aguascalientes
20708,Amarillas de Esparza,Asientos,Aguascalientes
20709,La Dichosa,Asientos,Aguascalientes
20709,Jilotepec,Asientos,Aguascalientes
20710,Asientos Centro,Asientos,Aguascalientes
20710,Santa Cruz,Asientos,Aguascalientes
20712,De Peñitas 1a Sección,Asientos,Aguascalientes
20713,Los Tepetates,Asientos,Aguascalientes
20713,Del CECYTE,Asientos,Aguascalientes
20714,De Guadalupe,Asientos,Aguascalientes
20715,Del Tepozán,Asientos,Aguascalientes
20715,INFONAVIT,Asientos,Aguascalientes
20715,Juventud,Asientos,Aguascalientes
20716,De Peñitas 2a Sección,Asientos,Aguascalientes
20717,Real Minero,Asientos,Aguascalientes
20720,Sector de Producción Número 2,Asientos,Aguascalientes
20720,San Gil,Asientos,Aguascalientes
20720,Bimbaletes Aguascalientes (El Álamo),Asientos,Aguascalientes
20720,Licenciado Adolfo López Mateos,Asientos,Aguascalientes
20720,Sociedad los Posada,Asientos,Aguascalientes
20720,Bimbaletes Atlas (Tanque de la Vieja),Asientos,Aguascalientes
20720,Alvarado,Asientos,Aguascalientes
20720,Sector de Producción Número 3,Asientos,Aguascalientes
20720,Guadalupe de Atlas,Asientos,Aguascalientes
20720,Crisóstomos,Asientos,Aguascalientes
20720,La Divina Providencia,Asientos,Aguascalientes
20721,Plutarco Elías Calles,Asientos,Aguascalientes
20722,Ciénega Grande,Asientos,Aguascalientes
20723,Jarillas,Asientos,Aguascalientes
20723,Noria del Borrego (Norias),Asientos,Aguascalientes
20724,Gómez Portugal,Asientos,Aguascalientes
20727,Pino Suárez (Rancho Viejo),Asientos,Aguascalientes
20728,Berrendos,Asientos,Aguascalientes
20729,Clavellinas,Asientos,Aguascalientes
20730,Molinos,Asientos,Aguascalientes
20732,Los Encinos,Asientos,Aguascalientes
20734,Lázaro Cárdenas,Asientos,Aguascalientes
20736,La Gloria,Asientos,Aguascalientes
20738,La Soledad,Asientos,Aguascalientes
20739,San Pedro,Asientos,Aguascalientes
20740,El Polvo,Asientos,Aguascalientes
20741,Caldera,Asientos,Aguascalientes
20741,Santuario del Tepozán,Asientos,Aguascalientes
20742,El Fénix,Asientos,Aguascalientes
20742,Charco Prieto (El Palomar),Asientos,Aguascalientes
20742,Licenciado Adolfo López Mateos,Asientos,Aguascalientes
20744,San Antonio de los Martínez,Asientos,Aguascalientes
20746,Gorriones,Asientos,Aguascalientes
20748,Ojo de Agua de Rosales,Asientos,Aguascalientes
20749,Tepetatillo,Asientos,Aguascalientes
20750,San José del Río,Asientos,Aguascalientes
20760,El Llavero,Asientos,Aguascalientes
20765,San Vicente,Asientos,Aguascalientes
20768,El Águila [Rancho],Asientos,Aguascalientes
20770,Emancipación (Borunda),Asientos,Aguascalientes
20771,Tanque Viejo,Asientos,Aguascalientes
20773,Las Adjuntas,Asientos,Aguascalientes
20773,La Tinajuela,Asientos,Aguascalientes
20775,Tanque de Guadalupe,Asientos,Aguascalientes
20777,Las Joyas,Asientos,Aguascalientes
20779,Ojo de Agua de los Sauces,Asientos,Aguascalientes
20780,San José del Tulillo,Asientos,Aguascalientes
20780,San Rafael de Ocampo,Asientos,Aguascalientes
20782,San Isidro,Asientos,Aguascalientes
20785,El Chonguillo,Asientos,Aguascalientes
20790,Francisco Villa,Asientos,Aguascalientes
20792,El Epazote,Asientos,Aguascalientes
20794,Las Fraguas,Asientos,Aguascalientes
20795,Pilotos,Asientos,Aguascalientes
20796,El Bajío de los Campos,Asientos,Aguascalientes
20796,El Salitre,Asientos,Aguascalientes
20797,Bajío del Salitre,Asientos,Aguascalientes
20799,Las Negritas,Asientos,Aguascalientes
20800,Calvillo Centro,Calvillo,Aguascalientes
20802,Vista Hermosa,Calvillo,Aguascalientes
20802,Sección Loma de Fundadores,Calvillo,Aguascalientes
20802,Las Paseras,Calvillo,Aguascalientes
20802,Independencia,Calvillo,Aguascalientes
20802,Vista Hermosa 2a. Sección,Calvillo,Aguascalientes
20802,El Mirador,Calvillo,Aguascalientes
20802,Lopez Mateos,Calvillo,Aguascalientes
20802,Sección Benito Juárez,Calvillo,Aguascalientes
20802,Sección Cerritos,Calvillo,Aguascalientes
20802,Zona Militar XIV,Calvillo,Aguascalientes
20803,San Rafael,Calvillo,Aguascalientes
20803,Rincón de Baltazares,Calvillo,Aguascalientes
20803,Lomas de Huejúcar,Calvillo,Aguascalientes
20803,San Nicolás,Calvillo,Aguascalientes
20803,José Landeros,Calvillo,Aguascalientes
20804,Magisterial,Calvillo,Aguascalientes
20804,Ejidal,Calvillo,Aguascalientes
20804,Valle de Santiago,Calvillo,Aguascalientes
20804,Los Arcos,Calvillo,Aguascalientes
20804,Arroyo de Los Caballos,Calvillo,Aguascalientes
20804,Del Carmen,Calvillo,Aguascalientes
20804,Azteca,Calvillo,Aguascalientes
20804,Liberal,Calvillo,Aguascalientes
20804,Rincón de Baltazares,Calvillo,Aguascalientes
20804,La Fortuna,Calvillo,Aguascalientes
20804,Morelos,Calvillo,Aguascalientes
20805,Valle de Huejúcar,Calvillo,Aguascalientes
20805,Cerrito Alto,Calvillo,Aguascalientes
20805,Chicago,Calvillo,Aguascalientes
20805,Las Flores,Calvillo,Aguascalientes
20805,Los Angeles,Calvillo,Aguascalientes
20805,Martinez,Calvillo,Aguascalientes
20805,Emiliano Zapata,Calvillo,Aguascalientes
20810,Palo Alto,Calvillo,Aguascalientes
20810,El Terrero de la Labor,Calvillo,Aguascalientes
20814,Terrero de Sáuz,Calvillo,Aguascalientes
20816,Las Cuevas de la Labor,Calvillo,Aguascalientes
20816,El Sauz de la Labor,Calvillo,Aguascalientes
20816,Piedras Chinas,Calvillo,Aguascalientes
20816,Las Rubias,Calvillo,Aguascalientes
20816,El Zapote de la Labor,Calvillo,Aguascalientes
20816,El Molino,Calvillo,Aguascalientes
20820,El Jagüey,Calvillo,Aguascalientes
20820,San Tadeo,Calvillo,Aguascalientes
20820,El Mirador,Calvillo,Aguascalientes
20820,Solidaridad,Calvillo,Aguascalientes
20820,Jardines de San Isidro (Colonia Limón),Calvillo,Aguascalientes
20820,Las Duraznillas,Calvillo,Aguascalientes
20824,Montoro,Calvillo,Aguascalientes
20824,El Capulín,Calvillo,Aguascalientes
20824,Los Lazos,Calvillo,Aguascalientes
20824,Los Muñoz,Calvillo,Aguascalientes
20830,Chiquihuitero (San Isidro),Calvillo,Aguascalientes
20830,Villas del Laurel,Calvillo,Aguascalientes
20830,La Panadera,Calvillo,Aguascalientes
20830,Las Víboras (Viborillas),Calvillo,Aguascalientes
20830,El Llano (El Llano de San Rafael),Calvillo,Aguascalientes
20830,Colomos,Calvillo,Aguascalientes
20832,El Maguey,Calvillo,Aguascalientes
20832,Río de Gil de Arriba,Calvillo,Aguascalientes
20832,El Sauz,Calvillo,Aguascalientes
20834,San José del Río,Calvillo,Aguascalientes
20834,Malpaso,Calvillo,Aguascalientes
20834,Catana,Calvillo,Aguascalientes
20834,Junta de los Ríos,Calvillo,Aguascalientes
20834,Potrero de los Lopez,Calvillo,Aguascalientes
20834,Río de Gil de Abajo,Calvillo,Aguascalientes
20834,Ojocaliente,Calvillo,Aguascalientes
20834,El Cuervero,Calvillo,Aguascalientes
20840,Los Mirasoles,Calvillo,Aguascalientes
20840,El Potrerito,Calvillo,Aguascalientes
20842,Las Joyas,Calvillo,Aguascalientes
20842,El Mirasol,Calvillo,Aguascalientes
20842,Los Lobos,Calvillo,Aguascalientes
20844,Chinantitlán,Calvillo,Aguascalientes
20844,Mesa de los Pozos (La Laguna),Calvillo,Aguascalientes
20844,El Laurel,Calvillo,Aguascalientes
20850,La Calixtina,Calvillo,Aguascalientes
20850,Crucero las Pilas,Calvillo,Aguascalientes
20850,Las Moras,Calvillo,Aguascalientes
20850,Pozo de los Artistas,Calvillo,Aguascalientes
20850,Mesa Grande,Calvillo,Aguascalientes
20850,El Refugio (Las Praderas),Calvillo,Aguascalientes
20850,Tepezalilla de Abajo,Calvillo,Aguascalientes
20852,Arroyo Ojocalientillo,Calvillo,Aguascalientes
20852,Los Adobes,Calvillo,Aguascalientes
20854,Ojo de Agua,Calvillo,Aguascalientes
20854,El Garruño,Calvillo,Aguascalientes
20854,Parque Industrial Calvillo,Calvillo,Aguascalientes
20854,El Taray,Calvillo,Aguascalientes
20854,Los Alisos,Calvillo,Aguascalientes
20854,El Tepetate de Abajo,Calvillo,Aguascalientes
20856,El Güencho,Calvillo,Aguascalientes
20856,Barranca del Roble,Calvillo,Aguascalientes
20856,Mesa del Roble,Calvillo,Aguascalientes
20856,Jaltiche de Arriba,Calvillo,Aguascalientes
20860,Michoacanejo,Calvillo,Aguascalientes
20860,Las Ánimas,Calvillo,Aguascalientes
20860,Las Pilas,Calvillo,Aguascalientes
20860,Cerro Blanco,Calvillo,Aguascalientes
20860,El Salitre,Calvillo,Aguascalientes
20862,La Fragua,Calvillo,Aguascalientes
20862,Las Tinajas,Calvillo,Aguascalientes
20862,La Rinconada,Calvillo,Aguascalientes
20862,La Media Luna,Calvillo,Aguascalientes
20862,Salitrillo,Calvillo,Aguascalientes
20862,Jaltiche de Abajo,Calvillo,Aguascalientes
20864,El Terrero del Refugio,Calvillo,Aguascalientes
20864,Presa de los Serna,Calvillo,Aguascalientes
20864,El Caracol,Calvillo,Aguascalientes
20870,Mezquitillos,Calvillo,Aguascalientes
20870,Los Patos,Calvillo,Aguascalientes
20870,Peña Blanca,Calvillo,Aguascalientes
20870,El Guayabo,Calvillo,Aguascalientes
20870,San José,Calvillo,Aguascalientes
20870,Santos,Calvillo,Aguascalientes
20870,El Rodeo,Calvillo,Aguascalientes
20870,El Papantón,Calvillo,Aguascalientes
20870,Vaquerías,Calvillo,Aguascalientes
20870,La Teresa,Calvillo,Aguascalientes
20872,Miguel Hidalgo (El Huarache),Calvillo,Aguascalientes
20872,Barranca de Portales,Calvillo,Aguascalientes
20872,El Tigre,Calvillo,Aguascalientes
20874,Las Trojes,Calvillo,Aguascalientes
20874,Tanque de los Serna,Calvillo,Aguascalientes
20874,El Tepalcate,Calvillo,Aguascalientes
20874,El Ocote [Banco de Tierra],Calvillo,Aguascalientes
20874,La Joya,Calvillo,Aguascalientes
20880,Presa Ordeña Vieja,Calvillo,Aguascalientes
20880,La Hiedra,Calvillo,Aguascalientes
20880,Paredes,Calvillo,Aguascalientes
20880,El Salitrillo,Calvillo,Aguascalientes
20880,Temazcal,Calvillo,Aguascalientes
20880,Ventanillas,Calvillo,Aguascalientes
20880,La Primavera,Calvillo,Aguascalientes
20880,La Labor,Calvillo,Aguascalientes
20882,La Pedrera,Calvillo,Aguascalientes
20882,El Jaralito,Calvillo,Aguascalientes
20882,El Tepozán,Calvillo,Aguascalientes
20882,Manguillas,Calvillo,Aguascalientes
20884,La Ciénega,Calvillo,Aguascalientes
20884,Presa de los Bajíos,Calvillo,Aguascalientes
20890,Puerta de Fragua (Presa la Codorniz),Calvillo,Aguascalientes
20892,La Boquilla,Calvillo,Aguascalientes
20900,Santo Domingo,Jesús María,Aguascalientes
20900,Puerta Norte,Jesús María,Aguascalientes
20900,Corral de Barrancos,Jesús María,Aguascalientes
20900,Trojes del Norte II,Jesús María,Aguascalientes
20900,La Nogalera,Jesús María,Aguascalientes
20900,Residencial Villa Campestre,Jesús María,Aguascalientes
20900,Rinconada Maravillas,Jesús María,Aguascalientes
20900,Trojes del Norte,Jesús María,Aguascalientes
20900,Valle Escondido,Jesús María,Aguascalientes
20900,Las Pérgolas,Jesús María,Aguascalientes
20900,Residencial Misión de San José,Jesús María,Aguascalientes
20900,Residencial Campestre Ingles,Jesús María,Aguascalientes
20900,Los Olivos,Jesús María,Aguascalientes
20900,Maravillas,Jesús María,Aguascalientes
20901,La Loma de Valladolid,Jesús María,Aguascalientes
20901,La Chaveña,Jesús María,Aguascalientes
20901,Las Jaulas,Jesús María,Aguascalientes
20901,El Maguey,Jesús María,Aguascalientes
20902,La Loma,Jesús María,Aguascalientes
20903,Margaritas,Jesús María,Aguascalientes
20903,La Florida,Jesús María,Aguascalientes
20903,Villas de Montecassino,Jesús María,Aguascalientes
20904,Los Ramírez,Jesús María,Aguascalientes
20904,Los Vázquez,Jesús María,Aguascalientes
20905,La Lomita de Paso Blanco (Las Canoas),Jesús María,Aguascalientes
20905,Los Arenales,Jesús María,Aguascalientes
20905,Paso Blanco,Jesús María,Aguascalientes
20905,Los Sauces,Jesús María,Aguascalientes
20905,Miravalle,Jesús María,Aguascalientes
20907,San Miguelito,Jesús María,Aguascalientes
20907,Paseos del Country,Jesús María,Aguascalientes
20907,Jardines de Campo Real,Jesús María,Aguascalientes
20907,Santa Elena,Jesús María,Aguascalientes
20907,Arboledas de Paso Blanco,Jesús María,Aguascalientes
20907,Centro Distribuidor de Básicos Viñedos San Marcos,Jesús María,Aguascalientes
20907,Viñedos Ríos (Granja Chispiritos),Jesús María,Aguascalientes
20907,Viñedos Frutilandia,Jesús María,Aguascalientes
20907,Paseos de Aguascalientes,Jesús María,Aguascalientes
20907,Residencial Campo Real,Jesús María,Aguascalientes
20908,Reserva San Cristóbal,Jesús María,Aguascalientes
20908,Belmondo,Jesús María,Aguascalientes
20908,Mayorazgo San Cristóbal,Jesús María,Aguascalientes
20908,Santa Isabel Tola,Jesús María,Aguascalientes
20908,Trojes de San Cristóbal,Jesús María,Aguascalientes
20908,Quintas de Monticello,Jesús María,Aguascalientes
20908,Privanza de Gratamira,Jesús María,Aguascalientes
20908,Catania Spazio,Jesús María,Aguascalientes
20908,Porta Real,Jesús María,Aguascalientes
20908,Residencial Cedros,Jesús María,Aguascalientes
20908,Tepetates,Jesús María,Aguascalientes
20908,Villas del Molino,Jesús María,Aguascalientes
20908,Nura,Jesús María,Aguascalientes
20908,Andares,Jesús María,Aguascalientes
20908,Residencial Marcellana,Jesús María,Aguascalientes
20908,Rinconada Cuauhtémoc,Jesús María,Aguascalientes
20908,Punta Norte,Jesús María,Aguascalientes
20908,Los Gavilanes,Jesús María,Aguascalientes
20908,Viña Antigua,Jesús María,Aguascalientes
20908,Rancho San Miguel,Jesús María,Aguascalientes
20908,Alcázar Residencial,Jesús María,Aguascalientes
20908,La Arborada,Jesús María,Aguascalientes
20908,Granja Lizzy,Jesús María,Aguascalientes
20909,Jesús Gómez Portugal (Margaritas),Jesús María,Aguascalientes
20909,Villas del Sol,Jesús María,Aguascalientes
20909,Saturnino Herran,Jesús María,Aguascalientes
20909,Paseos Gómez Portugal,Jesús María,Aguascalientes
20909,La Guayana (Rancho Seco),Jesús María,Aguascalientes
20909,Los Vázquez,Jesús María,Aguascalientes
20909,El Zapato,Jesús María,Aguascalientes
20909,Paso de Argenta,Jesús María,Aguascalientes
20909,Valle de Margaritas,Jesús María,Aguascalientes
20909,INFONAVIT Margaritas,Jesús María,Aguascalientes
20910,San Antonio de los Horcones,Jesús María,Aguascalientes
20910,Brownsville,Jesús María,Aguascalientes
20913,El Refugio,Jesús María,Aguascalientes
20913,El Cenizo,Jesús María,Aguascalientes
20913,Villas de Guadalupe (La Malobra),Jesús María,Aguascalientes
20913,El Aurero,Jesús María,Aguascalientes
20913,Valladolid,Jesús María,Aguascalientes
20914,La Granjita (Los Palillos),Jesús María,Aguascalientes
20916,El Chichimeco,Jesús María,Aguascalientes
20916,Paseos de las Haciendas,Jesús María,Aguascalientes
20916,Cartuja,Jesús María,Aguascalientes
20916,Parque Industrial Chichimeco,Jesús María,Aguascalientes
20917,Pedernal Segundo,Jesús María,Aguascalientes
20920,Jesús María Centro,Jesús María,Aguascalientes
20922,La Escalera,Jesús María,Aguascalientes
20922,Bellavista,Jesús María,Aguascalientes
20922,La Troje,Jesús María,Aguascalientes
20922,El Calvario,Jesús María,Aguascalientes
20923,Las Culebras,Jesús María,Aguascalientes
20923,Ruiseñores,Jesús María,Aguascalientes
20923,Real Campestre,Jesús María,Aguascalientes
20923,La Villa Residencial,Jesús María,Aguascalientes
20923,Flores Magón,Jesús María,Aguascalientes
20923,La Cardona,Jesús María,Aguascalientes
20923,Rinconada Jesús María,Jesús María,Aguascalientes
20923,La Cuesta,Jesús María,Aguascalientes
20923,Residencial Jesús María,Jesús María,Aguascalientes
20923,San Miguelito,Jesús María,Aguascalientes
20923,Los Álamos,Jesús María,Aguascalientes
20923,La Misión,Jesús María,Aguascalientes
20923,Los Arroyitos,Jesús María,Aguascalientes
20924,Agua Clara,Jesús María,Aguascalientes
20924,Jacarandas,Jesús María,Aguascalientes
20924,Los Manantiales,Jesús María,Aguascalientes
20924,Rancho San Pedro,Jesús María,Aguascalientes
20924,Palma Dorada,Jesús María,Aguascalientes
20924,Cielo Claro,Jesús María,Aguascalientes
20924,Deportiva,Jesús María,Aguascalientes
20924,San Miguelito,Jesús María,Aguascalientes
20925,Lomas de Jesús María,Jesús María,Aguascalientes
20925,Agua Zarca,Jesús María,Aguascalientes
20925,Vistas del Sáuz,Jesús María,Aguascalientes
20925,Benigno Chávez,Jesús María,Aguascalientes
20925,Puerta Grande,Jesús María,Aguascalientes
20926,Mirabrujas,Jesús María,Aguascalientes
20926,Lomas del Valle,Jesús María,Aguascalientes
20926,Vista Hermosa,Jesús María,Aguascalientes
20926,Misión de Santa María,Jesús María,Aguascalientes
20926,Yalta Campestre,Jesús María,Aguascalientes
20926,La Palma,Jesús María,Aguascalientes
20926,La Piedra,Jesús María,Aguascalientes
20926,Tulipanes Residencial,Jesús María,Aguascalientes
20926,Martínez Andrade,Jesús María,Aguascalientes
20926,Manantiales del Pinar,Jesús María,Aguascalientes
20926,Loma de La Cañada,Jesús María,Aguascalientes
20926,Residencial Lomas de Vergeles,Jesús María,Aguascalientes
20926,Chicahuales,Jesús María,Aguascalientes
20926,Rincón del Pilar,Jesús María,Aguascalientes
20926,Arboledas,Jesús María,Aguascalientes
20926,La Loma,Jesús María,Aguascalientes
20926,Residencial Tres Arroyos,Jesús María,Aguascalientes
20926,Solidaridad,Jesús María,Aguascalientes
20926,Rinconada Bugambilias,Jesús María,Aguascalientes
20926,La Loma,Jesús María,Aguascalientes
20927,Ampliación La Cañada,Jesús María,Aguascalientes
20927,Ayuntamiento,Jesús María,Aguascalientes
20927,La Cañada,Jesús María,Aguascalientes
20927,Ojos de Agua,Jesús María,Aguascalientes
20928,Ejidal,Jesús María,Aguascalientes
20928,Buenavista,Jesús María,Aguascalientes
20928,El Torito,Jesús María,Aguascalientes
20928,Solar de Jonacatique,Jesús María,Aguascalientes
20928,Luis Donaldo Colosio,Jesús María,Aguascalientes
20928,Las Palmas,Jesús María,Aguascalientes
20928,Plan Benito Juárez,Jesús María,Aguascalientes
20928,El Mezquital,Jesús María,Aguascalientes
20928,El Chaveño,Jesús María,Aguascalientes
20933,Unión de Ladrilleros,Jesús María,Aguascalientes
20934,San Lorenzo,Jesús María,Aguascalientes
20943,Los Muñoz,Jesús María,Aguascalientes
20943,Milpillas de Abajo,Jesús María,Aguascalientes
20945,Milpilla de Arriba,Jesús María,Aguascalientes
20947,El Zapote,Jesús María,Aguascalientes
20947,Gracias a Dios,Jesús María,Aguascalientes
20953,Cañada de Rodeo,Jesús María,Aguascalientes
20955,La Mesa del Contadero (El Contadero),Jesús María,Aguascalientes
20955,San Rafael,Jesús María,Aguascalientes
20956,Piedras Negras,Jesús María,Aguascalientes
20957,Pedernal Primero,Jesús María,Aguascalientes
20957,El Rincón de la Virgen (El Rincón),Jesús María,Aguascalientes
20957,San Isidro,Jesús María,Aguascalientes
20964,El Pensamiento,Jesús María,Aguascalientes
20970,Puente de Villalpando (El Puente),Jesús María,Aguascalientes
20970,Tapias Viejas,Jesús María,Aguascalientes
20974,Puentes Cuates,Jesús María,Aguascalientes
20983,Trojes del Pedregal,Jesús María,Aguascalientes
20983,La Troje II,Jesús María,Aguascalientes
20983,Real del Molino,Jesús María,Aguascalientes
20983,Residencial Antiguo Country,Jesús María,Aguascalientes
20983,El Llano,Jesús María,Aguascalientes
20984,Providencia,Jesús María,Aguascalientes
20986,El Conejo (Puerta del Llano),Jesús María,Aguascalientes
20990,Buenavista,Jesús María,Aguascalientes
20990,General Ignacio Zaragoza (Venadero),Jesús María,Aguascalientes
20994,La Estancia,Jesús María,Aguascalientes
20994,Cieneguitas,Jesús María,Aguascalientes
20994,La Tomatina,Jesús María,Aguascalientes
20995,Agua Zarca,Jesús María,Aguascalientes
20996,Los Arquitos,Jesús María,Aguascalientes
20996,La Primavera,Jesús María,Aguascalientes
20997,Ruscello,Jesús María,Aguascalientes
20997,El Chacho,Jesús María,Aguascalientes
20997,Q Campestre Residencial,Jesús María,Aguascalientes
