23000,Zona Central,La Paz,Baja California Sur
23006,Zona Comercial,La Paz,Baja California Sur
23007,Palacio de Gobierno del Estado de Baja California Sur,La Paz,Baja California Sur
23008,Delegación de La Secretaria de Educación Publica,La Paz,Baja California Sur
23009,Oficina Federal de Hacienda,La Paz,Baja California Sur
23010,Colina del Sol,La Paz,Baja California Sur
23010,Lomas de Palmira,La Paz,Baja California Sur
23010,Ciudad del Cielo,La Paz,Baja California Sur
23010,Agustín Olachea,La Paz,Baja California Sur
23017,Paseos del Cortes,La Paz,Baja California Sur
23018,Reforma II,La Paz,Baja California Sur
23018,Alfonso Sanchez Madariaga INFONAVIT,La Paz,Baja California Sur
23018,Pedregal del Cortes,La Paz,Baja California Sur
23018,Reforma I,La Paz,Baja California Sur
23019,Policentro Palmira,La Paz,Baja California Sur
23019,Pedregal de la Paz,La Paz,Baja California Sur
23020,Colina de La Cruz,La Paz,Baja California Sur
23020,Manuel Rivera Anaya,La Paz,Baja California Sur
23020,Esterito,La Paz,Baja California Sur
23020,Ladrillera,La Paz,Baja California Sur
23020,Guerrero,La Paz,Baja California Sur
23026,Antonio Navarro Rubio,La Paz,Baja California Sur
23026,Ampliación Antonio Navarro Rubio,La Paz,Baja California Sur
23029,Zona Militar,La Paz,Baja California Sur
23030,Lienzo Charro,La Paz,Baja California Sur
23030,Magisterial,La Paz,Baja California Sur
23030,Guadalupe Victoria,La Paz,Baja California Sur
23030,Independencia,La Paz,Baja California Sur
23030,San Pablo Guelatao,La Paz,Baja California Sur
23030,Francisco Villa,La Paz,Baja California Sur
23030,Loma Linda,La Paz,Baja California Sur
23034,Lázaro Cárdenas,La Paz,Baja California Sur
23037,Jacinto Lopez,La Paz,Baja California Sur
23038,Loma Obrera,La Paz,Baja California Sur
23038,Villas de Guadalupe,La Paz,Baja California Sur
23038,Laguna Azul,La Paz,Baja California Sur
23038,Marquez de Leon,La Paz,Baja California Sur
23038,Valle de las Vinoramas,La Paz,Baja California Sur
23038,Vista Hermosa,La Paz,Baja California Sur
23038,Ampliación Marquez de Leon,La Paz,Baja California Sur
23038,Lázaro Cárdenas,La Paz,Baja California Sur
23039,La Escondida,La Paz,Baja California Sur
23040,La Rinconada,La Paz,Baja California Sur
23040,Los Olivos,La Paz,Baja California Sur
23040,Perla,La Paz,Baja California Sur
23040,ISSSTE,La Paz,Baja California Sur
23040,Adolfo Ruiz Cortines,La Paz,Baja California Sur
23040,Petrolera,La Paz,Baja California Sur
23050,Tecnológico,La Paz,Baja California Sur
23050,Misiones de Loreto,La Paz,Baja California Sur
23050,Benito Juárez Oriente,La Paz,Baja California Sur
23050,30 de Septiembre,La Paz,Baja California Sur
23050,Bella Vista Plus,La Paz,Baja California Sur
23050,Bella Vista,La Paz,Baja California Sur
23050,Rosaura Zapata,La Paz,Baja California Sur
23050,Zona Industrial,La Paz,Baja California Sur
23050,Cruz de Piedra,La Paz,Baja California Sur
23050,El Campanario,La Paz,Baja California Sur
23050,Roma,La Paz,Baja California Sur
23050,El Carrizal,La Paz,Baja California Sur
23052,20 de Noviembre,La Paz,Baja California Sur
23054,Calafia,La Paz,Baja California Sur
23054,José María Morelos,La Paz,Baja California Sur
23054,Cihuatán (Costa Azul),La Paz,Baja California Sur
23055,Jardines del Sur,La Paz,Baja California Sur
23055,Jardines del Sur,La Paz,Baja California Sur
23056,Popular Indeco,La Paz,Baja California Sur
23056,Flores Magón,La Paz,Baja California Sur
23057,Albergue Deportivo Indeco,La Paz,Baja California Sur
23060,Inalámbrica,La Paz,Baja California Sur
23060,San Pablo,La Paz,Baja California Sur
23060,California,La Paz,Baja California Sur
23060,Lomas de Cataviña,La Paz,Baja California Sur
23060,Barrio El Manglito,La Paz,Baja California Sur
23060,Primero de Mayo,La Paz,Baja California Sur
23060,Quinta Esmeralda,La Paz,Baja California Sur
23060,Su Casa,La Paz,Baja California Sur
23060,Pueblo Nuevo,La Paz,Baja California Sur
23068,Electricista,La Paz,Baja California Sur
23069,Unidad Alta,La Paz,Baja California Sur
23070,Las Palmas,La Paz,Baja California Sur
23070,Las Grullas,La Paz,Baja California Sur
23070,INFONAVIT,La Paz,Baja California Sur
23070,Indeco,La Paz,Baja California Sur
23070,Oro Blanco,La Paz,Baja California Sur
23070,Residencial las Garzas,La Paz,Baja California Sur
23070,Unidad Indeco,La Paz,Baja California Sur
23070,Pescadores,La Paz,Baja California Sur
23070,Jardines de la Paz,La Paz,Baja California Sur
23070,Emiliano Zapata,La Paz,Baja California Sur
23075,Privada Las Garzas,La Paz,Baja California Sur
23075,3 de Mayo II,La Paz,Baja California Sur
23075,Revolución II,La Paz,Baja California Sur
23075,Revolución,La Paz,Baja California Sur
23075,Molino Harinero II,La Paz,Baja California Sur
23075,Molino Harinero,La Paz,Baja California Sur
23075,Borrego Cimarrón,La Paz,Baja California Sur
23075,3 de Mayo,La Paz,Baja California Sur
23075,Agustín Arriola,La Paz,Baja California Sur
23075,Miguel Canseco,La Paz,Baja California Sur
23075,Santa Mónica,La Paz,Baja California Sur
23075,Balandra,La Paz,Baja California Sur
23076,Los Cactus,La Paz,Baja California Sur
23076,Reforma,La Paz,Baja California Sur
23076,San Agustín,La Paz,Baja California Sur
23076,Civilizadores II,La Paz,Baja California Sur
23076,Villa Santa María,La Paz,Baja California Sur
23076,Cactus Harinera,La Paz,Baja California Sur
23076,Burocrática las Garzas,La Paz,Baja California Sur
23076,Residencial Santa Rita,La Paz,Baja California Sur
23076,Civilizadores I,La Paz,Baja California Sur
23076,Las Islas,La Paz,Baja California Sur
23076,Del Sol,La Paz,Baja California Sur
23076,Popular Garza V,La Paz,Baja California Sur
23076,Las Águilas,La Paz,Baja California Sur
23076,Las Tunas,La Paz,Baja California Sur
23077,17 de Octubre,La Paz,Baja California Sur
23078,Libertad,La Paz,Baja California Sur
23078,Embotelladores 83,La Paz,Baja California Sur
23078,Unidad Donceles 28,La Paz,Baja California Sur
23078,Clemente Guillen,La Paz,Baja California Sur
23079,Las Garzas,La Paz,Baja California Sur
23079,Prensa Radio y TV,La Paz,Baja California Sur
23079,Unidad Domingo Carballo Félix,La Paz,Baja California Sur
23079,Rio Blanco,La Paz,Baja California Sur
23080,Agropecuaria,La Paz,Baja California Sur
23080,BANOBRAS,La Paz,Baja California Sur
23080,Agua Escondida,La Paz,Baja California Sur
23080,Fuerza Aérea,La Paz,Baja California Sur
23080,Sudcalifornia,La Paz,Baja California Sur
23080,Mezquitito,La Paz,Baja California Sur
23080,Mezquitito,La Paz,Baja California Sur
23080,Santa María,La Paz,Baja California Sur
23080,"El Calandrio I, II, III",La Paz,Baja California Sur
23080,8 de Octubre 1a Sección,La Paz,Baja California Sur
23080,Rinconada el Cardonal,La Paz,Baja California Sur
23080,Universitario,La Paz,Baja California Sur
23083,San Isidro Coto Residencial,La Paz,Baja California Sur
23083,"Solidaridad Mezquitito I, II",La Paz,Baja California Sur
23083,Misiones II,La Paz,Baja California Sur
23083,Misiones,La Paz,Baja California Sur
23083,San Fernando,La Paz,Baja California Sur
23083,El Mezquitito INVI,La Paz,Baja California Sur
23084,Península Sur,La Paz,Baja California Sur
23084,Vista Dorada,La Paz,Baja California Sur
23084,El Progreso,La Paz,Baja California Sur
23084,VIVAH El Progreso,La Paz,Baja California Sur
23084,La Cañada,La Paz,Baja California Sur
23084,El Dorado,La Paz,Baja California Sur
23084,Las Palmas,La Paz,Baja California Sur
23084,Terranova,La Paz,Baja California Sur
23084,La Estancia,La Paz,Baja California Sur
23084,Diana Laura,La Paz,Baja California Sur
23084,El Palmar II,La Paz,Baja California Sur
23084,Los Tabachines,La Paz,Baja California Sur
23084,Las Californias,La Paz,Baja California Sur
23084,Valle del Mezquite,La Paz,Baja California Sur
23084,Progreso,La Paz,Baja California Sur
23085,Los Bledales,La Paz,Baja California Sur
23085,San Miguel,La Paz,Baja California Sur
23085,Leonardo Rodriguez,La Paz,Baja California Sur
23085,Calandrio,La Paz,Baja California Sur
23085,La Cima Residencial,La Paz,Baja California Sur
23085,Azul Marino,La Paz,Baja California Sur
23085,Quintas San Patricio,La Paz,Baja California Sur
23085,San Rafael,La Paz,Baja California Sur
23085,Los Álamos,La Paz,Baja California Sur
23085,Paseos del Sol,La Paz,Baja California Sur
23085,Sector U.A.B.C.S.,La Paz,Baja California Sur
23085,Rinconada las Californias,La Paz,Baja California Sur
23085,Correcaminos,La Paz,Baja California Sur
23085,El Pescador,La Paz,Baja California Sur
23085,Las Américas,La Paz,Baja California Sur
23085,Paraíso del Sol,La Paz,Baja California Sur
23085,8 de Octubre 2a Sección,La Paz,Baja California Sur
23085,Miramar,La Paz,Baja California Sur
23085,Virreyes,La Paz,Baja California Sur
23085,Villas de San Lorenzo,La Paz,Baja California Sur
23085,San Miguel II,La Paz,Baja California Sur
23085,Brisas de las Olas,La Paz,Baja California Sur
23085,Coromuel,La Paz,Baja California Sur
23085,San Carlos III,La Paz,Baja California Sur
23085,Altezza Residencial,La Paz,Baja California Sur
23085,Altamira Residencial,La Paz,Baja California Sur
23085,Villas del Encanto,La Paz,Baja California Sur
23085,Arbolares,La Paz,Baja California Sur
23085,Santa Fe,La Paz,Baja California Sur
23086,Ángel Cesar Mendoza Aramburo,La Paz,Baja California Sur
23088,I.T.R.,La Paz,Baja California Sur
23088,Arcoiris II,La Paz,Baja California Sur
23088,Arcoiris III,La Paz,Baja California Sur
23088,Cola de la Ballena,La Paz,Baja California Sur
23088,El Zacatal,La Paz,Baja California Sur
23088,La Fuente,La Paz,Baja California Sur
23088,Arcoiris,La Paz,Baja California Sur
23088,Calafia,La Paz,Baja California Sur
23088,Real del Sol,La Paz,Baja California Sur
23088,Ampliación Ayuntamiento,La Paz,Baja California Sur
23088,Ayuntamiento,La Paz,Baja California Sur
23088,Agua Clara,La Paz,Baja California Sur
23088,Del Mar Residencial,La Paz,Baja California Sur
23088,Perla del Golfo,La Paz,Baja California Sur
23088,El Camino Real,La Paz,Baja California Sur
23089,El Palmar IV,La Paz,Baja California Sur
23089,Fuerza Aérea,La Paz,Baja California Sur
23089,El Palmar I,La Paz,Baja California Sur
23089,Zona Antiguo Aeropuerto,La Paz,Baja California Sur
23089,Villas de La Paz,La Paz,Baja California Sur
23089,Los Cardones,La Paz,Baja California Sur
23089,La Pasión C,La Paz,Baja California Sur
23089,La Pitahaya,La Paz,Baja California Sur
23089,Villas del Cortes,La Paz,Baja California Sur
23089,Parque Industrial,La Paz,Baja California Sur
23089,Olas Altas,La Paz,Baja California Sur
23089,El Cardoncito,La Paz,Baja California Sur
23090,Puesta del Sol,La Paz,Baja California Sur
23090,Tulipanes,La Paz,Baja California Sur
23090,Casa Blanca,La Paz,Baja California Sur
23090,Arcos del Sol I,La Paz,Baja California Sur
23090,Capullo,La Paz,Baja California Sur
23090,Atardeceres,La Paz,Baja California Sur
23090,San José,La Paz,Baja California Sur
23090,La Esperanza,La Paz,Baja California Sur
23090,La Esperanza 3,La Paz,Baja California Sur
23090,Benito Juárez,La Paz,Baja California Sur
23090,La Esperanza 2,La Paz,Baja California Sur
23090,San Antonio El Zacatal,La Paz,Baja California Sur
23090,Marina Sol,La Paz,Baja California Sur
23090,Inalapa,La Paz,Baja California Sur
23090,San Marino,La Paz,Baja California Sur
23090,Privadas del Sol,La Paz,Baja California Sur
23090,Bugambilias,La Paz,Baja California Sur
23090,Campestre,La Paz,Baja California Sur
23090,Misión las Palmas,La Paz,Baja California Sur
23090,Los Girasoles,La Paz,Baja California Sur
23090,El Conchalito,La Paz,Baja California Sur
23090,Jardines de La Paz,La Paz,Baja California Sur
23090,Solidaridad,La Paz,Baja California Sur
23090,Arcos del Sol,La Paz,Baja California Sur
23091,Centro SCT Baja California Sur,La Paz,Baja California Sur
23094,Ballenas,La Paz,Baja California Sur
23094,Sector La Selva Fidepaz,La Paz,Baja California Sur
23094,Las Quintas,La Paz,Baja California Sur
23094,Las Flores,La Paz,Baja California Sur
23094,Los Cántaros,La Paz,Baja California Sur
23094,Los Peces,La Paz,Baja California Sur
23095,Sector Santa Rita,La Paz,Baja California Sur
23095,Nueva Puesta del Sol,La Paz,Baja California Sur
23095,Balandra Puesta del Sol,La Paz,Baja California Sur
23095,La Sirena,La Paz,Baja California Sur
23096,Guaycura,La Paz,Baja California Sur
23096,Playa de Santa Rita,La Paz,Baja California Sur
23097,Los Pericues,La Paz,Baja California Sur
23097,"Pueblo Nuevo 1, 2",La Paz,Baja California Sur
23097,Villas del Mar,La Paz,Baja California Sur
23097,Plan Hidráulico,La Paz,Baja California Sur
23097,Residencial Marina Sur,La Paz,Baja California Sur
23097,Ciudad del Recreo,La Paz,Baja California Sur
23097,Mineros (Perla ROFOMEX),La Paz,Baja California Sur
23097,Misioneros,La Paz,Baja California Sur
23098,CCC y Perla de La Paz,La Paz,Baja California Sur
23098,Garzas Agrícolas,La Paz,Baja California Sur
23098,Sector Inalapa,La Paz,Baja California Sur
23098,María Conchita,La Paz,Baja California Sur
23098,Cácaros,La Paz,Baja California Sur
23098,Azaleas,La Paz,Baja California Sur
23098,Las Garzas INFONAVIT,La Paz,Baja California Sur
23098,Las Margaritas,La Paz,Baja California Sur
23099,Santa María,La Paz,Baja California Sur
23099,Independencia,La Paz,Baja California Sur
23099,Las Arboledas,La Paz,Baja California Sur
23099,Residencial Loreto,La Paz,Baja California Sur
23099,Estrella,La Paz,Baja California Sur
23100,San Bartolo,La Paz,Baja California Sur
23100,Las Golondrinas,La Paz,Baja California Sur
23106,El Palo Verde,La Paz,Baja California Sur
23130,Santa Rita,La Paz,Baja California Sur
23133,Agua de los Coyotes,La Paz,Baja California Sur
23140,Las Ánimas,La Paz,Baja California Sur
23143,San Evaristo,La Paz,Baja California Sur
23150,Las Pocitas,La Paz,Baja California Sur
23154,La Cieneguita,La Paz,Baja California Sur
23170,San Hilario,La Paz,Baja California Sur
23200,San Antonio,La Paz,Baja California Sur
23203,Alfredo V Bonfil,La Paz,Baja California Sur
23205,Centenario,La Paz,Baja California Sur
23205,Chametla,La Paz,Baja California Sur
23205,El Centenario,La Paz,Baja California Sur
23205,Comitán,La Paz,Baja California Sur
23205,Paraíso del Mar,La Paz,Baja California Sur
23206,Agroexportadora del Noroeste,La Paz,Baja California Sur
23206,La Paz (Gral. Manuel Márquez de León),La Paz,Baja California Sur
23207,El Mezquitito,La Paz,Baja California Sur
23207,San Ramon,La Paz,Baja California Sur
23208,La Lagunita,La Paz,Baja California Sur
23208,Puerto de Pichilingue,La Paz,Baja California Sur
23208,La Fortuna,La Paz,Baja California Sur
23208,Rosarito,La Paz,Baja California Sur
23209,Las Vinoramas,La Paz,Baja California Sur
23210,El Triunfo,La Paz,Baja California Sur
23211,San Blas,La Paz,Baja California Sur
23213,El Encino,La Paz,Baja California Sur
23215,Agua Blanca,La Paz,Baja California Sur
23216,Las 3 Pachitas,La Paz,Baja California Sur
23217,El Rosario 1,La Paz,Baja California Sur
23230,Los Planes,La Paz,Baja California Sur
23230,Gral. Juan Dominguez Cota,La Paz,Baja California Sur
23232,El Sargento,La Paz,Baja California Sur
23232,La Ventana,La Paz,Baja California Sur
23232,La Cuesta,La Paz,Baja California Sur
23233,Los Divisaderos,La Paz,Baja California Sur
23234,Agua Amarga,La Paz,Baja California Sur
23234,San Pedro México,La Paz,Baja California Sur
23236,Ensenada de Muertos,La Paz,Baja California Sur
23240,San Pedro,La Paz,Baja California Sur
23241,Álvaro Obregón,La Paz,Baja California Sur
23243,El Ancón,La Paz,Baja California Sur
23244,Los Tamales,La Paz,Baja California Sur
23248,La Trinchera,La Paz,Baja California Sur
23249,Los Algodones,La Paz,Baja California Sur
23250,La Trinidad,La Paz,Baja California Sur
23250,El Carrizal,La Paz,Baja California Sur
23250,Agrícola Santa Lidia,La Paz,Baja California Sur
23251,Santa Rita,La Paz,Baja California Sur
23252,San Martin,La Paz,Baja California Sur
23253,El Palmarito 2,La Paz,Baja California Sur
23254,Cardonal,La Paz,Baja California Sur
23254,San Quintín,La Paz,Baja California Sur
23257,Santa Martha,La Paz,Baja California Sur
23258,Melitón Albañez,La Paz,Baja California Sur
23280,Santa Rosa,La Paz,Baja California Sur
23284,El Pozo,La Paz,Baja California Sur
23285,El Refugio,La Paz,Baja California Sur
23289,Buenavista,La Paz,Baja California Sur
23300,Las Quintas,La Paz,Baja California Sur
23300,Centro,La Paz,Baja California Sur
23300,San Vicente,La Paz,Baja California Sur
23300,Las Flores,La Paz,Baja California Sur
23300,Brisas del Pacifico,La Paz,Baja California Sur
23300,El Rio,La Paz,Baja California Sur
23300,San Juan,La Paz,Baja California Sur
23300,San Ignacio,La Paz,Baja California Sur
23300,El Pescadero,La Paz,Baja California Sur
23300,La Esperanza,La Paz,Baja California Sur
23302,La Matanza,La Paz,Baja California Sur
23303,El Cañón,La Paz,Baja California Sur
23303,La Vinatería,La Paz,Baja California Sur
23304,El Salto,La Paz,Baja California Sur
23306,Boca del Palmarito,La Paz,Baja California Sur
23307,Baturi,La Paz,Baja California Sur
23308,El Batequito,La Paz,Baja California Sur
23310,Pescadero,La Paz,Baja California Sur
23311,El Valle Perdido,La Paz,Baja California Sur
23312,El Pintado,La Paz,Baja California Sur
23317,San Simón,La Paz,Baja California Sur
23318,Punta Lobos,La Paz,Baja California Sur
23320,Boca del Álamo,La Paz,Baja California Sur
23321,San Angel,La Paz,Baja California Sur
23322,Santa Martha,La Paz,Baja California Sur
23328,San Bartolo Sur,La Paz,Baja California Sur
23329,Rincón de Leon,La Paz,Baja California Sur
23330,Los Barriles,La Paz,Baja California Sur
23330,Buenos Aires,La Paz,Baja California Sur
23333,El Corral Falso,La Paz,Baja California Sur
23333,El Coro,La Paz,Baja California Sur
23334,Agua de La Costa,La Paz,Baja California Sur
23334,Fraccionamiento Residencial Agua de la Costa,La Paz,Baja California Sur
23350,El Sacrificio,La Paz,Baja California Sur
23351,El Barranco,La Paz,Baja California Sur
23354,Las Tinas,La Paz,Baja California Sur
23354,Punta Pescadero,La Paz,Baja California Sur
23354,La Línea,La Paz,Baja California Sur
23360,El Refugio Sur,La Paz,Baja California Sur
23361,San Carlos,La Paz,Baja California Sur
23362,El Salado,La Paz,Baja California Sur
23363,El Palmar,La Paz,Baja California Sur
23364,San Jacinto,La Paz,Baja California Sur
23365,San Pedro de La Soledad,La Paz,Baja California Sur
23390,Plutarco Elias Calles,La Paz,Baja California Sur
23395,El Palmarito,La Paz,Baja California Sur
23400,San José del Cabo Centro,Los Cabos,Baja California Sur
23403,La Playa,Los Cabos,Baja California Sur
23403,San Vicente,Los Cabos,Baja California Sur
23403,La Choya INFONAVIT,Los Cabos,Baja California Sur
23403,La Playita,Los Cabos,Baja California Sur
23405,Lomas del Tule,Los Cabos,Baja California Sur
23405,Costa Brava,Los Cabos,Baja California Sur
23405,Miconos,Los Cabos,Baja California Sur
23405,Trailers Park,Los Cabos,Baja California Sur
23405,Magisterial,Los Cabos,Baja California Sur
23405,Cabo Real,Los Cabos,Baja California Sur
23405,Mañanitas,Los Cabos,Baja California Sur
23405,El Chamizal,Los Cabos,Baja California Sur
23405,La Joya de los Cabos,Los Cabos,Baja California Sur
23405,El Tule,Los Cabos,Baja California Sur
23405,Coral Baja,Los Cabos,Baja California Sur
23405,Zona Hotelera San José del Cabo,Los Cabos,Baja California Sur
23406,Gringos Hill,Los Cabos,Baja California Sur
23406,Lomas de La Joya,Los Cabos,Baja California Sur
23406,Cerro del Vigía,Los Cabos,Baja California Sur
23406,Palmillas,Los Cabos,Baja California Sur
23406,Villas de La Joya,Los Cabos,Baja California Sur
23406,Primero de Mayo,Los Cabos,Baja California Sur
23406,Terrazas Costa Azul,Los Cabos,Baja California Sur
23406,5 de Febrero,Los Cabos,Baja California Sur
23406,8 de Octubre,Los Cabos,Baja California Sur
23406,Club de Golf Residencial,Los Cabos,Baja California Sur
23406,Costa Azul,Los Cabos,Baja California Sur
23407,INFONAVIT Colosio,Los Cabos,Baja California Sur
23407,Rosarito,Los Cabos,Baja California Sur
23407,Animas Bajas,Los Cabos,Baja California Sur
23407,Animas Altas,Los Cabos,Baja California Sur
23407,Guaymitas,Los Cabos,Baja California Sur
23407,Rinconada La Huerta,Los Cabos,Baja California Sur
23407,El Rosarito,Los Cabos,Baja California Sur
23420,Aeropuerto,Los Cabos,Baja California Sur
23420,Santa Anita,Los Cabos,Baja California Sur
23425,Santa Catarina,Los Cabos,Baja California Sur
23426,Loma Cruz,Los Cabos,Baja California Sur
23426,Invi San José Viejo,Los Cabos,Baja California Sur
23427,El Zacatal,Los Cabos,Baja California Sur
23427,Vista Hermosa,Los Cabos,Baja California Sur
23427,Colinas San José,Los Cabos,Baja California Sur
23427,Villas de Cortez,Los Cabos,Baja California Sur
23427,Monte Bello Condominio Plus,Los Cabos,Baja California Sur
23427,Zacatal Zona Norte,Los Cabos,Baja California Sur
23428,Invi Santa Rosa,Los Cabos,Baja California Sur
23428,Santa Rosa,Los Cabos,Baja California Sur
23428,Santa Rosa,Los Cabos,Baja California Sur
23429,San José del Cabo (Los Cabos),Los Cabos,Baja California Sur
23430,Zacatal,Los Cabos,Baja California Sur
23434,Costa Dorada,Los Cabos,Baja California Sur
23434,Veredas,Los Cabos,Baja California Sur
23434,Villa Bonita,Los Cabos,Baja California Sur
23434,Pénjamo,Los Cabos,Baja California Sur
23434,Loma Bonita,Los Cabos,Baja California Sur
23434,Oasis,Los Cabos,Baja California Sur
23435,INFONAVIT,Los Cabos,Baja California Sur
23435,Las Veredas,Los Cabos,Baja California Sur
23435,FOVISSSTE las Veredas,Los Cabos,Baja California Sur
23436,Catarina,Los Cabos,Baja California Sur
23436,San Bernabe,Los Cabos,Baja California Sur
23436,Buenos Aires,Los Cabos,Baja California Sur
23437,San José Viejo,Los Cabos,Baja California Sur
23437,Las Dunas,Los Cabos,Baja California Sur
23437,El Limón,Los Cabos,Baja California Sur
23440,Jesús Castro Agundes,Los Cabos,Baja California Sur
23443,El Aguajito,Los Cabos,Baja California Sur
23443,Mauricio Castro,Los Cabos,Baja California Sur
23443,Chula Vista,Los Cabos,Baja California Sur
23444,Lomas de Rosarito,Los Cabos,Baja California Sur
23444,Lomas Residencial 1a  Etapa,Los Cabos,Baja California Sur
23444,Country del Mar,Los Cabos,Baja California Sur
23444,Pablo L Martinez,Los Cabos,Baja California Sur
23444,Monte Real Residencial,Los Cabos,Baja California Sur
23444,Lomas Residencial 2a Etapa,Los Cabos,Baja California Sur
23444,Luis Donaldo Colosio,Los Cabos,Baja California Sur
23444,Colinas Plus,Los Cabos,Baja California Sur
23445,Lomas de Guaymitas,Los Cabos,Baja California Sur
23450,Plaza Náutica,Los Cabos,Baja California Sur
23450,Modulo Turístico,Los Cabos,Baja California Sur
23450,Plaza Bonita,Los Cabos,Baja California Sur
23450,Plaza Real,Los Cabos,Baja California Sur
23450,Plaza las Glorias,Los Cabos,Baja California Sur
23450,Plaza del Marlin,Los Cabos,Baja California Sur
23450,Plaza del Sol,Los Cabos,Baja California Sur
23450,La Dársena,Los Cabos,Baja California Sur
23450,Cabo San Lucas Centro,Los Cabos,Baja California Sur
23453,El Medano,Los Cabos,Baja California Sur
23453,La Marina,Los Cabos,Baja California Sur
23453,Terrasol,Los Cabos,Baja California Sur
23453,El Pedregal,Los Cabos,Baja California Sur
23454,Residencial La Cima,Los Cabos,Baja California Sur
23454,El Tezal,Los Cabos,Baja California Sur
23454,Zona Hotelera,Los Cabos,Baja California Sur
23454,La Vista,Los Cabos,Baja California Sur
23454,Vista Bahía,Los Cabos,Baja California Sur
23454,Vistana,Los Cabos,Baja California Sur
23454,Residencial San Luciano,Los Cabos,Baja California Sur
23454,Mediterránea,Los Cabos,Baja California Sur
23454,Puerta del Mar,Los Cabos,Baja California Sur
23454,Punta Arena,Los Cabos,Baja California Sur
23454,Cumbres del Tezal,Los Cabos,Baja California Sur
23454,Residencial Maranata,Los Cabos,Baja California Sur
23454,Peña de  Horeb,Los Cabos,Baja California Sur
23454,Privanzas,Los Cabos,Baja California Sur
23455,Puesta del Sol,Los Cabos,Baja California Sur
23455,Santa Carmela,Los Cabos,Baja California Sur
23455,Cabo Bello,Los Cabos,Baja California Sur
23455,Villa Serena,Los Cabos,Baja California Sur
23455,Misiones del Cabo,Los Cabos,Baja California Sur
23455,Residencial Cabo del Sol,Los Cabos,Baja California Sur
23456,Lomas del Cabo,Los Cabos,Baja California Sur
23456,Altos de Miramar,Los Cabos,Baja California Sur
23456,Arco Iris,Los Cabos,Baja California Sur
23456,Colinas de Cabo Baja,Los Cabos,Baja California Sur
23456,Rincón de Miramar,Los Cabos,Baja California Sur
23456,Privada Perla,Los Cabos,Baja California Sur
23456,Real de Miramar,Los Cabos,Baja California Sur
23456,Bugambilias,Los Cabos,Baja California Sur
23456,Miramar,Los Cabos,Baja California Sur
23456,Balcones,Los Cabos,Baja California Sur
23456,Jazmines,Los Cabos,Baja California Sur
23456,Acuario,Los Cabos,Baja California Sur
23456,El Palmar,Los Cabos,Baja California Sur
23456,Paraíso,Los Cabos,Baja California Sur
23456,Buenos Aires,Los Cabos,Baja California Sur
23456,Quintas California,Los Cabos,Baja California Sur
23456,Bella Vista,Los Cabos,Baja California Sur
23460,La Joya,Los Cabos,Baja California Sur
23460,Tabachines,Los Cabos,Baja California Sur
23460,Arenal,Los Cabos,Baja California Sur
23460,Mariano Matamoros,Los Cabos,Baja California Sur
23462,Lagunitas,Los Cabos,Baja California Sur
23462,Leonardo Gastélum Quinta Etapa,Los Cabos,Baja California Sur
23462,Mesa Colorada III,Los Cabos,Baja California Sur
23462,Leonardo Rodríguez Gastélum,Los Cabos,Baja California Sur
23462,Paraíso del Sol,Los Cabos,Baja California Sur
23462,Mesa Colorada II,Los Cabos,Baja California Sur
23462,Mesa Colorada,Los Cabos,Baja California Sur
23463,Cabo San Lucas Country Club,Los Cabos,Baja California Sur
23467,Ventanas del Cortés,Los Cabos,Baja California Sur
23467,Desarrollo Turístico Cabo Vista,Los Cabos,Baja California Sur
23467,Artesanos,Los Cabos,Baja California Sur
23467,Casa Mexicana,Los Cabos,Baja California Sur
23467,Reyna Avalos,Los Cabos,Baja California Sur
23467,Residencial San Jerónimo,Los Cabos,Baja California Sur
23467,Residencial Puerta del Sol,Los Cabos,Baja California Sur
23467,Amalfi,Los Cabos,Baja California Sur
23467,Coto San Diego,Los Cabos,Baja California Sur
23467,Vista Real,Los Cabos,Baja California Sur
23468,INFONAVIT Viejo,Los Cabos,Baja California Sur
23468,Mariano Matamoros,Los Cabos,Baja California Sur
23469,Juárez,Los Cabos,Baja California Sur
23469,Coromuel,Los Cabos,Baja California Sur
23469,Benito Juárez,Los Cabos,Baja California Sur
23470,Ildefonso Green,Los Cabos,Baja California Sur
23470,Vía de Lerry,Los Cabos,Baja California Sur
23470,4 de Marzo,Los Cabos,Baja California Sur
23470,Lienzo Charro Centro,Los Cabos,Baja California Sur
23470,La Cruz,Los Cabos,Baja California Sur
23470,Ejidal,Los Cabos,Baja California Sur
23470,Nueva Ejidal,Los Cabos,Baja California Sur
23470,Libertad,Los Cabos,Baja California Sur
23472,Núcleo Agrario,Los Cabos,Baja California Sur
23472,4 de Marzo,Los Cabos,Baja California Sur
23472,Obrera,Los Cabos,Baja California Sur
23472,Lomas del Faro Viejo,Los Cabos,Baja California Sur
23472,Magisterial,Los Cabos,Baja California Sur
23472,Lomas Altas,Los Cabos,Baja California Sur
23473,Buena Vista,Los Cabos,Baja California Sur
23473,Jacarandas,Los Cabos,Baja California Sur
23473,Brisas del Pacifico Codepa,Los Cabos,Baja California Sur
23473,Lomas del Pacifico,Los Cabos,Baja California Sur
23473,Portales,Los Cabos,Baja California Sur
23473,Terranova,Los Cabos,Baja California Sur
23473,Reforma,Los Cabos,Baja California Sur
23473,Hojazen,Los Cabos,Baja California Sur
23473,Auroras,Los Cabos,Baja California Sur
23473,Vista Hermosa,Los Cabos,Baja California Sur
23473,Gardenias,Los Cabos,Baja California Sur
23473,Casa Blanca,Los Cabos,Baja California Sur
23473,Altamira Condominios Plus,Los Cabos,Baja California Sur
23473,Brisas del Pacifico,Los Cabos,Baja California Sur
23473,INFONAVIT Nuevo,Los Cabos,Baja California Sur
23473,Los Cangrejos,Los Cabos,Baja California Sur
23473,Altamira,Los Cabos,Baja California Sur
23473,Cerro de los Venados,Los Cabos,Baja California Sur
23474,La Esperanza,Los Cabos,Baja California Sur
23474,Jardines del Sol,Los Cabos,Baja California Sur
23474,Villas de La Joya,Los Cabos,Baja California Sur
23474,Arcos del Sol,Los Cabos,Baja California Sur
23474,Inova,Los Cabos,Baja California Sur
23475,Hemisferia,Los Cabos,Baja California Sur
23477,Tierra y Libertad,Los Cabos,Baja California Sur
23477,Progreso,Los Cabos,Baja California Sur
23477,Lomas del Valle,Los Cabos,Baja California Sur
23477,Las Palmas,Los Cabos,Baja California Sur
23477,Misiones de Santa Fe,Los Cabos,Baja California Sur
23477,El Caribe,Los Cabos,Baja California Sur
23477,Santa Fe Oro,Los Cabos,Baja California Sur
23477,Lomas del Sol,Los Cabos,Baja California Sur
23477,Magisterial Viva,Los Cabos,Baja California Sur
23477,Chulavista,Los Cabos,Baja California Sur
23477,Cabo Fierro,Los Cabos,Baja California Sur
23477,Rosa Delia,Los Cabos,Baja California Sur
23477,Celeste Residencial,Los Cabos,Baja California Sur
23477,Las Palmas,Los Cabos,Baja California Sur
23477,Residencial La Peña,Los Cabos,Baja California Sur
23478,Arcos del Sol II,Los Cabos,Baja California Sur
23478,Jardines del Sur,Los Cabos,Baja California Sur
23500,Matancitas,Los Cabos,Baja California Sur
23500,Milpillas,Los Cabos,Baja California Sur
23500,Santiago,Los Cabos,Baja California Sur
23501,El Epazote,Los Cabos,Baja California Sur
23510,Agua Caliente,Los Cabos,Baja California Sur
23520,Miraflores,Los Cabos,Baja California Sur
23522,La Palmilla,Los Cabos,Baja California Sur
23530,Caduaño,Los Cabos,Baja California Sur
23531,Boca de La Trinidad,Los Cabos,Baja California Sur
23532,El Bosque,Los Cabos,Baja California Sur
23537,Loma Encantada,Los Cabos,Baja California Sur
23537,Vista Colorada,Los Cabos,Baja California Sur
23537,Palmilla,Los Cabos,Baja California Sur
23537,La Antigua,Los Cabos,Baja California Sur
23540,San Bernabe,Los Cabos,Baja California Sur
23541,El Refugio,Los Cabos,Baja California Sur
23542,Palo Escopeta,Los Cabos,Baja California Sur
23550,San José Viejo,Los Cabos,Baja California Sur
23550,Santa Catarina,Los Cabos,Baja California Sur
23551,Los Frailes,Los Cabos,Baja California Sur
23552,Santa Rosa,Los Cabos,Baja California Sur
23560,Las Cuevas,Los Cabos,Baja California Sur
23560,El Campamento,Los Cabos,Baja California Sur
23567,Santa Cruz,Los Cabos,Baja California Sur
23570,La Rivera,Los Cabos,Baja California Sur
23572,Las Lagunas,Los Cabos,Baja California Sur
23573,Miramar,Los Cabos,Baja California Sur
23574,Cabo Pulmo,Los Cabos,Baja California Sur
23575,Las Barrancas,Los Cabos,Baja California Sur
23580,Buenavista,Los Cabos,Baja California Sur
23581,La Ballena,Los Cabos,Baja California Sur
23581,San Felipe,Los Cabos,Baja California Sur
23582,Las Casitas,Los Cabos,Baja California Sur
23585,Punta Chileno,Los Cabos,Baja California Sur
23586,El Ranchito,Los Cabos,Baja California Sur
23587,Rosarito,Los Cabos,Baja California Sur
23588,El Zacatal,Los Cabos,Baja California Sur
23590,La Candelaria,Los Cabos,Baja California Sur
23593,El Sauzal,Los Cabos,Baja California Sur
23593,Boca del Saucito,Los Cabos,Baja California Sur
23595,Buena Vista,Los Cabos,Baja California Sur
23595,Agua Escondida,Los Cabos,Baja California Sur
23597,Buenavista,Los Cabos,Baja California Sur
23600,Cerro Catedral,Comondú,Baja California Sur
23600,INVI Olivos Juan Domínguez Cota,Comondú,Baja California Sur
23600,Batequitos,Comondú,Baja California Sur
23600,Zona Centro,Comondú,Baja California Sur
23610,Las Palmas,Comondú,Baja California Sur
23620,Vargas,Comondú,Baja California Sur
23620,Renero,Comondú,Baja California Sur
23630,Los Olivos,Comondú,Baja California Sur
23631,INFONAVIT San Martín,Comondú,Baja California Sur
23640,Olímpico,Comondú,Baja California Sur
23640,El Paraíso,Comondú,Baja California Sur
23641,4 de Marzo,Comondú,Baja California Sur
23650,Lienzo Charro,Comondú,Baja California Sur
23658,Conjunto Urbano del Sur,Comondú,Baja California Sur
23658,Residencial La Hacienda,Comondú,Baja California Sur
23660,Guaycura,Comondú,Baja California Sur
23670,Los Pinos,Comondú,Baja California Sur
23670,Pueblo Nuevo,Comondú,Baja California Sur
23670,El Crucero,Comondú,Baja California Sur
23676,Pioneros,Comondú,Baja California Sur
23676,Pioneros II,Comondú,Baja California Sur
23677,Constitución,Comondú,Baja California Sur
23677,La Esperanza,Comondú,Baja California Sur
23678,Plano Oriente,Comondú,Baja California Sur
23680,Real,Comondú,Baja California Sur
23683,Paseos de Don Pelayo,Comondú,Baja California Sur
23690,San Martín,Comondú,Baja California Sur
23695,Roberto Esperon,Comondú,Baja California Sur
23696,Cecilia Madrid,Comondú,Baja California Sur
23696,El Agricultor INDECO,Comondú,Baja California Sur
23697,Magisterial,Comondú,Baja California Sur
23700,Fernando de La Toba,Comondú,Baja California Sur
23700,Ciudad Insurgentes,Comondú,Baja California Sur
23701,Buenos Aires,Comondú,Baja California Sur
23701,Las Flores,Comondú,Baja California Sur
23708,Rio Mayo,Comondú,Baja California Sur
23710,Matancitas II,Comondú,Baja California Sur
23710,Ingeniero Luis de La Peña,Comondú,Baja California Sur
23710,Matancitas I,Comondú,Baja California Sur
23710,Puerto Pdte. Adolfo Lopez Mateos Centro,Comondú,Baja California Sur
23712,La Poza de Palo,Comondú,Baja California Sur
23713,San Juan de Matancitas,Comondú,Baja California Sur
23715,Ignacio Zaragoza,Comondú,Baja California Sur
23720,Villa Hidalgo,Comondú,Baja California Sur
23721,Ramaditas,Comondú,Baja California Sur
23722,Matancitas,Comondú,Baja California Sur
23730,Benito Juárez,Comondú,Baja California Sur
23731,Providencia,Comondú,Baja California Sur
23733,Torres,Comondú,Baja California Sur
23734,Teotlan,Comondú,Baja California Sur
23736,Palo Bola,Comondú,Baja California Sur
23737,El Vallecito,Comondú,Baja California Sur
23739,Navojoa 1,Comondú,Baja California Sur
23740,Puerto San Carlos,Comondú,Baja California Sur
23743,El Ranchito,Comondú,Baja California Sur
23748,Puerto Magdalena,Comondú,Baja California Sur
23749,Puerto Alcatraz,Comondú,Baja California Sur
23750,Puerto Cortes,Comondú,Baja California Sur
23760,Ley Federal de Aguas No 5,Comondú,Baja California Sur
23766,Tepentu,Comondú,Baja California Sur
23767,Lagunita,Comondú,Baja California Sur
23770,Villa Morelos,Comondú,Baja California Sur
23771,Yaqui,Comondú,Baja California Sur
23771,El Vergel,Comondú,Baja California Sur
23773,La Arpillera,Comondú,Baja California Sur
23774,Las Delicias,Comondú,Baja California Sur
23775,"Yaquis, Lote 13",Comondú,Baja California Sur
23780,Ley Federal de Aguas No 4,Comondú,Baja California Sur
23789,Santa Teresa,Comondú,Baja California Sur
23790,Ley Federal de Aguas No 3,Comondú,Baja California Sur
23800,San Miguel de Comondú,Comondú,Baja California Sur
23801,Llano Redondo,Comondú,Baja California Sur
23802,San Hilario,Comondú,Baja California Sur
23803,San Julio,Comondú,Baja California Sur
23805,San Pedro,Comondú,Baja California Sur
23808,San Luis Gonzaga,Comondú,Baja California Sur
23810,San Isidro,Comondú,Baja California Sur
23811,El Quiñi,Comondú,Baja California Sur
23811,Cadeje,Comondú,Baja California Sur
23812,San Juanico,Comondú,Baja California Sur
23813,Paso Hondo,Comondú,Baja California Sur
23816,Los Burros,Comondú,Baja California Sur
23818,San Gregorio,Comondú,Baja California Sur
23820,El Mezquital,Comondú,Baja California Sur
23820,San José de Comondú,Comondú,Baja California Sur
23820,La Purísima,Comondú,Baja California Sur
23823,La Laguna,Comondú,Baja California Sur
23824,Ojo de Agua,Comondú,Baja California Sur
23828,Comondú Viejo,Comondú,Baja California Sur
23829,Cerro Colorado,Comondú,Baja California Sur
23830,La Poza Grande,Comondú,Baja California Sur
23832,El Pabellón,Comondú,Baja California Sur
23834,Las Barrancas,Comondú,Baja California Sur
23834,Campo Pesquero las Barrancas,Comondú,Baja California Sur
23837,San Venancio,Comondú,Baja California Sur
23838,Francisco Villa,Comondú,Baja California Sur
23840,María Auxiliadora,Comondú,Baja California Sur
23844,Jalisco,Comondú,Baja California Sur
23845,El Palo Alto,Comondú,Baja California Sur
23847,Purísima,Comondú,Baja California Sur
23851,Los Angeles,Comondú,Baja California Sur
23853,El Medano Blanco,Comondú,Baja California Sur
23854,Canelo,Comondú,Baja California Sur
23860,Ley Federal de Aguas No 2,Comondú,Baja California Sur
23870,Ley Federal de Aguas No 1,Comondú,Baja California Sur
23873,San Ignacio,Comondú,Baja California Sur
23880,Zaragoza,Loreto,Baja California Sur
23880,INFONAVIT,Loreto,Baja California Sur
23880,Centro,Loreto,Baja California Sur
23880,Exploradores,Loreto,Baja California Sur
23880,Nuevo Loreto,Loreto,Baja California Sur
23880,Misioneros,Loreto,Baja California Sur
23880,El Jaral,Loreto,Baja California Sur
23880,Obrera,Loreto,Baja California Sur
23880,Miramar,Loreto,Baja California Sur
23883,Lomas Lindas,Loreto,Baja California Sur
23883,Kilómetro 4,Loreto,Baja California Sur
23883,Chula Vista,Loreto,Baja California Sur
23883,Pent House,Loreto,Baja California Sur
23883,Vista del Carmen,Loreto,Baja California Sur
23883,Las Parras,Loreto,Baja California Sur
23883,El Bebelamar,Loreto,Baja California Sur
23883,Lomas Altas,Loreto,Baja California Sur
23883,El Pozo de los Murillo,Loreto,Baja California Sur
23884,El Cardonal,Loreto,Baja California Sur
23884,Pozo Redondo,Loreto,Baja California Sur
23884,La Morena,Loreto,Baja California Sur
23884,San Bruno,Loreto,Baja California Sur
23884,Arroyo de Leon,Loreto,Baja California Sur
23884,Monte Cabello,Loreto,Baja California Sur
23884,El Troquero,Loreto,Baja California Sur
23884,Hacienda Guadalupe,Loreto,Baja California Sur
23884,Los Bebelamas,Loreto,Baja California Sur
23884,Kilómetro 21,Loreto,Baja California Sur
23884,Buenavista,Loreto,Baja California Sur
23885,San Vicente,Loreto,Baja California Sur
23886,Naocojoa,Loreto,Baja California Sur
23887,Nopolo,Loreto,Baja California Sur
23887,El Manglito,Loreto,Baja California Sur
23887,El Rosarito,Loreto,Baja California Sur
23887,Canipole,Loreto,Baja California Sur
23887,Los Chamacos,Loreto,Baja California Sur
23887,San Nicolás,Loreto,Baja California Sur
23888,La Giganta,Loreto,Baja California Sur
23888,El Cimarrón,Loreto,Baja California Sur
23888,Lote 11,Loreto,Baja California Sur
23888,Los Búfalos,Loreto,Baja California Sur
23888,San Juan Bautista Londo,Loreto,Baja California Sur
23888,Pénjamo,Loreto,Baja California Sur
23888,Lote 2a,Loreto,Baja California Sur
23888,Santa Rosa,Loreto,Baja California Sur
23888,El Imposible,Loreto,Baja California Sur
23888,Rancho el 47,Loreto,Baja California Sur
23888,Lote 3a,Loreto,Baja California Sur
23888,San Pedro,Loreto,Baja California Sur
23888,El Descanso,Loreto,Baja California Sur
23888,Lote 10,Loreto,Baja California Sur
23888,Lote 67,Loreto,Baja California Sur
23889,Loreto (Loreto),Loreto,Baja California Sur
23890,El Sauzalito,Loreto,Baja California Sur
23890,El Picacho,Loreto,Baja California Sur
23890,Rancho Viejo,Loreto,Baja California Sur
23890,Santa Isabel,Loreto,Baja California Sur
23890,Chula Vista,Loreto,Baja California Sur
23890,La Calera,Loreto,Baja California Sur
23890,El Palo Chino,Loreto,Baja California Sur
23890,San Guillermo,Loreto,Baja California Sur
23890,El Horno,Loreto,Baja California Sur
23893,El Belén,Loreto,Baja California Sur
23893,El Aguaje,Loreto,Baja California Sur
23893,Agua Escondida,Loreto,Baja California Sur
23893,Santa Rosa,Loreto,Baja California Sur
23893,El Pasito,Loreto,Baja California Sur
23893,San Angel,Loreto,Baja California Sur
23893,San Javier,Loreto,Baja California Sur
23893,El Segundo Paso,Loreto,Baja California Sur
23893,Los Corrales,Loreto,Baja California Sur
23893,Rancho Nuevo,Loreto,Baja California Sur
23893,Poza Gonzalez,Loreto,Baja California Sur
23893,La Higuera,Loreto,Baja California Sur
23893,El Peloteado,Loreto,Baja California Sur
23893,La Presa,Loreto,Baja California Sur
23893,El Púa,Loreto,Baja California Sur
23893,Agua Bonita,Loreto,Baja California Sur
23893,La Fortuna,Loreto,Baja California Sur
23893,Los Dolores,Loreto,Baja California Sur
23894,Puerto Escondido,Loreto,Baja California Sur
23894,Incha,Loreto,Baja California Sur
23894,Juncalito,Loreto,Baja California Sur
23894,Restaurant Vista Al Mar,Loreto,Baja California Sur
23894,El Saucito,Loreto,Baja California Sur
23895,El Palmarcito,Loreto,Baja California Sur
23895,Los Algodones,Loreto,Baja California Sur
23895,San Lucas,Loreto,Baja California Sur
23895,El Mezquite,Loreto,Baja California Sur
23895,El Edén,Loreto,Baja California Sur
23895,La Angostura,Loreto,Baja California Sur
23895,Ligui,Loreto,Baja California Sur
23895,El Palo Blanco,Loreto,Baja California Sur
23895,Ensenada Blanca,Loreto,Baja California Sur
23895,Poza Teresa,Loreto,Baja California Sur
23895,Vuelta del Cerro,Loreto,Baja California Sur
23895,Santa Inés,Loreto,Baja California Sur
23895,La Altagracia,Loreto,Baja California Sur
23896,El Huatamote,Loreto,Baja California Sur
23896,Puerta de La Engañosa,Loreto,Baja California Sur
23896,El Gacho,Loreto,Baja California Sur
23896,Poza Seca,Loreto,Baja California Sur
23896,Santa Cruz,Loreto,Baja California Sur
23896,La Engañosa,Loreto,Baja California Sur
23896,Paso de Santa Cruz,Loreto,Baja California Sur
23896,San Cosme,Loreto,Baja California Sur
23896,San Enrique,Loreto,Baja California Sur
23896,Agua Amarga,Loreto,Baja California Sur
23896,Los Sestiaderos,Loreto,Baja California Sur
23896,La Puerta,Loreto,Baja California Sur
23896,Rancho Viejo,Loreto,Baja California Sur
23896,El Carrizalito,Loreto,Baja California Sur
23896,Los Corrales,Loreto,Baja California Sur
23896,El Divisadero,Loreto,Baja California Sur
23896,La Cruz,Loreto,Baja California Sur
23896,Ultima Agua,Loreto,Baja California Sur
23896,Poza Verde,Loreto,Baja California Sur
23896,El Caracol,Loreto,Baja California Sur
23897,San Antonio de La Higuera,Loreto,Baja California Sur
23897,El Tulillo,Loreto,Baja California Sur
23897,Agua Verde,Loreto,Baja California Sur
23897,Puerto Agua Verde,Loreto,Baja California Sur
23898,Santa Martha,Loreto,Baja California Sur
23898,El Carrizalito,Loreto,Baja California Sur
23898,Timbabichi,Loreto,Baja California Sur
23898,San Carlos,Loreto,Baja California Sur
23899,Santo Domingo,Loreto,Baja California Sur
23900,Heroica Mulegé Centro,Mulegé,Baja California Sur
23900,El Rebaje,Mulegé,Baja California Sur
23900,Ranchería,Mulegé,Baja California Sur
23900,Loma Azul,Mulegé,Baja California Sur
23900,Punta de Agua,Mulegé,Baja California Sur
23900,Tinajitas,Mulegé,Baja California Sur
23900,El Ranchito,Mulegé,Baja California Sur
23900,El Cacheno,Mulegé,Baja California Sur
23900,Cananea,Mulegé,Baja California Sur
23900,La Calera,Mulegé,Baja California Sur
23900,Benavides,Mulegé,Baja California Sur
23900,Buenos Aires,Mulegé,Baja California Sur
23902,El Potrero,Mulegé,Baja California Sur
23903,El Coyote,Mulegé,Baja California Sur
23904,San Ignacio 2,Mulegé,Baja California Sur
23904,San Nicolás,Mulegé,Baja California Sur
23910,Isla San Marcos,Mulegé,Baja California Sur
23910,San Bruno,Mulegé,Baja California Sur
23911,San José de Magdalena,Mulegé,Baja California Sur
23911,San Lucas,Mulegé,Baja California Sur
23911,Santa Águeda,Mulegé,Baja California Sur
23912,Las Cuevitas,Mulegé,Baja California Sur
23912,El Perdido,Mulegé,Baja California Sur
23912,San Isidro,Mulegé,Baja California Sur
23913,Santa Isabel del Boleo,Mulegé,Baja California Sur
23914,San Juan,Mulegé,Baja California Sur
23914,Las Tunas,Mulegé,Baja California Sur
23915,La Angostura,Mulegé,Baja California Sur
23916,San Bartolo,Mulegé,Baja California Sur
23916,El Dátil,Mulegé,Baja California Sur
23917,Jesús María,Mulegé,Baja California Sur
23920,Canastilla,Mulegé,Baja California Sur
23920,Canadá,Mulegé,Baja California Sur
23920,Costa Azul,Mulegé,Baja California Sur
23920,La Villita,Mulegé,Baja California Sur
23920,Ranchería,Mulegé,Baja California Sur
23920,El Retiro,Mulegé,Baja California Sur
23920,Magisterial,Mulegé,Baja California Sur
23920,Centro,Mulegé,Baja California Sur
23920,Mesa México,Mulegé,Baja California Sur
23920,Hidalgo,Mulegé,Baja California Sur
23920,Cuauhtémoc,Mulegé,Baja California Sur
23920,Nivel 50,Mulegé,Baja California Sur
23920,Nueva Santa Rosalía,Mulegé,Baja California Sur
23920,Bellavista,Mulegé,Baja California Sur
23920,Mesa Francia,Mulegé,Baja California Sur
23920,SARH,Mulegé,Baja California Sur
23921,Santa María,Mulegé,Baja California Sur
23922,El Ranchito,Mulegé,Baja California Sur
23923,Lic Alfredo V Bonfil,Mulegé,Baja California Sur
23924,San Lino (paredones),Mulegé,Baja California Sur
23926,San Sebastián,Mulegé,Baja California Sur
23929,Laguna de San Ignacio,Mulegé,Baja California Sur
23930,Guamúchil,Mulegé,Baja California Sur
23930,Pueblo Nuevo,Mulegé,Baja California Sur
23930,Chula Vista,Mulegé,Baja California Sur
23930,San Ignacio Centro,Mulegé,Baja California Sur
23934,San Benito,Mulegé,Baja California Sur
23935,Gustavo Diaz Ordaz (Vizcaíno),Mulegé,Baja California Sur
23935,Vizcaíno,Mulegé,Baja California Sur
23936,El Silencio,Mulegé,Baja California Sur
23936,Emiliano Zapata,Mulegé,Baja California Sur
23938,Leonel Cota Montaño,Mulegé,Baja California Sur
23938,Villa Alberto Alvarado Aramburo,Mulegé,Baja California Sur
23938,Magisterial,Mulegé,Baja California Sur
23938,Elizabeth,Mulegé,Baja California Sur
23938,Nueva Oaxaca,Mulegé,Baja California Sur
23938,Benito Juárez,Mulegé,Baja California Sur
23938,Triky,Mulegé,Baja California Sur
23940,El Dominó,Mulegé,Baja California Sur
23940,Solidaridad,Mulegé,Baja California Sur
23940,Laguneros,Mulegé,Baja California Sur
23940,Profesor Marcelo Rubio,Mulegé,Baja California Sur
23940,Estado 30,Mulegé,Baja California Sur
23940,Sector Caligas,Mulegé,Baja California Sur
23940,Loma Bonita,Mulegé,Baja California Sur
23940,Nuevo INFONAVIT,Mulegé,Baja California Sur
23940,INFONAVIT,Mulegé,Baja California Sur
23940,FOVISSSTE,Mulegé,Baja California Sur
23940,Guerrero Negro Centro,Mulegé,Baja California Sur
23940,Libertad,Mulegé,Baja California Sur
23944,Benito Juárez,Mulegé,Baja California Sur
23945,El Arco,Mulegé,Baja California Sur
23948,Gustavo Diaz Ordaz II Etapa (rancho La Joya),Mulegé,Baja California Sur
23949,Francisco J Mújica,Mulegé,Baja California Sur
23950,Bahía Tortugas Sur,Mulegé,Baja California Sur
23951,Isla Natividad,Mulegé,Baja California Sur
23952,Punta Eugenia,Mulegé,Baja California Sur
23959,San José de Castro,Mulegé,Baja California Sur
23960,Bahía Asunción,Mulegé,Baja California Sur
23969,San Roque,Mulegé,Baja California Sur
23970,Punta Abreojos,Mulegé,Baja California Sur
23971,Punta Prieta,Mulegé,Baja California Sur
23972,San Hipólito Bahía,Mulegé,Baja California Sur
23973,La Bocana,Mulegé,Baja California Sur
23975,Las Margaritas (el Piloto),Mulegé,Baja California Sur
23980,Guadalupe,Mulegé,Baja California Sur
23983,Guillermo Prieto,Mulegé,Baja California Sur
23988,San Francisco de la Sierra,Mulegé,Baja California Sur
23990,El Carricito,Mulegé,Baja California Sur
23995,Los Angeles,Mulegé,Baja California Sur
23997,El Mezquital 1,Mulegé,Baja California Sur
