62000,Cuernavaca Centro,Cuernavaca,Morelos
62008,Secretaria de Hacienda y Crédito Publico,Cuernavaca,Morelos
62009,Palacio de Gobierno del Estado de Morelos,Cuernavaca,Morelos
62010,Las Piletas,Cuernavaca,Morelos
62010,Altavista,Cuernavaca,Morelos
62017,Margarita Maza de Juárez,Cuernavaca,Morelos
62018,Altavista Barrancas,Cuernavaca,Morelos
62019,Provinciana,Cuernavaca,Morelos
62019,Loma Hermosa,Cuernavaca,Morelos
62019,Plan de Ayala Barrancas,Cuernavaca,Morelos
62019,Tepeyehualco,Cuernavaca,Morelos
62020,José López Portillo,Cuernavaca,Morelos
62020,Lomas de San Antón,Cuernavaca,Morelos
62020,Las Terrazas,Cuernavaca,Morelos
62020,Sacatierra,Cuernavaca,Morelos
62020,San Antón,Cuernavaca,Morelos
62020,Ampliación Sacatierra,Cuernavaca,Morelos
62028,Nueva Santa María,Cuernavaca,Morelos
62028,Santa Fe,Cuernavaca,Morelos
62029,Chulavista,Cuernavaca,Morelos
62030,Club de Golf,Cuernavaca,Morelos
62037,La Unión,Cuernavaca,Morelos
62037,Benito Juárez (Lagunilla),Cuernavaca,Morelos
62037,Jardines del Edén,Cuernavaca,Morelos
62038,Lagunillas Barrancas,Cuernavaca,Morelos
62039,Lagunilla del Salto,Cuernavaca,Morelos
62040,Miguel Hidalgo,Cuernavaca,Morelos
62050,Las Palmas,Cuernavaca,Morelos
62050,Benito Juárez (Centro),Cuernavaca,Morelos
62057,Pilares,Cuernavaca,Morelos
62059,Bondies,Cuernavaca,Morelos
62060,Quintana Roo,Cuernavaca,Morelos
62070,Mina Cinco,Cuernavaca,Morelos
62070,Chipitlán,Cuernavaca,Morelos
62076,El Polvorín,Cuernavaca,Morelos
62076,Adolfo López Mateos (Polvorín),Cuernavaca,Morelos
62076,Bosques de Palmira,Cuernavaca,Morelos
62080,Lázaro Cárdenas,Cuernavaca,Morelos
62080,Loma Bonita,Cuernavaca,Morelos
62083,Lázaro Cárdenas 1ra. Ampliación,Cuernavaca,Morelos
62083,Lázaro Cárdenas 2da. Ampliación,Cuernavaca,Morelos
62084,La Parota,Cuernavaca,Morelos
62100,Santa María Ahuacatitlán,Cuernavaca,Morelos
62103,Santa Elena de La Cruz,Cuernavaca,Morelos
62115,Ocotera,Cuernavaca,Morelos
62115,Loma Bonita,Cuernavaca,Morelos
62115,Independencia,Cuernavaca,Morelos
62115,La Caminera,Cuernavaca,Morelos
62115,Adolfo López Mateos,Cuernavaca,Morelos
62116,Tepuente,Cuernavaca,Morelos
62116,Valle Tepuente,Cuernavaca,Morelos
62116,Balcones de Tepuente,Cuernavaca,Morelos
62116,Paraje de Tepuente,Cuernavaca,Morelos
62116,Cabañas del Valle,Cuernavaca,Morelos
62116,Cruz de La Misión,Cuernavaca,Morelos
62116,Mirador Universidad,Cuernavaca,Morelos
62117,Provincias de Jerusalén,Cuernavaca,Morelos
62120,Rancho Cortes,Cuernavaca,Morelos
62120,El Monasterio,Cuernavaca,Morelos
62123,Ocotitla,Cuernavaca,Morelos
62130,Real de Tetela,Cuernavaca,Morelos
62130,Jardines de Ahuatlán,Cuernavaca,Morelos
62130,Buenavista,Cuernavaca,Morelos
62130,Terrazas Ahuatlán,Cuernavaca,Morelos
62130,Ahuatlán Tzompantle,Cuernavaca,Morelos
62130,Lomas de Ahuatlán,Cuernavaca,Morelos
62130,Tetela del Monte,Cuernavaca,Morelos
62133,Los Tepetates,Cuernavaca,Morelos
62136,Jardín Tetela,Cuernavaca,Morelos
62137,Lienzo El Charro,Cuernavaca,Morelos
62137,La Mojonera,Cuernavaca,Morelos
62139,Loma Linda,Cuernavaca,Morelos
62140,Bellavista,Cuernavaca,Morelos
62143,Zona Militar,Cuernavaca,Morelos
62144,Trevi I,Cuernavaca,Morelos
62144,Condominios Bugambilias,Cuernavaca,Morelos
62144,El Ángel,Cuernavaca,Morelos
62144,Trevi II,Cuernavaca,Morelos
62144,Trevi III,Cuernavaca,Morelos
62145,Lomas de La Selva Norte,Cuernavaca,Morelos
62145,Conjunto Colorines,Cuernavaca,Morelos
62150,Del Bosque,Cuernavaca,Morelos
62153,Club Felicidad,Cuernavaca,Morelos
62154,Lomas del Pinar,Cuernavaca,Morelos
62156,Lomas de Tetela,Cuernavaca,Morelos
62157,Lomas de Zompantle,Cuernavaca,Morelos
62159,Adolfo Ruiz Cortines,Cuernavaca,Morelos
62160,Hacienda Tetela,Cuernavaca,Morelos
62160,Rancho Tetela,Cuernavaca,Morelos
62160,La Cañada,Cuernavaca,Morelos
62163,La Tranca,Cuernavaca,Morelos
62163,Loma Sol,Cuernavaca,Morelos
62164,Tzompantle Norte,Cuernavaca,Morelos
62165,Lomas de Coyuca,Cuernavaca,Morelos
62165,Tonintana,Cuernavaca,Morelos
62166,Analco,Cuernavaca,Morelos
62170,Jiquilpan,Cuernavaca,Morelos
62170,La Pradera,Cuernavaca,Morelos
62170,Tlaltenango,Cuernavaca,Morelos
62173,Jardines de Tlaltenango,Cuernavaca,Morelos
62175,Lomas de La Pradera,Cuernavaca,Morelos
62179,San Jerónimo,Cuernavaca,Morelos
62180,Minas de Atzingo,Cuernavaca,Morelos
62180,Lomas de Atzingo,Cuernavaca,Morelos
62180,Plan de Ayala,Cuernavaca,Morelos
62180,El Tecolote,Cuernavaca,Morelos
62190,La Carolina,Cuernavaca,Morelos
62193,La Esperanza,Cuernavaca,Morelos
62200,Insurgentes,Cuernavaca,Morelos
62200,Cuauhtémoc,Cuernavaca,Morelos
62203,Salvador Elizarragaz,Cuernavaca,Morelos
62203,El Ocote,Cuernavaca,Morelos
62203,Tehuiztitlán,Cuernavaca,Morelos
62204,Tlahuica,Cuernavaca,Morelos
62205,Los Ciruelos,Cuernavaca,Morelos
62209,Universidad Autónoma del Estado de Morelos,Cuernavaca,Morelos
62210,Los Aguacates,Cuernavaca,Morelos
62210,Morelos,Cuernavaca,Morelos
62210,Chamilpa,Cuernavaca,Morelos
62214,Benito Juárez (Chamilpa),Cuernavaca,Morelos
62214,Brisas de Cuernavaca,Cuernavaca,Morelos
62214,Buenaventura,Cuernavaca,Morelos
62214,Hermanos Rodríguez (Suterm),Cuernavaca,Morelos
62214,Ampliación Chamilpa,Cuernavaca,Morelos
62215,Veranda,Cuernavaca,Morelos
62215,Blanca Universidad,Cuernavaca,Morelos
62215,Blanca Universidad,Cuernavaca,Morelos
62215,Universidad,Cuernavaca,Morelos
62215,Río Balsas,Cuernavaca,Morelos
62217,Lomas de Chamilpa 2a Secc.,Cuernavaca,Morelos
62218,Lomas de Chamilpa,Cuernavaca,Morelos
62219,Centro SCT Morelos,Cuernavaca,Morelos
62220,Ocotepec,Cuernavaca,Morelos
62226,Texcaltepec,Cuernavaca,Morelos
62227,Ampliación Ocotepec,Cuernavaca,Morelos
62228,Conjunto Aries,Cuernavaca,Morelos
62228,Ampliación Emiliano Zapata,Cuernavaca,Morelos
62229,Nogales,Cuernavaca,Morelos
62230,Maravillas,Cuernavaca,Morelos
62230,San Cristóbal,Cuernavaca,Morelos
62233,La Paloma,Cuernavaca,Morelos
62233,Tlaltepexco,Cuernavaca,Morelos
62237,Los Faroles,Cuernavaca,Morelos
62239,Prados de Cuernavaca,Cuernavaca,Morelos
62240,Versalles,Cuernavaca,Morelos
62240,Lomas de Cortes,Cuernavaca,Morelos
62240,Rincón del Valle,Cuernavaca,Morelos
62243,San Salvador,Cuernavaca,Morelos
62243,El Veladero,Cuernavaca,Morelos
62245,Recursos Hidráulicos,Cuernavaca,Morelos
62247,Lomas de Cortes INFONAVIT,Cuernavaca,Morelos
62248,Lomas del Conde,Cuernavaca,Morelos
62248,Lomas de Cortes,Cuernavaca,Morelos
62248,Residencial las Flores,Cuernavaca,Morelos
62249,Ixtacpan (Zigapan),Cuernavaca,Morelos
62249,Tecomulco,Cuernavaca,Morelos
62250,Base Tranquilidad,Cuernavaca,Morelos
62250,Del Empleado,Cuernavaca,Morelos
62250,Tezontepec,Cuernavaca,Morelos
62253,Pilancón,Cuernavaca,Morelos
62253,Lomas de La Selva Oriente,Cuernavaca,Morelos
62260,Reforma,Cuernavaca,Morelos
62269,Jardines de Reforma,Cuernavaca,Morelos
62269,Valle Sol,Cuernavaca,Morelos
62270,Lomas de La Selva,Cuernavaca,Morelos
62270,Lomas de Miraval,Cuernavaca,Morelos
62270,Miraval,Cuernavaca,Morelos
62280,Gualupita,Cuernavaca,Morelos
62283,La Estación,Cuernavaca,Morelos
62284,Teopanzolco,Cuernavaca,Morelos
62285,Patios de la Estación,Cuernavaca,Morelos
62290,Vista Hermosa,Cuernavaca,Morelos
62293,La Fuente,Cuernavaca,Morelos
62293,Lomas de Vista Hermosa,Cuernavaca,Morelos
62294,Providencia,Cuernavaca,Morelos
62294,Federación,Cuernavaca,Morelos
62294,Ahuehuetitla,Cuernavaca,Morelos
62294,Tlalquiltompan,Cuernavaca,Morelos
62295,Extensión Vista Hermosa,Cuernavaca,Morelos
62296,Extensión Delicias,Cuernavaca,Morelos
62300,Ahuatepec,Cuernavaca,Morelos
62303,Lomas de La Herradura,Cuernavaca,Morelos
62304,Los Limoneros,Cuernavaca,Morelos
62304,El Mirador,Cuernavaca,Morelos
62304,Gloria Almada de Bejarano,Cuernavaca,Morelos
62304,San Isidro Loma Bonita,Cuernavaca,Morelos
62305,Jardines de Ahuatepec,Cuernavaca,Morelos
62305,Ampliación los Ramos,Cuernavaca,Morelos
62305,Tepepan,Cuernavaca,Morelos
62306,Rodolfo López de Nava,Cuernavaca,Morelos
62306,La Herradura,Cuernavaca,Morelos
62306,Villa Santiago,Cuernavaca,Morelos
62306,Jubilados y Pencionados,Cuernavaca,Morelos
62306,Cruz de la Curva,Cuernavaca,Morelos
62306,Residencial Vista Alta,Cuernavaca,Morelos
62309,Paraje Alarcón,Cuernavaca,Morelos
62320,Antonio Barona Centro,Cuernavaca,Morelos
62323,Papayos,Cuernavaca,Morelos
62323,México Lindo,Cuernavaca,Morelos
62323,Tierra Colorada,Cuernavaca,Morelos
62324,Cerritos de García,Cuernavaca,Morelos
62324,Ampliación la Cañada,Cuernavaca,Morelos
62324,Cerritos de García los Cizos,Cuernavaca,Morelos
62324,Unidad Deportiva,Cuernavaca,Morelos
62324,El Universo,Cuernavaca,Morelos
62324,Lomas de Ahuatepec,Cuernavaca,Morelos
62324,Vista Real Ahuatepec,Cuernavaca,Morelos
62324,Las Flores,Cuernavaca,Morelos
62324,La Cañada,Cuernavaca,Morelos
62325,Rancho Alegre,Cuernavaca,Morelos
62325,Lomas Verdes de Ahuatepec,Cuernavaca,Morelos
62325,Bosques de la Florida,Cuernavaca,Morelos
62325,El Copalito,Cuernavaca,Morelos
62326,San Antonio del Jagüey,Cuernavaca,Morelos
62326,Cerritos,Cuernavaca,Morelos
62326,Paraíso,Cuernavaca,Morelos
62326,Paraíso Montessori,Cuernavaca,Morelos
62326,Los Guayabos,Cuernavaca,Morelos
62326,Jardines de Zoquipa,Cuernavaca,Morelos
62326,Tlaltecuáhuitl,Cuernavaca,Morelos
62328,Antonio Barona 3a Secc.,Cuernavaca,Morelos
62329,Antonio Barona 1a Secc.,Cuernavaca,Morelos
62329,Antonio Barona 2a Secc.,Cuernavaca,Morelos
62330,Delicias,Cuernavaca,Morelos
62330,Conjunto Paraíso,Cuernavaca,Morelos
62330,Residencial Primavera,Cuernavaca,Morelos
62334,Amate Redondo,Cuernavaca,Morelos
62335,Rinconada Vista Hermosa,Cuernavaca,Morelos
62340,Bello Horizonte,Cuernavaca,Morelos
62340,Lomas de Cortes Oriente,Cuernavaca,Morelos
62340,Bosques de Cuernavaca,Cuernavaca,Morelos
62340,Loma Bonita,Cuernavaca,Morelos
62343,Jardines de Delicias,Cuernavaca,Morelos
62343,Provincias del Canadá,Cuernavaca,Morelos
62343,San Jerónimo Ahuatepec,Cuernavaca,Morelos
62343,El Mascareño,Cuernavaca,Morelos
62345,Rinconada Florida,Cuernavaca,Morelos
62350,Lomas del Mirador,Cuernavaca,Morelos
62350,Los Volcanes,Cuernavaca,Morelos
62350,Teopanzolco,Cuernavaca,Morelos
62360,Chapultepec,Cuernavaca,Morelos
62360,Jardines de Cuernavaca,Cuernavaca,Morelos
62363,La Estrella,Cuernavaca,Morelos
62363,Cuatro Estaciones,Cuernavaca,Morelos
62370,Ricardo Flores Magón,Cuernavaca,Morelos
62373,Flores Magón 2a Fracción,Cuernavaca,Morelos
62374,Villas Deportivas,Cuernavaca,Morelos
62374,Villas del Lago,Cuernavaca,Morelos
62375,Puerta del Sol,Cuernavaca,Morelos
62376,Flores Magón 1a Fracción,Cuernavaca,Morelos
62380,Zodiaco,Cuernavaca,Morelos
62382,Joyas de los Jilgueros,Cuernavaca,Morelos
62384,Mártires de Río Blanco,Cuernavaca,Morelos
62384,Flores Magón 3a Fracción,Cuernavaca,Morelos
62385,Ramón Hernandez Navarro,Cuernavaca,Morelos
62385,Flores Magón 5a Fracción,Cuernavaca,Morelos
62387,Santa Martha Ahuatepec,Cuernavaca,Morelos
62387,Milpillas,Cuernavaca,Morelos
62387,Ampliación Santa Martha,Cuernavaca,Morelos
62388,Los Tulipanes,Cuernavaca,Morelos
62389,Morelos,Cuernavaca,Morelos
62390,Revolución,Cuernavaca,Morelos
62398,Ciudad Chapultepec,Cuernavaca,Morelos
62399,Ciudad Chapultepec,Cuernavaca,Morelos
62400,El Vergel,Cuernavaca,Morelos
62409,Santa Veracruz,Cuernavaca,Morelos
62410,Amatitlán,Cuernavaca,Morelos
62420,Jacarandas,Cuernavaca,Morelos
62420,Quintas Martha,Cuernavaca,Morelos
62428,Copa de Oro,Cuernavaca,Morelos
62430,Vicente Guerrero,Cuernavaca,Morelos
62430,Condominios Cuauhnahuac,Cuernavaca,Morelos
62430,Conjunto Omeyoacan,Cuernavaca,Morelos
62433,Bosques de Chapultepec,Cuernavaca,Morelos
62440,Poblado Acapatzingo,Cuernavaca,Morelos
62445,Los Cizos,Cuernavaca,Morelos
62446,San Miguel Acapantzingo,Cuernavaca,Morelos
62447,Jardines de Acapatzingo,Cuernavaca,Morelos
62448,Primavera,Cuernavaca,Morelos
62448,Cantarranas,Cuernavaca,Morelos
62448,Cantarranas,Cuernavaca,Morelos
62450,Chapultepec,Cuernavaca,Morelos
62450,Manantiales,Cuernavaca,Morelos
62450,Las Quintas,Cuernavaca,Morelos
62460,Las Granjas,Cuernavaca,Morelos
62460,Satélite,Cuernavaca,Morelos
62460,Vicente Estrada Cajigal,Cuernavaca,Morelos
62460,Ampliación Satélite,Cuernavaca,Morelos
62466,Emiliano Zapata,Cuernavaca,Morelos
62469,Lotes Alegría,Cuernavaca,Morelos
62470,Las Águilas,Cuernavaca,Morelos
62470,Del Lago,Cuernavaca,Morelos
62473,Lomas del Águila,Cuernavaca,Morelos
62474,FOVISSSTE las Águilas,Cuernavaca,Morelos
62474,Potrero Verde,Cuernavaca,Morelos
62475,Chapultepec FOVISSSTE,Cuernavaca,Morelos
62480,Ampliación Chapultepec,Cuernavaca,Morelos
62490,Palmira Tinguindin,Cuernavaca,Morelos
62493,Acapatzingo,Cuernavaca,Morelos
62493,Internado Palmira,Cuernavaca,Morelos
62494,El Salado,Cuernavaca,Morelos
62494,Lomas de Acapatzingo,Cuernavaca,Morelos
62496,El Palmar,Cuernavaca,Morelos
62497,Rinconada Palmira,Cuernavaca,Morelos
62498,Tabachines,Cuernavaca,Morelos
62499,Las Garzas,Cuernavaca,Morelos
62507,Lázaro Cárdenas del Río,Cuernavaca,Morelos
62507,1ro. de Mayo,Cuernavaca,Morelos
62507,Ampliación Lázaro Cárdenas del Río,Cuernavaca,Morelos
62508,El Cebadal,Cuernavaca,Morelos
62508,Buenavista del Monte,Cuernavaca,Morelos
62510,Coajomulco,Huitzilac,Morelos
62510,San José de La Montaña,Huitzilac,Morelos
62510,Las Isabelitas,Huitzilac,Morelos
62510,Huitzilac,Huitzilac,Morelos
62514,El Capulín,Huitzilac,Morelos
62514,Fierro del Toro,Huitzilac,Morelos
62515,Tres Marías,Huitzilac,Morelos
62517,Huertas de San Pedro,Huitzilac,Morelos
62517,Real Monte Casino,Huitzilac,Morelos
62517,María Candelaria,Huitzilac,Morelos
62517,Guayacahuala,Huitzilac,Morelos
62520,El Tesoro,Tepoztlán,Morelos
62520,Santo Domingo,Tepoztlán,Morelos
62520,San Sebastián,Tepoztlán,Morelos
62520,Tierra Blanca,Tepoztlán,Morelos
62520,San Pedro,Tepoztlán,Morelos
62520,La Santísima,Tepoztlán,Morelos
62520,San José,Tepoztlán,Morelos
62520,San Miguel,Tepoztlán,Morelos
62520,Los Ocotes,Tepoztlán,Morelos
62520,Tepoztlán Centro,Tepoztlán,Morelos
62520,Los Reyes,Tepoztlán,Morelos
62520,Santa Cruz,Tepoztlán,Morelos
62523,San Juan Tlacotenco,Tepoztlán,Morelos
62523,Los Ocotes,Tepoztlán,Morelos
62523,El Parque Estación,Tepoztlán,Morelos
62523,Mirador del Sol,Tepoztlán,Morelos
62524,Santo Domingo Ocotitlán,Tepoztlán,Morelos
62524,Del Carmen,Tepoztlán,Morelos
62524,Achichipico,Tepoztlán,Morelos
62525,Ixcatepec,Tepoztlán,Morelos
62525,Chisco,Tepoztlán,Morelos
62525,El Pedregal,Tepoztlán,Morelos
62525,Huilotepec,Tepoztlán,Morelos
62525,Amatlán de Quetzalcóatl,Tepoztlán,Morelos
62525,Tecmilco,Tepoztlán,Morelos
62526,San Martín Caballero,Tepoztlán,Morelos
62526,Santiago Tepetlapa,Tepoztlán,Morelos
62526,San Andrés de la Cal,Tepoztlán,Morelos
62527,Huachinantilla,Tepoztlán,Morelos
62527,Santa Catarina,Tepoztlán,Morelos
62528,Obrera,Tepoztlán,Morelos
62528,Ángel Boca Negra,Tepoztlán,Morelos
62528,Benito Juárez,Tepoztlán,Morelos
62529,Constituyentes,Tepoztlán,Morelos
62529,Rinconada de Acolapa,Tepoztlán,Morelos
62529,Loma Bonita,Tepoztlán,Morelos
62529,Lomas del Pedregal,Tepoztlán,Morelos
62529,Lomas de Acolapan,Tepoztlán,Morelos
62529,Ampliación Los Robles,Tepoztlán,Morelos
62529,Loma Esmeralda,Tepoztlán,Morelos
62529,Tetecolala,Tepoztlán,Morelos
62529,Santa Catarina de la Cruz,Tepoztlán,Morelos
62530,San Pedro,Tlalnepantla,Morelos
62530,San Nicolás,Tlalnepantla,Morelos
62530,Santiago,Tlalnepantla,Morelos
62530,Centro Tlalnepantla,Tlalnepantla,Morelos
62530,San Bartolo,Tlalnepantla,Morelos
62530,San Felipe,Tlalnepantla,Morelos
62534,Pedregal,Tlalnepantla,Morelos
62535,Los Robles,Tlalnepantla,Morelos
62535,El Vigía,Tlalnepantla,Morelos
62535,Colinas de San Nicolás,Tlalnepantla,Morelos
62536,El Calmil,Tlalnepantla,Morelos
62536,Felipe Neri,Tlalnepantla,Morelos
62540,Tlayacapan,Tlayacapan,Morelos
62543,Cuauhtempan (San Andrés Cuautempan),Tlayacapan,Morelos
62543,La Mextepec,Tlayacapan,Morelos
62543,Emiliano Zapata,Tlayacapan,Morelos
62543,Tres de Mayo,Tlayacapan,Morelos
62544,Jardines de Tlayacapan,Tlayacapan,Morelos
62544,Camino Real los Reyes,Tlayacapan,Morelos
62544,Las Calandrias,Tlayacapan,Morelos
62544,Pedregal Tlalli,Tlayacapan,Morelos
62544,Joyas del Astillero,Tlayacapan,Morelos
62544,Nacatongo,Tlayacapan,Morelos
62544,Texalo (La Cerámica),Tlayacapan,Morelos
62544,Lázaro Cárdenas,Tlayacapan,Morelos
62544,Valle de Oaxtepec,Tlayacapan,Morelos
62545,El Bebedero,Tlayacapan,Morelos
62545,Ex-Hacienda Pantitlán,Tlayacapan,Morelos
62545,Puente Pantitlán,Tlayacapan,Morelos
62545,Revolución XXI,Tlayacapan,Morelos
62545,El Partidor,Tlayacapan,Morelos
62546,Las Vivianas,Tlayacapan,Morelos
62546,El Golán,Tlayacapan,Morelos
62546,EL Ahuehuete,Tlayacapan,Morelos
62547,Cruz Blanca,Tlayacapan,Morelos
62547,Amatlipac (San Agustín Amatlipac),Tlayacapan,Morelos
62547,Los Ciruelos,Tlayacapan,Morelos
62547,Los Laureles (San José de los Laureles),Tlayacapan,Morelos
62550,Roberto Osorio Sosa,Jiutepec,Morelos
62550,Centro Jiutepec,Jiutepec,Morelos
62550,El Zapote,Jiutepec,Morelos
62550,Los Almendros,Jiutepec,Morelos
62550,Valle de las Fuentes,Jiutepec,Morelos
62553,Villa Real,Jiutepec,Morelos
62553,La Rosa,Jiutepec,Morelos
62553,Bambú,Jiutepec,Morelos
62553,Residencial Country,Jiutepec,Morelos
62553,El Arroyo,Jiutepec,Morelos
62553,Insurgentes,Jiutepec,Morelos
62553,Constitución,Jiutepec,Morelos
62553,Rinconada las Palmas,Jiutepec,Morelos
62553,Tlahuapan,Jiutepec,Morelos
62553,Moctezuma,Jiutepec,Morelos
62553,Arcos de Jiutepec,Jiutepec,Morelos
62553,Residencial Campestre,Jiutepec,Morelos
62553,Lázaro Cárdenas,Jiutepec,Morelos
62553,Lirios,Jiutepec,Morelos
62553,Tlahua,Jiutepec,Morelos
62553,Residencial La Palma,Jiutepec,Morelos
62553,Campestre,Jiutepec,Morelos
62554,Valle Verde,Jiutepec,Morelos
62554,Rancho Paraíso,Jiutepec,Morelos
62554,Las Fuentes,Jiutepec,Morelos
62554,Villas del Descanso,Jiutepec,Morelos
62554,Los Bosques,Jiutepec,Morelos
62554,La Alameda,Jiutepec,Morelos
62554,Los Mangos,Jiutepec,Morelos
62554,Lomas de Tlahuapan,Jiutepec,Morelos
62554,El Pochotal,Jiutepec,Morelos
62554,La Cerillera,Jiutepec,Morelos
62554,Cactus,Jiutepec,Morelos
62554,Hacienda Jiutepec,Jiutepec,Morelos
62554,Girasoles,Jiutepec,Morelos
62554,Pedregal de las Fuentes,Jiutepec,Morelos
62554,Fuentes de Oriente,Jiutepec,Morelos
62555,Club de Golf Hacienda San Gaspar,Jiutepec,Morelos
62555,Francisco Villa,Jiutepec,Morelos
62555,San Gaspar,Jiutepec,Morelos
62555,Calera Oriente,Jiutepec,Morelos
62555,El Campanario,Jiutepec,Morelos
62555,Emiliano Zapata,Jiutepec,Morelos
62555,Esmeralda,Jiutepec,Morelos
62555,San Lucas,Jiutepec,Morelos
62555,El Naranjo,Jiutepec,Morelos
62555,Agua Fría,Jiutepec,Morelos
62555,Llanos de las Fuentes,Jiutepec,Morelos
62555,Cliserio Alanis,Jiutepec,Morelos
62555,Maravillas,Jiutepec,Morelos
62556,Miguel Hidalgo,Jiutepec,Morelos
62556,28 de Agosto,Jiutepec,Morelos
62556,Ampliación 28 de Agosto,Jiutepec,Morelos
62556,La Laja,Jiutepec,Morelos
62556,Las Moras I y II,Jiutepec,Morelos
62556,La Huizachera,Jiutepec,Morelos
62556,Vista Hermosa,Jiutepec,Morelos
62556,Ampliación Joyas de Agua,Jiutepec,Morelos
62556,Huertas del Llano,Jiutepec,Morelos
62556,Acalli,Jiutepec,Morelos
62556,Calera Chica,Jiutepec,Morelos
62556,Calera Poniente,Jiutepec,Morelos
62556,Joyas de Agua,Jiutepec,Morelos
62556,Villa Santiago,Jiutepec,Morelos
62560,Santa Anita,Jiutepec,Morelos
62560,Atlacomulco,Jiutepec,Morelos
62560,Los Viveros,Jiutepec,Morelos
62560,Los Apantles,Jiutepec,Morelos
62563,Los Soles,Jiutepec,Morelos
62563,Kloster Sumiya,Jiutepec,Morelos
62563,Los Pinos Jiutepec,Jiutepec,Morelos
62563,Sumiya,Jiutepec,Morelos
62563,Real Hacienda de San José,Jiutepec,Morelos
62564,Residencial Sumiya,Jiutepec,Morelos
62564,Jardines de La Hacienda II,Jiutepec,Morelos
62564,José G Parres,Jiutepec,Morelos
62564,San Cristóbal los Lirios,Jiutepec,Morelos
62564,Las Mercedes,Jiutepec,Morelos
62564,Guadalupe,Jiutepec,Morelos
62564,El Paraíso,Jiutepec,Morelos
62564,La Nopalera,Jiutepec,Morelos
62564,Villa Real los Colorines,Jiutepec,Morelos
62564,Jardines de La Hacienda I,Jiutepec,Morelos
62564,Los Electricistas,Jiutepec,Morelos
62564,El Castillo,Jiutepec,Morelos
62565,Condominio Tepec,Jiutepec,Morelos
62565,Atuey,Jiutepec,Morelos
62565,Las Canteras,Jiutepec,Morelos
62565,La Joya,Jiutepec,Morelos
62565,Conjunto la Loma,Jiutepec,Morelos
62565,Las Fincas,Jiutepec,Morelos
62565,El Guayabal,Jiutepec,Morelos
62565,Zaragoza,Jiutepec,Morelos
62565,Xel-ha,Jiutepec,Morelos
62566,Rinconada Palmira,Jiutepec,Morelos
62566,De los Casillas,Jiutepec,Morelos
62566,Huertas del Jacal,Jiutepec,Morelos
62566,Lomas de Jiutepec,Jiutepec,Morelos
62566,Residencial Lomas de Jiutepec,Jiutepec,Morelos
62566,Lomas de Palmira,Jiutepec,Morelos
62566,Tezontepec,Jiutepec,Morelos
62566,Imuri,Jiutepec,Morelos
62570,Real el Cazahuate,Jiutepec,Morelos
62570,San Isidro,Jiutepec,Morelos
62570,Villas de Cortes,Jiutepec,Morelos
62570,Ampliación Vicente Guerrero,Jiutepec,Morelos
62570,Atenatitlán,Jiutepec,Morelos
62570,Los Pinos Tejalpa,Jiutepec,Morelos
62570,Josefa Ortiz de Domínguez,Jiutepec,Morelos
62570,Ampliación Tejalpa,Jiutepec,Morelos
62570,Vicente Guerrero,Jiutepec,Morelos
62570,El Capiri,Jiutepec,Morelos
62570,Pedregal de Tejalpa,Jiutepec,Morelos
62570,Oriental,Jiutepec,Morelos
62570,Tejalpa,Jiutepec,Morelos
62570,Cuauhtémoc Cárdenas,Jiutepec,Morelos
62570,Deportiva,Jiutepec,Morelos
62570,Ampliación San Isidro,Jiutepec,Morelos
62570,Las Torres,Jiutepec,Morelos
62573,Ojo de Agua,Jiutepec,Morelos
62573,San Francisco Texcalpa,Jiutepec,Morelos
62573,Apatlaco,Jiutepec,Morelos
62573,San Lucas,Jiutepec,Morelos
62573,El Paraje Texcal,Jiutepec,Morelos
62573,Campo Morado,Jiutepec,Morelos
62573,El Paraíso,Jiutepec,Morelos
62573,Hacienda de las Flores,Jiutepec,Morelos
62573,Cuauchiles,Jiutepec,Morelos
62573,Ampliación El Paraíso,Jiutepec,Morelos
62574,José López Portillo,Jiutepec,Morelos
62574,La Mesa,Jiutepec,Morelos
62574,Lomas de Texcal,Jiutepec,Morelos
62574,San José,Jiutepec,Morelos
62574,Progreso,Jiutepec,Morelos
62574,Tamoanchan,Jiutepec,Morelos
62575,Cerro de la Corona,Jiutepec,Morelos
62575,Lomas de Chapultepec,Jiutepec,Morelos
62575,Luis Donaldo Colosio,Jiutepec,Morelos
62575,Independencia,Jiutepec,Morelos
62575,Alfredo V Bonfil,Jiutepec,Morelos
62576,Jardín Juárez,Jiutepec,Morelos
62576,San Francisco del Rincón,Jiutepec,Morelos
62576,Loma Bonita,Jiutepec,Morelos
62577,Ampliación Otilio Montaño,Jiutepec,Morelos
62577,Tarianes,Jiutepec,Morelos
62577,Puente Blanco,Jiutepec,Morelos
62577,Otilio Montaño,Jiutepec,Morelos
62577,Morelos,Jiutepec,Morelos
62577,El Edén,Jiutepec,Morelos
62577,Ampliación Bugambilias,Jiutepec,Morelos
62577,Bugambilias,Jiutepec,Morelos
62577,El Porvenir,Jiutepec,Morelos
62578,Sección Kovas,Jiutepec,Morelos
62578,CIVAC 1a Sección,Jiutepec,Morelos
62578,Narciso Mendoza Terreno Dos,Jiutepec,Morelos
62578,CIVAC 2a Sección,Jiutepec,Morelos
62578,CIVAC los Robles,Jiutepec,Morelos
62578,CIVAC,Jiutepec,Morelos
62578,Narciso Mendoza Terreno Uno,Jiutepec,Morelos
62580,Temixco Centro,Temixco,Morelos
62583,Los Presidentes,Temixco,Morelos
62583,Lomas de Guadalupe,Temixco,Morelos
62583,Alta Palmira,Temixco,Morelos
62583,Las Ánimas,Temixco,Morelos
62583,Lomas del Carril,Temixco,Morelos
62583,Quetzal,Temixco,Morelos
62583,Rinconada los Sauces,Temixco,Morelos
62584,Burgos,Temixco,Morelos
62584,Junto al Río,Temixco,Morelos
62584,Valle Verde,Temixco,Morelos
62584,Rinconada del Río,Temixco,Morelos
62584,Brisas,Temixco,Morelos
62584,Burgos Sección Ontario,Temixco,Morelos
62584,Burgos Sección Casa Blanca,Temixco,Morelos
62584,Burgos Bugambilias,Temixco,Morelos
62584,Lomas de Cuernavaca,Temixco,Morelos
62584,Los Sabinos,Temixco,Morelos
62585,Campo Sotelo,Temixco,Morelos
62585,Granjas Mérida,Temixco,Morelos
62585,Geo Villas la Hacienda,Temixco,Morelos
62585,Valparaíso,Temixco,Morelos
62585,Miguel Hidalgo,Temixco,Morelos
62585,Vergel Santa Cruz,Temixco,Morelos
62586,La Islita,Temixco,Morelos
62586,Ampliación Adolfo López Mateos,Temixco,Morelos
62586,La Rivera,Temixco,Morelos
62586,Real Santa Cruz,Temixco,Morelos
62586,Acatlipa Centro,Temixco,Morelos
62586,Río Escondido,Temixco,Morelos
62586,La Hacienda de Temixco,Temixco,Morelos
62586,Las Rosas,Temixco,Morelos
62586,Río Apatlaco 2a Sección,Temixco,Morelos
62586,Río Apatlaco,Temixco,Morelos
62586,Los Arcos,Temixco,Morelos
62586,Emiliano Zapata,Temixco,Morelos
62586,Los Sabinos,Temixco,Morelos
62586,Lomas de Acatlipa,Temixco,Morelos
62587,Rubén Jaramillo,Temixco,Morelos
62587,Casa Blanca,Temixco,Morelos
62587,Arboledas,Temixco,Morelos
62587,Campamento Medrano,Temixco,Morelos
62587,Ampliación 10 de Abril,Temixco,Morelos
62587,El Estribo,Temixco,Morelos
62587,10 de Abril,Temixco,Morelos
62587,La Nopalera,Temixco,Morelos
62587,Villa la Hacienda,Temixco,Morelos
62587,Bugambilias,Temixco,Morelos
62588,Conjunto Habitacional Campo Verde,Temixco,Morelos
62588,Lomas del Ajonjolinar,Temixco,Morelos
62588,Conjunto Urbano Ayuntamiento 2000,Temixco,Morelos
62588,Pueblo Viejo,Temixco,Morelos
62588,Pilcaya,Temixco,Morelos
62588,Loma Bonita,Temixco,Morelos
62588,Colinas de Altar,Temixco,Morelos
62588,Morelos,Temixco,Morelos
62588,Azteca,Temixco,Morelos
62588,Lauro Ortega,Temixco,Morelos
62588,El Deshuesadero,Temixco,Morelos
62588,Ampliación Azteca,Temixco,Morelos
62590,Aeropuerto,Temixco,Morelos
62590,Santa Mónica,Temixco,Morelos
62590,Laureles,Temixco,Morelos
62593,Benito Juárez,Temixco,Morelos
62594,San Agustín Tetlama,Temixco,Morelos
62595,Solidaridad,Temixco,Morelos
62595,Eterna Primavera,Temixco,Morelos
62595,Santa Ursula,Temixco,Morelos
62595,Eterna Primavera Sección la Parota,Temixco,Morelos
62596,Cuentepec,Temixco,Morelos
62599,Cuernavaca (Mariano Matamoros),Temixco,Morelos
62600,Miacatlan,Miacatlán,Morelos
62605,El Mirador,Miacatlán,Morelos
62605,La Toma,Miacatlán,Morelos
62605,Amate Amarillo,Miacatlán,Morelos
62605,El Rodeo,Miacatlán,Morelos
62605,Xochicalco,Miacatlán,Morelos
62605,Los Linares,Miacatlán,Morelos
62605,Mejapa,Miacatlán,Morelos
62605,Emiliano Zapata,Miacatlán,Morelos
62606,Coatetelco,Miacatlán,Morelos
62606,Vista Hermosa,Miacatlán,Morelos
62606,Álvaro Obregón,Miacatlán,Morelos
62606,Tres de Mayo,Miacatlán,Morelos
62606,La Campesina (Colonia los Tulipanes),Miacatlán,Morelos
62606,El Muelle,Miacatlán,Morelos
62606,General Pedro Saavedra,Miacatlán,Morelos
62606,Acatzingo,Miacatlán,Morelos
62607,El Paredón,Miacatlán,Morelos
62607,Atzompa,Miacatlán,Morelos
62607,El Tejon,Miacatlán,Morelos
62607,La Trilla,Miacatlán,Morelos
62607,Atzompa,Miacatlán,Morelos
62607,El Terrero,Miacatlán,Morelos
62607,El Llano,Miacatlán,Morelos
62607,Terrero Grande,Miacatlán,Morelos
62607,La Lima,Miacatlán,Morelos
62607,Huertos de Miacatlan,Miacatlán,Morelos
62608,Palpan de Baranda,Miacatlán,Morelos
62608,Rancho Viejo,Miacatlán,Morelos
62608,Palo Grande,Miacatlán,Morelos
62608,El Rincón,Miacatlán,Morelos
62608,Tlajotla,Miacatlán,Morelos
62610,Coatlán del Río,Coatlán del Río,Morelos
62613,San José,Coatlán del Río,Morelos
62613,Buenavista de Aldama,Coatlán del Río,Morelos
62613,Tezoquipa,Coatlán del Río,Morelos
62614,Chavarría,Coatlán del Río,Morelos
62614,Cuernavaquita,Coatlán del Río,Morelos
62614,Michapa,Coatlán del Río,Morelos
62614,Apancingo,Coatlán del Río,Morelos
62614,Benito Juárez,Coatlán del Río,Morelos
62615,Santa Márgara,Coatlán del Río,Morelos
62615,El Vado,Coatlán del Río,Morelos
62615,El Axixintle,Coatlán del Río,Morelos
62615,Tilancingo,Coatlán del Río,Morelos
62615,San Antonio,Coatlán del Río,Morelos
62616,Cuauhtémoc,Coatlán del Río,Morelos
62616,Cocoyotla,Coatlán del Río,Morelos
62616,El Amate,Coatlán del Río,Morelos
62616,Morelos,Coatlán del Río,Morelos
62616,Puente Arenal,Coatlán del Río,Morelos
62616,El Canelillo,Coatlán del Río,Morelos
62616,El Cerrito,Coatlán del Río,Morelos
62620,Tetecala,Tetecala,Morelos
62623,El Cerrito (Cerrito de las Cruces),Tetecala,Morelos
62624,El Charco,Tetecala,Morelos
62624,Llano Viejo,Tetecala,Morelos
62624,Actopan,Tetecala,Morelos
62624,Sonora,Tetecala,Morelos
62625,Tonantzicalli,Tetecala,Morelos
62625,Cuautlita,Tetecala,Morelos
62625,Francisco Sarabia,Tetecala,Morelos
62625,El Alicanto,Tetecala,Morelos
62625,Mariano Matamoros,Tetecala,Morelos
62625,El Aguacate,Tetecala,Morelos
62626,El Móvil,Tetecala,Morelos
62626,Contlalco,Tetecala,Morelos
62626,Palos de Fierro,Tetecala,Morelos
62630,León Bejarano,Mazatepec,Morelos
62630,Centro Mazatepec,Mazatepec,Morelos
62633,Valle Verde,Mazatepec,Morelos
62633,El Florido,Mazatepec,Morelos
62633,Puentes de Fierro,Mazatepec,Morelos
62634,Justo Sierra,Mazatepec,Morelos
62634,Vista Hermosa,Mazatepec,Morelos
62634,Justo Sierra,Mazatepec,Morelos
62635,La Vuelta,Mazatepec,Morelos
62635,Carmelo Rivera,Mazatepec,Morelos
62635,Cuauchichinola,Mazatepec,Morelos
62635,Ojos de Agua de Cuahuchichinola,Mazatepec,Morelos
62636,Lomas de Mazatepec,Mazatepec,Morelos
62636,La Melena,Mazatepec,Morelos
62636,Las Huertas,Mazatepec,Morelos
62636,El Calvario,Mazatepec,Morelos
62636,La Trilla,Mazatepec,Morelos
62636,Lomas del Calvario,Mazatepec,Morelos
62636,Santa Cruz Vista Alegre,Mazatepec,Morelos
62640,Amacuzac,Amacuzac,Morelos
62643,Progreso,Amacuzac,Morelos
62643,Benito Juárez,Amacuzac,Morelos
62643,Barreal,Amacuzac,Morelos
62643,Miguel Hidalgo,Amacuzac,Morelos
62643,El Paraíso,Amacuzac,Morelos
62644,El Balceadero,Amacuzac,Morelos
62644,Bungalows,Amacuzac,Morelos
62644,Los Ángeles,Amacuzac,Morelos
62644,La Glorieta,Amacuzac,Morelos
62645,Xoapa,Amacuzac,Morelos
62646,Ocampo,Amacuzac,Morelos
62646,Cuauhtémoc,Amacuzac,Morelos
62646,San Gabriel las Palmas,Amacuzac,Morelos
62646,Los Baños de Tula,Amacuzac,Morelos
62646,La Cruz,Amacuzac,Morelos
62646,Las Flores,Amacuzac,Morelos
62646,Tula,Amacuzac,Morelos
62646,El Mirador,Amacuzac,Morelos
62647,El Paso de Miahuatlán,Amacuzac,Morelos
62647,Miahuatlán ( El Cuiji ),Amacuzac,Morelos
62653,Cajones,Amacuzac,Morelos
62653,Coahuixtla,Amacuzac,Morelos
62653,Campo Nuevo,Amacuzac,Morelos
62653,Los Arcos,Amacuzac,Morelos
62653,Zoquital,Amacuzac,Morelos
62653,Rancho Nuevo,Amacuzac,Morelos
62653,El Rosal ( El Alacrán ),Amacuzac,Morelos
62653,Oriental,Amacuzac,Morelos
62654,El Campamento,Amacuzac,Morelos
62654,El Guamúchil,Amacuzac,Morelos
62654,Casahuatlán,Amacuzac,Morelos
62654,Villa Verde,Amacuzac,Morelos
62654,Benito Juárez,Amacuzac,Morelos
62654,Ojo de Agua,Amacuzac,Morelos
62655,Los Limones,Amacuzac,Morelos
62655,La Calera,Amacuzac,Morelos
62655,Ejidal,Amacuzac,Morelos
62655,La Playa,Amacuzac,Morelos
62655,Huascuautla,Amacuzac,Morelos
62656,Huajintlán,Amacuzac,Morelos
62656,Teacalco,Amacuzac,Morelos
62657,El Ídolo,Amacuzac,Morelos
62660,Puente de Ixtla Centro,Puente de Ixtla,Morelos
62662,Providencia,Puente de Ixtla,Morelos
62662,Guadalupe Victoria,Puente de Ixtla,Morelos
62662,Morelos,Puente de Ixtla,Morelos
62662,Buenos Aires,Puente de Ixtla,Morelos
62662,Guadalupe Victoria,Puente de Ixtla,Morelos
62663,Jardines de La Herradura,Puente de Ixtla,Morelos
62663,10 de Mayo,Puente de Ixtla,Morelos
62663,Loma Linda,Puente de Ixtla,Morelos
62663,Benito Juárez,Puente de Ixtla,Morelos
62663,Benito Juárez,Puente de Ixtla,Morelos
62663,Cuauhtémoc,Puente de Ixtla,Morelos
62663,Jardines de La Herradura,Puente de Ixtla,Morelos
62663,Valle Dorado,Puente de Ixtla,Morelos
62663,Gobernadores,Puente de Ixtla,Morelos
62664,Emiliano Zapata,Puente de Ixtla,Morelos
62664,Miguel Hidalgo,Puente de Ixtla,Morelos
62665,El Naranjo,Puente de Ixtla,Morelos
62665,Los Arcos,Puente de Ixtla,Morelos
62665,Norte,Puente de Ixtla,Morelos
62665,San Mateo,Puente de Ixtla,Morelos
62665,24 de Febrero,Puente de Ixtla,Morelos
62665,Valle Bonito,Puente de Ixtla,Morelos
62665,El Salado,Puente de Ixtla,Morelos
62665,INFONAVIT Casa Blanca,Puente de Ixtla,Morelos
62666,Agua Salada,Puente de Ixtla,Morelos
62666,Ahuehuetzingo,Puente de Ixtla,Morelos
62666,Loma Larga,Puente de Ixtla,Morelos
62668,El Coco,Puente de Ixtla,Morelos
62670,San José Vista Hermosa,Puente de Ixtla,Morelos
62670,Miguel de la Madrid,Puente de Ixtla,Morelos
62670,Aeropuerto,Puente de Ixtla,Morelos
62674,Morelos (xoxocotla),Puente de Ixtla,Morelos
62674,Tecomulco,Puente de Ixtla,Morelos
62675,Los Sauces,Puente de Ixtla,Morelos
62676,Las Alas,Puente de Ixtla,Morelos
62676,Lomas Altas,Puente de Ixtla,Morelos
62680,Xoxocotla,Puente de Ixtla,Morelos
62683,Los Guajes,Puente de Ixtla,Morelos
62684,Techichilco,Puente de Ixtla,Morelos
62684,Hermosa,Puente de Ixtla,Morelos
62685,Apozonalco,Puente de Ixtla,Morelos
62686,Las Flores (la Xochitl),Puente de Ixtla,Morelos
62690,Tilzapotla,Puente de Ixtla,Morelos
62693,San Pedro,Puente de Ixtla,Morelos
62693,Los Ídolos,Puente de Ixtla,Morelos
62693,Los Papayos,Puente de Ixtla,Morelos
62693,Los Pinos,Puente de Ixtla,Morelos
62694,Piedra Blanca,Puente de Ixtla,Morelos
62695,El Salto,Puente de Ixtla,Morelos
62695,El Zapote,Puente de Ixtla,Morelos
62695,Los Amatitos,Puente de Ixtla,Morelos
62696,Los Tanques,Puente de Ixtla,Morelos
62696,La Tigra,Puente de Ixtla,Morelos
62696,Las Albóndigas,Puente de Ixtla,Morelos
62696,El Mango,Puente de Ixtla,Morelos
62697,El Estudiante,Puente de Ixtla,Morelos
62697,Loma Florida,Puente de Ixtla,Morelos
62700,Puente Blanco,Ayala,Morelos
62700,Buenavista,Ayala,Morelos
62700,Ciudad Ayala,Ayala,Morelos
62704,Cruz Verde,Ayala,Morelos
62704,Cruz Verde,Ayala,Morelos
62710,Anenecuilco Centro,Ayala,Morelos
62713,Marcelino Ortega,Ayala,Morelos
62713,San Miguel,Ayala,Morelos
62713,El Jagüey,Ayala,Morelos
62713,Las Flores,Ayala,Morelos
62713,La Capilla,Ayala,Morelos
62713,Olintepec,Ayala,Morelos
62713,Zona Sur Anenecuilco,Ayala,Morelos
62713,Zona Sur Anenecuilco,Ayala,Morelos
62713,La Joya Escondida,Ayala,Morelos
62714,Benito Juárez,Ayala,Morelos
62714,La Doncella,Ayala,Morelos
62714,La Joya,Ayala,Morelos
62714,Rafael Merino,Ayala,Morelos
62714,San Pedro Apatlaco,Ayala,Morelos
62714,Niños Héroes Estación,Ayala,Morelos
62714,Nuevo México ( Los Apaches ),Ayala,Morelos
62714,Las Arboledas,Ayala,Morelos
62714,Mirador,Ayala,Morelos
62714,Reforma,Ayala,Morelos
62714,Cuahuixtla,Ayala,Morelos
62714,La Escopeta,Ayala,Morelos
62715,El Venadito,Ayala,Morelos
62715,Paraíso Tlahuica,Ayala,Morelos
62715,Las Llaves,Ayala,Morelos
62715,Huertas de Cuautla,Ayala,Morelos
62715,Isla de Cuautla,Ayala,Morelos
62715,Citlalin,Ayala,Morelos
62715,10 de Abril,Ayala,Morelos
62715,Tlayecac,Ayala,Morelos
62715,Mariano Matamoros,Ayala,Morelos
62715,Prados del Sol,Ayala,Morelos
62715,Parque Industrial Cuautla,Ayala,Morelos
62717,Moyotepec 2,Ayala,Morelos
62717,El Chivatero,Ayala,Morelos
62717,General Emiliano Zapata,Ayala,Morelos
62718,Moyotepec,Ayala,Morelos
62720,Jaloxtoc,Ayala,Morelos
62720,Huacatlaco,Ayala,Morelos
62720,Ojo de Agua,Ayala,Morelos
62720,Huitzililla,Ayala,Morelos
62720,El Sifón,Ayala,Morelos
62723,Palo Blanco,Ayala,Morelos
62723,Tecomalco,Ayala,Morelos
62723,Guadalupe Victoria,Ayala,Morelos
62723,La Cucaracha,Ayala,Morelos
62723,Piedra Encimada,Ayala,Morelos
62723,Chinameca,Ayala,Morelos
62723,El Vergel,Ayala,Morelos
62723,Las Joyas,Ayala,Morelos
62724,San Juan Ahuehueyo,Ayala,Morelos
62724,Valle de Morelos,Ayala,Morelos
62724,Loma Bonita,Ayala,Morelos
62724,El Salitre,Ayala,Morelos
62724,Buenavista,Ayala,Morelos
62724,San Vicente de Juárez,Ayala,Morelos
62725,Rafael Merino,Ayala,Morelos
62725,Tenextepango,Ayala,Morelos
62725,Tenextepango,Ayala,Morelos
62725,La Libertad,Ayala,Morelos
62725,Abelardo L. Rodríguez,Ayala,Morelos
62725,Las Lumbreras,Ayala,Morelos
62725,Leopoldo Heredia,Ayala,Morelos
62725,Constancio Farfán,Ayala,Morelos
62730,Centro,Yautepec,Morelos
62732,Ignacio Zaragoza,Yautepec,Morelos
62732,Lomas del Potrero,Yautepec,Morelos
62732,La Morena,Yautepec,Morelos
62732,Laureles,Yautepec,Morelos
62732,Santiago,Yautepec,Morelos
62732,Ignacio Manuel Altamirano,Yautepec,Morelos
62732,Jacarandas,Yautepec,Morelos
62732,La Selva,Yautepec,Morelos
62732,Los Mangos,Yautepec,Morelos
62732,Residencial Yautepec,Yautepec,Morelos
62732,Viyautepec 2a Sección,Yautepec,Morelos
62732,Benito Juárez,Yautepec,Morelos
62732,"Conjunto Villareal I, II, III, y IV",Yautepec,Morelos
62732,Viyautepec 1a Sección,Yautepec,Morelos
62732,El Rocio,Yautepec,Morelos
62732,La Gema,Yautepec,Morelos
62732,Amates,Yautepec,Morelos
62732,Mi Pueblito,Yautepec,Morelos
62732,Ixtlahuacan,Yautepec,Morelos
62732,Jacarandas,Yautepec,Morelos
62732,Apanquetzalco,Yautepec,Morelos
62732,Conjunto Jacarandas I y II,Yautepec,Morelos
62732,Felipe Neri,Yautepec,Morelos
62732,Tabachines,Yautepec,Morelos
62732,Villas Jazmín I y II,Yautepec,Morelos
62732,Rincón de los Ciruelos,Yautepec,Morelos
62732,Conjunto Valle Verde,Yautepec,Morelos
62732,Las Zamoras,Yautepec,Morelos
62732,Tlacaelel,Yautepec,Morelos
62732,Beit Mellat,Yautepec,Morelos
62732,Conjunto Tepetlixpa,Yautepec,Morelos
62732,Las Quintas,Yautepec,Morelos
62732,Los Naranjos,Yautepec,Morelos
62732,La Antigua,Yautepec,Morelos
62732,Vicente Estrada Cajigal,Yautepec,Morelos
62732,13 de Septiembre,Yautepec,Morelos
62733,5 de Mayo,Yautepec,Morelos
62733,Luis Echeverría,Yautepec,Morelos
62733,Cuauhtémoc,Yautepec,Morelos
62733,San Juan,Yautepec,Morelos
62733,San Juanito,Yautepec,Morelos
62733,Lomas del Real,Yautepec,Morelos
62733,Los Limones,Yautepec,Morelos
62733,Emiliano Zapata,Yautepec,Morelos
62733,Otilio Montaño,Yautepec,Morelos
62733,Paraíso,Yautepec,Morelos
62733,Residencial Maravillas I,Yautepec,Morelos
62733,Alfredo Bonfil,Yautepec,Morelos
62733,Jovito Serrano,Yautepec,Morelos
62733,Residencial Cañaveral,Yautepec,Morelos
62733,Residencial Llano Grande,Yautepec,Morelos
62733,Paracas,Yautepec,Morelos
62733,Villas del Paraíso,Yautepec,Morelos
62733,Residencial del Bosque,Yautepec,Morelos
62733,Jazmín Yautepec I y II,Yautepec,Morelos
62733,24 de Febrero,Yautepec,Morelos
62733,Buenavista,Yautepec,Morelos
62733,El Rocío,Yautepec,Morelos
62733,Rancho Nuevo,Yautepec,Morelos
62733,Huizachera,Yautepec,Morelos
62733,La Ceiba,Yautepec,Morelos
62733,Atlihuayan,Yautepec,Morelos
62733,Yautli,Yautepec,Morelos
62735,La Joya,Yautepec,Morelos
62735,Amador Salazar,Yautepec,Morelos
62735,Álvaro Leonel,Yautepec,Morelos
62735,Tetillas,Yautepec,Morelos
62736,Cocoyoc,Yautepec,Morelos
62736,Francisco Villa,Yautepec,Morelos
62736,Cuauhtémoc,Yautepec,Morelos
62736,Emiliano Zapata,Yautepec,Morelos
62736,Vicente Guerrero,Yautepec,Morelos
62736,Lucio Blanco,Yautepec,Morelos
62736,Tehuixtlera,Yautepec,Morelos
62736,Coaxiolotera,Yautepec,Morelos
62736,Alejandra,Yautepec,Morelos
62736,Vicente Guerrero,Yautepec,Morelos
62736,El Potrero,Yautepec,Morelos
62736,Viveros de Cocoyoc,Yautepec,Morelos
62736,El Partidor,Yautepec,Morelos
62737,Santa Lucía,Yautepec,Morelos
62737,La Nopalera,Yautepec,Morelos
62737,El Caracol (Campo Chiquito),Yautepec,Morelos
62737,El Zarco,Yautepec,Morelos
62737,Los Arcos,Yautepec,Morelos
62737,Ignacio Bastida,Yautepec,Morelos
62737,Oacalco,Yautepec,Morelos
62737,El Michate,Yautepec,Morelos
62737,Itzamatitlán,Yautepec,Morelos
62737,Lázaro Cárdenas,Yautepec,Morelos
62737,San Carlos,Yautepec,Morelos
62737,Francisco I. Madero (La Nopalera),Yautepec,Morelos
62738,Huertos de Oaxtepec,Yautepec,Morelos
62738,Corral Grande,Yautepec,Morelos
62738,José Ortiz (San Martín),Yautepec,Morelos
62738,Oaxtepec Centro,Yautepec,Morelos
62738,Santa Rosa,Yautepec,Morelos
62738,Vergeles de Oaxtepec,Yautepec,Morelos
62738,Casahuates,Yautepec,Morelos
62738,Santa Rosa,Yautepec,Morelos
62738,Real de Oaxtepec,Yautepec,Morelos
62738,Altos de Oaxtepec,Yautepec,Morelos
62738,Ejidal Tezoquipa,Yautepec,Morelos
62738,Los Limones,Yautepec,Morelos
62738,Colinas de Oaxtepec,Yautepec,Morelos
62738,Jacarandas,Yautepec,Morelos
62738,El Capulín,Yautepec,Morelos
62738,Curva Melón Zacate,Yautepec,Morelos
62738,Amates de Oaxtepec,Yautepec,Morelos
62738,Pedregal de Oaxtepec,Yautepec,Morelos
62738,Lomas de Oaxtepec,Yautepec,Morelos
62738,Centro Vacacional Oaxtepec,Yautepec,Morelos
62738,Ampliación el Capulín,Yautepec,Morelos
62738,Los Ojos de Huilican,Yautepec,Morelos
62738,Emiliano Zapata (Palo Mocho),Yautepec,Morelos
62738,El Potrero,Yautepec,Morelos
62739,Huertos del Mirador,Yautepec,Morelos
62739,San Pablo,Yautepec,Morelos
62739,Valle Encantado,Yautepec,Morelos
62739,Miguel Hidalgo,Yautepec,Morelos
62739,Diego Ruiz,Yautepec,Morelos
62739,San Isidro,Yautepec,Morelos
62739,Ramírez,Yautepec,Morelos
62739,Caudillo del Sur,Yautepec,Morelos
62739,Joya de las Víboras,Yautepec,Morelos
62739,Rincón del Río,Yautepec,Morelos
62740,Centro,Cuautla,Morelos
62742,Ampliación Gabriel Tetepa,Cuautla,Morelos
62742,Xochitengo,Cuautla,Morelos
62742,Nueva San José,Cuautla,Morelos
62742,Francisco I Madero,Cuautla,Morelos
62742,Pablo Torres Burgos,Cuautla,Morelos
62742,Reforma,Cuautla,Morelos
62742,Casas del Río,Cuautla,Morelos
62742,Gabriel Tepepa,Cuautla,Morelos
62742,Ampliación Casas del Río,Cuautla,Morelos
62742,Pablo Torres Burgos,Cuautla,Morelos
62743,Agua Hedionda,Cuautla,Morelos
62743,Iztaccihuatl,Cuautla,Morelos
62743,Los Amates,Cuautla,Morelos
62743,Ampliación la Biznaga,Cuautla,Morelos
62743,Hermenegildo Galeana,Cuautla,Morelos
62743,5 de Febrero,Cuautla,Morelos
62743,Ampliación 5 de Febrero,Cuautla,Morelos
62743,La Biznaga,Cuautla,Morelos
62743,Campo Nuevo,Cuautla,Morelos
62743,Niño Artillero,Cuautla,Morelos
62743,La Pedregosa,Cuautla,Morelos
62743,Plan de Ayala,Cuautla,Morelos
62743,Benito Juárez,Cuautla,Morelos
62743,Villareal,Cuautla,Morelos
62743,Ampliación Plan de Ayala,Cuautla,Morelos
62743,Ampliación Iztaccihuatl,Cuautla,Morelos
62743,Ampliación Hermenegildo Galeana,Cuautla,Morelos
62743,Paraíso,Cuautla,Morelos
62743,Trincheras,Cuautla,Morelos
62744,Ampliación Emiliano Zapata,Cuautla,Morelos
62744,Martínez Peña,Cuautla,Morelos
62744,Progreso,Cuautla,Morelos
62744,10 de Abril,Cuautla,Morelos
62744,Emiliano Zapata,Cuautla,Morelos
62744,Héroe de Nacozari,Cuautla,Morelos
62744,Morelos,Cuautla,Morelos
62744,Progreso,Cuautla,Morelos
62746,La Cerrillera,Cuautla,Morelos
62746,Tepeyac,Cuautla,Morelos
62746,5 de Diciembre,Cuautla,Morelos
62746,Flamingos,Cuautla,Morelos
62746,Manantiales,Cuautla,Morelos
62746,Otilio Montaño,Cuautla,Morelos
62746,Agua Blanca,Cuautla,Morelos
62746,Tepeyac,Cuautla,Morelos
62746,Guadalupe Victoria,Cuautla,Morelos
62747,Araucaria,Cuautla,Morelos
62747,Los Sabinos,Cuautla,Morelos
62747,Río Verde Infonavit,Cuautla,Morelos
62747,Tierra y Libertad,Cuautla,Morelos
62747,Residencial los Arcos,Cuautla,Morelos
62747,Valle del Sol,Cuautla,Morelos
62747,Estrella,Cuautla,Morelos
62747,Ampliación Vicente Guerrero,Cuautla,Morelos
62747,Ignacio Zaragoza,Cuautla,Morelos
62747,Cuautlixco,Cuautla,Morelos
62747,Ampliación Santa Cruz,Cuautla,Morelos
62747,Santa Rosa,Cuautla,Morelos
62747,Los Cerritos,Cuautla,Morelos
62747,7 de Noviembre,Cuautla,Morelos
62747,Ampliación Estrella,Cuautla,Morelos
62747,Ampliación Ignacio Zaragoza,Cuautla,Morelos
62747,Vicente Guerrero,Cuautla,Morelos
62747,ISSFAM,Cuautla,Morelos
62747,La Esperanza,Cuautla,Morelos
62747,Santa Cruz,Cuautla,Morelos
62747,Residencial del Bosque,Cuautla,Morelos
62747,Los Amates,Cuautla,Morelos
62747,Potrero Verde,Cuautla,Morelos
62748,Miguel Hidalgo,Cuautla,Morelos
62748,Vicente Guerrero,Cuautla,Morelos
62748,Empleado Postal,Cuautla,Morelos
62748,Revolución,Cuautla,Morelos
62748,Benito Quezada,Cuautla,Morelos
62748,Casasano 3a Ampliación,Cuautla,Morelos
62748,Centenario,Cuautla,Morelos
62748,Eusebio Jauregui,Cuautla,Morelos
62748,La Ciénega,Cuautla,Morelos
62748,Casasano,Cuautla,Morelos
62748,Antigua del Bosque,Cuautla,Morelos
62748,Casasano 2da Ampliación,Cuautla,Morelos
62748,Vicente Guerrero 3a Ampliación,Cuautla,Morelos
62748,Ampliación las Tazas,Cuautla,Morelos
62748,Vicente Guerrero 2da Ampliación,Cuautla,Morelos
62748,Tabachines,Cuautla,Morelos
62748,Año de Juárez,Cuautla,Morelos
62748,Vicente Guerrero 4ta Ampliación,Cuautla,Morelos
62754,Empleado Municipal,Cuautla,Morelos
62755,Rancho Gómez,Cuautla,Morelos
62755,La Angostura,Cuautla,Morelos
62755,El Mirador,Cuautla,Morelos
62755,La Esperanza-el Hospital,Cuautla,Morelos
62755,Ampliación 10 de Abril,Cuautla,Morelos
62755,Santa Inés,Cuautla,Morelos
62755,3 de Mayo,Cuautla,Morelos
62755,Francisco I Madero,Cuautla,Morelos
62755,El Sifón,Cuautla,Morelos
62755,El Hospital,Cuautla,Morelos
62755,Puxtla,Cuautla,Morelos
62756,Narciso Mendoza,Cuautla,Morelos
62756,Peña Flores,Cuautla,Morelos
62756,Calderón,Cuautla,Morelos
62756,Narciso Mendoza,Cuautla,Morelos
62756,Sitio del Sol,Cuautla,Morelos
62756,Polvorín,Cuautla,Morelos
62756,19 de Febrero,Cuautla,Morelos
62757,Lázaro Cárdenas,Cuautla,Morelos
62757,Plaza Solidaridad,Cuautla,Morelos
62757,Central de Abastos Ampliación,Cuautla,Morelos
62757,Salvador Esquer,Cuautla,Morelos
62757,Lázaro Cárdenas 3a Ampliacón,Cuautla,Morelos
62757,Tierra Larga,Cuautla,Morelos
62757,Los Faroles,Cuautla,Morelos
62757,Brisas de Cuautla,Cuautla,Morelos
62757,Santa Bárbara,Cuautla,Morelos
62757,Trigo Verde,Cuautla,Morelos
62757,Condominios del Bosque,Cuautla,Morelos
62757,12 de Diciembre,Cuautla,Morelos
62757,Piedra Blanca,Cuautla,Morelos
62757,Tetelcingo,Cuautla,Morelos
62757,Tezahuapan,Cuautla,Morelos
62757,2 de Mayo,Cuautla,Morelos
62757,12 de Octubre,Cuautla,Morelos
62757,Cuauhtémoc,Cuautla,Morelos
62757,Lázaro Cárdenas 2a Ampliación,Cuautla,Morelos
62757,Tetelcingo,Cuautla,Morelos
62757,Volcanes de Cuautla,Cuautla,Morelos
62757,Magisterial,Cuautla,Morelos
62757,Central de Abastos,Cuautla,Morelos
62757,Tetelcingo,Cuautla,Morelos
62757,Puerta de Hierro,Cuautla,Morelos
62757,La Escondida,Cuautla,Morelos
62757,Las Cruces,Cuautla,Morelos
62757,Ampliación Lázaro Cárdenas,Cuautla,Morelos
62760,El Zapote,Emiliano Zapata,Morelos
62760,Centro,Emiliano Zapata,Morelos
62763,28 de Agosto,Emiliano Zapata,Morelos
62763,San José de las Cumbres,Emiliano Zapata,Morelos
62763,Mirador,Emiliano Zapata,Morelos
62763,Lomas de Trujillo,Emiliano Zapata,Morelos
62763,Lomas del Copal,Emiliano Zapata,Morelos
62763,Ampliación 28 de Agosto,Emiliano Zapata,Morelos
62763,Loma Sur,Emiliano Zapata,Morelos
62763,3 de Mayo,Emiliano Zapata,Morelos
62763,Ampliación 3 de Mayo,Emiliano Zapata,Morelos
62764,El Aguaje,Emiliano Zapata,Morelos
62764,Rinconada la Misión,Emiliano Zapata,Morelos
62764,Calera Chica,Emiliano Zapata,Morelos
62764,El Calvario,Emiliano Zapata,Morelos
62764,Las Fuentes,Emiliano Zapata,Morelos
62764,San Francisco,Emiliano Zapata,Morelos
62764,El Guante,Emiliano Zapata,Morelos
62764,Altavista,Emiliano Zapata,Morelos
62764,14 de Febrero,Emiliano Zapata,Morelos
62764,24 de Abril,Emiliano Zapata,Morelos
62764,Conjunto Arboleda,Emiliano Zapata,Morelos
62764,Condominios Capiri,Emiliano Zapata,Morelos
62764,Rancho San Pedro,Emiliano Zapata,Morelos
62764,El Capiri,Emiliano Zapata,Morelos
62764,El Rascadero,Emiliano Zapata,Morelos
62764,Gerardo Pérez,Emiliano Zapata,Morelos
62764,Las Rocas,Emiliano Zapata,Morelos
62764,Conjunto Urbano la Misión,Emiliano Zapata,Morelos
62765,El Capulín,Emiliano Zapata,Morelos
62765,Los Agaves,Emiliano Zapata,Morelos
62765,Emiliano Zapata,Emiliano Zapata,Morelos
62765,Ampliación Prohogar,Emiliano Zapata,Morelos
62765,Prohogar,Emiliano Zapata,Morelos
62765,Benito Juárez,Emiliano Zapata,Morelos
62765,Manantiales,Emiliano Zapata,Morelos
62765,Palo Escrito,Emiliano Zapata,Morelos
62765,Condominio Ojo de Agua,Emiliano Zapata,Morelos
62765,Guadalupe de las Arenas,Emiliano Zapata,Morelos
62765,El Pedregal,Emiliano Zapata,Morelos
62766,El Vigilante,Emiliano Zapata,Morelos
62766,El Tomatal,Emiliano Zapata,Morelos
62766,Ampliación el Órgano,Emiliano Zapata,Morelos
62766,Modesto Rangel,Emiliano Zapata,Morelos
62766,Estación,Emiliano Zapata,Morelos
62766,Villa Morelos 2a Secc.,Emiliano Zapata,Morelos
62766,Paseos del Río,Emiliano Zapata,Morelos
62766,Campo Nuevo,Emiliano Zapata,Morelos
62766,Campo Nuevo,Emiliano Zapata,Morelos
62766,Villa Morelos,Emiliano Zapata,Morelos
62766,El Amate,Emiliano Zapata,Morelos
62766,Paraíso Country Club,Emiliano Zapata,Morelos
62766,Villa Morelos 3a Sección,Emiliano Zapata,Morelos
62766,El Órgano,Emiliano Zapata,Morelos
62766,Las Gaviotas,Emiliano Zapata,Morelos
62766,Condominio el Ámate,Emiliano Zapata,Morelos
62767,Loma Bonita,Emiliano Zapata,Morelos
62767,Paseos de Tezoyuca,Emiliano Zapata,Morelos
62767,Real de Tezoyuca,Emiliano Zapata,Morelos
62767,Capulín,Emiliano Zapata,Morelos
62767,Amatitlán,Emiliano Zapata,Morelos
62767,Villas del Seminario,Emiliano Zapata,Morelos
62767,Villas del Portezuelo,Emiliano Zapata,Morelos
62767,Geo Villas Colorines,Emiliano Zapata,Morelos
62767,La Mina,Emiliano Zapata,Morelos
62767,Tezoyuca,Emiliano Zapata,Morelos
62767,Rinconada de Tezoyuca,Emiliano Zapata,Morelos
62767,Los Sabinos,Emiliano Zapata,Morelos
62767,La flores,Emiliano Zapata,Morelos
62767,Ampliación Amatitlán,Emiliano Zapata,Morelos
62767,Cuauhtémoc,Emiliano Zapata,Morelos
62767,Jardines de Tezoyuca,Emiliano Zapata,Morelos
62767,"Las Garzas I, II, III Y IV",Emiliano Zapata,Morelos
62767,El Castillo,Emiliano Zapata,Morelos
62767,Tezoyuca II,Emiliano Zapata,Morelos
62767,Cañaveral,Emiliano Zapata,Morelos
62767,Tezoyuca,Emiliano Zapata,Morelos
62767,Villas de Tezoyuca,Emiliano Zapata,Morelos
62767,Tesoros de Tezoyuca,Emiliano Zapata,Morelos
62768,Tepetzingo,Emiliano Zapata,Morelos
62768,Tepetzingo,Emiliano Zapata,Morelos
62768,Tetecalita,Emiliano Zapata,Morelos
62770,Tlaltizapan de Pacheco,Tlaltizapán de Zapata,Morelos
62770,Carlos Pacheco,Tlaltizapán de Zapata,Morelos
62772,Luis Echeverría,Tlaltizapán de Zapata,Morelos
62772,El Cajoncito,Tlaltizapán de Zapata,Morelos
62772,Bonete,Tlaltizapán de Zapata,Morelos
62772,Ignacio Zaragoza,Tlaltizapán de Zapata,Morelos
62772,Ignacio Zaragoza,Tlaltizapán de Zapata,Morelos
62772,Santa Rosa Treinta,Tlaltizapán de Zapata,Morelos
62772,10 de Mayo (La Matanza),Tlaltizapán de Zapata,Morelos
62772,Emiliano Zapata,Tlaltizapán de Zapata,Morelos
62772,Independencia,Tlaltizapán de Zapata,Morelos
62773,El Jagüey,Tlaltizapán de Zapata,Morelos
62773,Guadalupe Victoria,Tlaltizapán de Zapata,Morelos
62773,El Tecolote,Tlaltizapán de Zapata,Morelos
62773,San Vicente,Tlaltizapán de Zapata,Morelos
62773,Pedregal,Tlaltizapán de Zapata,Morelos
62773,Benito Juárez,Tlaltizapán de Zapata,Morelos
62773,La Curva,Tlaltizapán de Zapata,Morelos
62773,Barranca Honda,Tlaltizapán de Zapata,Morelos
62773,El Tecolote,Tlaltizapán de Zapata,Morelos
62773,Guadalupe Victoria,Tlaltizapán de Zapata,Morelos
62773,Morelos,Tlaltizapán de Zapata,Morelos
62773,Benito Juárez,Tlaltizapán de Zapata,Morelos
62773,Club Haciendas de Ticumán,Tlaltizapán de Zapata,Morelos
62773,Huertos de Ticumán,Tlaltizapán de Zapata,Morelos
62773,Ticumán,Tlaltizapán de Zapata,Morelos
62773,Ticumán,Tlaltizapán de Zapata,Morelos
62774,Temilpa Nuevo,Tlaltizapán de Zapata,Morelos
62774,La Concepción,Tlaltizapán de Zapata,Morelos
62774,Las Estacas,Tlaltizapán de Zapata,Morelos
62774,Piedra Rodada,Tlaltizapán de Zapata,Morelos
62774,Palo Prieto,Tlaltizapán de Zapata,Morelos
62774,Bonifacio García,Tlaltizapán de Zapata,Morelos
62774,Temilpa Viejo,Tlaltizapán de Zapata,Morelos
62775,Las Juntas,Tlaltizapán de Zapata,Morelos
62775,San Rafael Zaragoza,Tlaltizapán de Zapata,Morelos
62775,El Mirador,Tlaltizapán de Zapata,Morelos
62775,San Pablo Hidalgo,Tlaltizapán de Zapata,Morelos
62775,Huertas el Mirador,Tlaltizapán de Zapata,Morelos
62775,Las Galeras,Tlaltizapán de Zapata,Morelos
62775,Plan de Ayala,Tlaltizapán de Zapata,Morelos
62775,El Topil,Tlaltizapán de Zapata,Morelos
62775,Palmillas,Tlaltizapán de Zapata,Morelos
62775,Los Presidentes,Tlaltizapán de Zapata,Morelos
62776,San Miguel 30,Tlaltizapán de Zapata,Morelos
62776,El Mirador,Tlaltizapán de Zapata,Morelos
62776,Otilio Montaño,Tlaltizapán de Zapata,Morelos
62776,Amador Salazar,Tlaltizapán de Zapata,Morelos
62777,La Mina,Tlaltizapán de Zapata,Morelos
62777,Pedro Carrizosa,Tlaltizapán de Zapata,Morelos
62777,El Pochote,Tlaltizapán de Zapata,Morelos
62777,Huatecalco,Tlaltizapán de Zapata,Morelos
62778,La Cruz,Tlaltizapán de Zapata,Morelos
62778,Los Cajetes,Tlaltizapán de Zapata,Morelos
62778,Nueva,Tlaltizapán de Zapata,Morelos
62778,20 30,Tlaltizapán de Zapata,Morelos
62778,Tierra y Libertad  ( La Loma ),Tlaltizapán de Zapata,Morelos
62778,El Conquistador,Tlaltizapán de Zapata,Morelos
62778,La Cima,Tlaltizapán de Zapata,Morelos
62778,Acamilpa,Tlaltizapán de Zapata,Morelos
62778,Temimilcingo,Tlaltizapán de Zapata,Morelos
62778,Pueblo Nuevo,Tlaltizapán de Zapata,Morelos
62778,Tecoloapan (Aguas Vivas),Tlaltizapán de Zapata,Morelos
62778,Francisco Javier Mina,Tlaltizapán de Zapata,Morelos
62778,Cuauhtémoc,Tlaltizapán de Zapata,Morelos
62778,El Texcal,Tlaltizapán de Zapata,Morelos
62778,El Marimon,Tlaltizapán de Zapata,Morelos
62780,20 de Noviembre,Zacatepec,Morelos
62780,Emiliano Zapata,Zacatepec,Morelos
62780,Independencia,Zacatepec,Morelos
62780,Lázaro Cárdenas,Zacatepec,Morelos
62780,Tetelpa,Zacatepec,Morelos
62780,Centro,Zacatepec,Morelos
62780,Benito Juárez,Zacatepec,Morelos
62780,Plan de Ayala,Zacatepec,Morelos
62780,Miguel Alemán,Zacatepec,Morelos
62780,Plutarco Elías Calles,Zacatepec,Morelos
62780,Plan de Ayala,Zacatepec,Morelos
62784,La Nopalera,Zacatepec,Morelos
62785,Vicente Guerrero,Zacatepec,Morelos
62785,Josefa Ortiz de Domínguez,Zacatepec,Morelos
62785,Alianza,Zacatepec,Morelos
62785,Lázaro Cárdenas,Zacatepec,Morelos
62785,Chiverías (San Antonio Chiverías),Zacatepec,Morelos
62785,Guadalupe Victoria,Zacatepec,Morelos
62785,Arboledas,Zacatepec,Morelos
62785,Galeana Centro,Zacatepec,Morelos
62785,Valle Sol,Zacatepec,Morelos
62785,Mártires del 10 de Abril,Zacatepec,Morelos
62790,La Calera,Xochitepec,Morelos
62790,Miguel Hidalgo,Xochitepec,Morelos
62790,La Pintora,Xochitepec,Morelos
62790,San Francisco,Xochitepec,Morelos
62790,Lázaro Cárdenas,Xochitepec,Morelos
62790,Real del Puente,Xochitepec,Morelos
62790,Las Rosas,Xochitepec,Morelos
62790,Alpuyeca,Xochitepec,Morelos
62790,Loma Bonita,Xochitepec,Morelos
62790,3 de Mayo,Xochitepec,Morelos
62790,Zempoala,Xochitepec,Morelos
62790,Club de Golf Santa Fe,Xochitepec,Morelos
62790,El Pedregal,Xochitepec,Morelos
62790,Francisco Villa,Xochitepec,Morelos
62790,La Esperanza,Xochitepec,Morelos
62790,Benito Juárez,Xochitepec,Morelos
62790,San Pedro de los Pinos,Xochitepec,Morelos
62790,Las Palmas,Xochitepec,Morelos
62790,Jardines de Xochitepec,Xochitepec,Morelos
62790,Tierra Verde,Xochitepec,Morelos
62790,Real del Puente,Xochitepec,Morelos
62790,Morelos 2da Sección,Xochitepec,Morelos
62790,Las Flores,Xochitepec,Morelos
62790,Cazahuatera,Xochitepec,Morelos
62790,Centro,Xochitepec,Morelos
62790,Ampliación Miguel Hidalgo,Xochitepec,Morelos
62790,San Miguel La Unión,Xochitepec,Morelos
62790,Obrera Popular,Xochitepec,Morelos
62790,La Ciénega,Xochitepec,Morelos
62790,Villas de Xochitepec,Xochitepec,Morelos
62790,La Cruz,Xochitepec,Morelos
62790,Atlacholoaya,Xochitepec,Morelos
62790,Morelos 1ra Sección,Xochitepec,Morelos
62790,Morelos 3ra Sección,Xochitepec,Morelos
62790,Nueva Morelos,Xochitepec,Morelos
62790,Colinas de Santa Fe,Xochitepec,Morelos
62790,El Calvario,Xochitepec,Morelos
62790,Campo la Canela,Xochitepec,Morelos
62790,Ampliación 3 de Mayo,Xochitepec,Morelos
62793,Lomas del Manantial,Xochitepec,Morelos
62795,La Cerillera San Isidro,Xochitepec,Morelos
62795,Chiconcuac,Xochitepec,Morelos
62796,Paseos de Xochitepec,Xochitepec,Morelos
62796,Arroyos Xochitepec,Xochitepec,Morelos
62800,Tetela del Volcán,Tetela del Volcán,Morelos
62802,Xochicalco,Tetela del Volcán,Morelos
62802,El Malinal,Tetela del Volcán,Morelos
62802,Tlalmimilulpan (San Pedro),Tetela del Volcán,Morelos
62803,Tlalamayocan,Tetela del Volcán,Morelos
62803,Paluca,Tetela del Volcán,Morelos
62803,Zacapechpa (Zacapezuca),Tetela del Volcán,Morelos
62803,Cacapola,Tetela del Volcán,Morelos
62804,Tecla,Tetela del Volcán,Morelos
62804,Lomas Lindas,Tetela del Volcán,Morelos
62804,San Miguel,Tetela del Volcán,Morelos
62804,El Capulín,Tetela del Volcán,Morelos
62804,El Encinal,Tetela del Volcán,Morelos
62805,Cuaucorra,Tetela del Volcán,Morelos
62810,Hueyapan (San Andrés Hueyapan),Tetela del Volcán,Morelos
62812,Tzitzicastla (Rancho las Flores),Tetela del Volcán,Morelos
62812,Yiganechxco,Tetela del Volcán,Morelos
62813,El Chilar Tepeyehualco,Tetela del Volcán,Morelos
62813,El Olivar (Colonia Emiliano Zapata),Tetela del Volcán,Morelos
62814,Ahuazutlán,Tetela del Volcán,Morelos
62814,Matlacotla,Tetela del Volcán,Morelos
62814,El Chupamirto,Tetela del Volcán,Morelos
62814,Tlalcomulco,Tetela del Volcán,Morelos
62814,Amialtenco,Tetela del Volcán,Morelos
62815,Las Mesas,Tetela del Volcán,Morelos
62820,Yecapixtla,Yecapixtla,Morelos
62823,Tezontetelco,Yecapixtla,Morelos
62823,La Hacienda,Yecapixtla,Morelos
62823,Los Capulines,Yecapixtla,Morelos
62823,Achichipico,Yecapixtla,Morelos
62823,El Matadero,Yecapixtla,Morelos
62823,Los Reyes,Yecapixtla,Morelos
62823,Aquiles Serdán,Yecapixtla,Morelos
62823,Zahuatlán,Yecapixtla,Morelos
62823,Xochitlán,Yecapixtla,Morelos
62823,Texcala,Yecapixtla,Morelos
62823,Zacahuacatla,Yecapixtla,Morelos
62824,Paraíso las Flores,Yecapixtla,Morelos
62824,Los Amates,Yecapixtla,Morelos
62824,El Izote,Yecapixtla,Morelos
62824,El Rosedal,Yecapixtla,Morelos
62824,Agua Zarca,Yecapixtla,Morelos
62824,Industrial Textil IMSS 100,Yecapixtla,Morelos
62825,Los Limones,Yecapixtla,Morelos
62825,Tecajec,Yecapixtla,Morelos
62825,Huexca,Yecapixtla,Morelos
62826,Mixtlalcingo,Yecapixtla,Morelos
62826,Juan Morales,Yecapixtla,Morelos
62826,Juan Morales,Yecapixtla,Morelos
62826,Loma Bonita,Yecapixtla,Morelos
62827,Girasoles (Campo el Guaje),Yecapixtla,Morelos
62827,Paraíso Escondido,Yecapixtla,Morelos
62827,Mexquemeca,Yecapixtla,Morelos
62828,Francisco I Madero,Yecapixtla,Morelos
62828,Tlamomulco,Yecapixtla,Morelos
62828,Yecapixteca,Yecapixtla,Morelos
62828,Xalpa,Yecapixtla,Morelos
62828,Adolfo López Mateos,Yecapixtla,Morelos
62828,Pazulco,Yecapixtla,Morelos
62828,Tlachichilco,Yecapixtla,Morelos
62828,Chichicastles,Yecapixtla,Morelos
62828,Marino Galicia,Yecapixtla,Morelos
62830,Totolapan,Totolapan,Morelos
62832,Nicolás Zapata,Totolapan,Morelos
62832,San Marcos,Totolapan,Morelos
62833,Colinas del Paraíso,Totolapan,Morelos
62833,El Jagüey de las Marzanas,Totolapan,Morelos
62834,Ahuatlán (Asunción Ahuatlán),Totolapan,Morelos
62834,Tepetlixpita,Totolapan,Morelos
62834,Palestina,Totolapan,Morelos
62835,El Fuerte (San Miguel),Totolapan,Morelos
62835,La Joya,Totolapan,Morelos
62835,Zacatepec,Totolapan,Morelos
62835,La Cañada (San Sebastián),Totolapan,Morelos
62835,Nepopualco,Totolapan,Morelos
62840,San Lucas,Atlatlahucan,Morelos
62840,Atlatlahucan,Atlatlahucan,Morelos
62840,Los Reyes,Atlatlahucan,Morelos
62840,San Sebastián,Atlatlahucan,Morelos
62840,San Mateo,Atlatlahucan,Morelos
62840,La Asunción,Atlatlahucan,Morelos
62840,Santa Bárbara,Atlatlahucan,Morelos
62843,San Antonio,Atlatlahucan,Morelos
62843,Emiliano Zapata,Atlatlahucan,Morelos
62843,San Antonio,Atlatlahucan,Morelos
62843,Santo Tomás,Atlatlahucan,Morelos
62843,El Puente,Atlatlahucan,Morelos
62843,El Mirador,Atlatlahucan,Morelos
62844,Santa Ana,Atlatlahucan,Morelos
62844,Hacienda del Rey,Atlatlahucan,Morelos
62844,San Marcos,Atlatlahucan,Morelos
62844,Guadalupana,Atlatlahucan,Morelos
62844,San Andrés,Atlatlahucan,Morelos
62844,Santa Ana,Atlatlahucan,Morelos
62845,Santa Inés,Atlatlahucan,Morelos
62845,San Diego Tepantongo,Atlatlahucan,Morelos
62845,El Oasis,Atlatlahucan,Morelos
62845,Centro Asturiano de México,Atlatlahucan,Morelos
62845,Rancho Santa Cruz,Atlatlahucan,Morelos
62845,El Astillero,Atlatlahucan,Morelos
62845,Hacienda la Alborada,Atlatlahucan,Morelos
62845,Pozo Mancera,Atlatlahucan,Morelos
62845,Telchicayac (El Cabellito),Atlatlahucan,Morelos
62845,Tlaltetelco (San Miguel Tlaltetelco),Atlatlahucan,Morelos
62845,La Cascada,Atlatlahucan,Morelos
62845,Loma de Malpais,Atlatlahucan,Morelos
62846,Punta de Malpais,Atlatlahucan,Morelos
62846,Framboyanes,Atlatlahucan,Morelos
62846,San Francisco,Atlatlahucan,Morelos
62846,Achititlán,Atlatlahucan,Morelos
62846,Kilómetro 88,Atlatlahucan,Morelos
62846,Telminca,Atlatlahucan,Morelos
62846,El Salto,Atlatlahucan,Morelos
62846,Kunetzin de los Volcanes,Atlatlahucan,Morelos
62846,El Jaral,Atlatlahucan,Morelos
62846,La Tortuga,Atlatlahucan,Morelos
62846,Los Cerritos,Atlatlahucan,Morelos
62847,San Juan Texcalpan,Atlatlahucan,Morelos
62847,Lomas de Cocoyoc,Atlatlahucan,Morelos
62847,Vicente Guerrero,Atlatlahucan,Morelos
62847,Lomas de San Juan Texcalpan,Atlatlahucan,Morelos
62850,Ocuituco,Ocuituco,Morelos
62850,Tepexi,Ocuituco,Morelos
62850,Tecamachalco,Ocuituco,Morelos
62853,San Nicolás,Ocuituco,Morelos
62853,La Asunción,Ocuituco,Morelos
62854,5 de Mayo,Ocuituco,Morelos
62855,Los Espino,Ocuituco,Morelos
62855,La Finca,Ocuituco,Morelos
62855,La Cebada,Ocuituco,Morelos
62855,La Higuera,Ocuituco,Morelos
62855,La Rosita,Ocuituco,Morelos
62855,Zacamilpa,Ocuituco,Morelos
62855,La Ixtla,Ocuituco,Morelos
62855,Metepec,Ocuituco,Morelos
62855,Huauscuautla,Ocuituco,Morelos
62855,Chignahuapan,Ocuituco,Morelos
62856,Mahoma,Ocuituco,Morelos
62857,Casahuatitla,Ocuituco,Morelos
62857,Tlacuatzingo,Ocuituco,Morelos
62857,Piedra Rajada,Ocuituco,Morelos
62857,Cerrito Colorado,Ocuituco,Morelos
62857,Santa Mónica,Ocuituco,Morelos
62857,Pochote,Ocuituco,Morelos
62857,Santa Elena de la Cruz,Ocuituco,Morelos
62857,Cruz de Lima,Ocuituco,Morelos
62857,La Ponderosa,Ocuituco,Morelos
62860,Jumiltepec,Ocuituco,Morelos
62860,Tepantitla,Ocuituco,Morelos
62863,El Cedral,Ocuituco,Morelos
62863,Tehualcaltitla,Ocuituco,Morelos
62863,Atenco,Ocuituco,Morelos
62864,Atataco,Ocuituco,Morelos
62864,La Joya,Ocuituco,Morelos
62864,Molotla,Ocuituco,Morelos
62864,El Naranjo,Ocuituco,Morelos
62865,Huejotengo (San Marcos),Ocuituco,Morelos
62865,Ocotitla,Ocuituco,Morelos
62865,Huepalcalco (San Miguel),Ocuituco,Morelos
62865,Cuestepec,Ocuituco,Morelos
62865,Ocoxaltepec,Ocuituco,Morelos
62866,Tomayo,Ocuituco,Morelos
62866,Temaxquiticla,Ocuituco,Morelos
62867,Huecahuasco,Ocuituco,Morelos
62870,Temoac,Temoac,Morelos
62873,Popotlán ( Barrio de Santo Tomás ),Temoac,Morelos
62873,Los Cuatecomates,Temoac,Morelos
62880,Huazulco,Temoac,Morelos
62885,Amilcingo,Temoac,Morelos
62887,El Puente,Temoac,Morelos
62887,Escuela Normal Rural Amilcingo,Temoac,Morelos
62890,Zacualpan de Amilpas,Zacualpan,Morelos
62893,Curiel,Zacualpan,Morelos
62893,Barranca Amatzinac,Zacualpan,Morelos
62894,Guadalupe Victoria,Zacualpan,Morelos
62894,Las Presas,Zacualpan,Morelos
62895,Tlacotepec,Zacualpan,Morelos
62896,Toribio Rivera,Zacualpan,Morelos
62896,La Compuerta,Zacualpan,Morelos
62897,La Presa (El Cerro de la Era),Zacualpan,Morelos
62900,El Higuerón,Jojutla,Morelos
62900,El Pochote,Jojutla,Morelos
62900,El Jagüey,Jojutla,Morelos
62900,Jojutla de Juárez Centro,Jojutla,Morelos
62900,Las Calaveras,Jojutla,Morelos
62900,La Pastrana,Jojutla,Morelos
62900,San Jerónimo,Jojutla,Morelos
62900,Emiliano Zapata,Jojutla,Morelos
62900,Reforma,Jojutla,Morelos
62900,Las Cañas,Jojutla,Morelos
62900,Benito Juárez,Jojutla,Morelos
62900,El Zapatito,Jojutla,Morelos
62900,Los Arrozales,Jojutla,Morelos
62900,Cuauhtémoc,Jojutla,Morelos
62900,Del Bosque,Jojutla,Morelos
62900,Panchimalco,Jojutla,Morelos
62905,Nexpa,Jojutla,Morelos
62905,Álamos,Jojutla,Morelos
62905,Unidad Deportiva,Jojutla,Morelos
62906,Lázaro Cárdenas (el Molino),Jojutla,Morelos
62906,Pedro Amaro,Jojutla,Morelos
62906,Pedro Amaro,Jojutla,Morelos
62906,Higuerón,Jojutla,Morelos
62907,Independencia,Jojutla,Morelos
62907,Vicente Guerrero,Jojutla,Morelos
62907,Ricardo Soto,Jojutla,Morelos
62907,Tlatenchi,Jojutla,Morelos
62908,Buenos Aires,Jojutla,Morelos
62908,Santa María,Jojutla,Morelos
62908,Las Fincas de Tequesquitengo,Jojutla,Morelos
62908,Bonanza,Jojutla,Morelos
62909,José María Morelos y Pavón,Jojutla,Morelos
62909,Los Pilares,Jojutla,Morelos
62909,Nicolás Bravo,Jojutla,Morelos
62909,El Paraíso (Vicente Guerrero),Jojutla,Morelos
62909,Jicarero,Jojutla,Morelos
62909,Nicolás Bravo,Jojutla,Morelos
62910,Tehuixtla,Jojutla,Morelos
62912,Campo San Pablo,Jojutla,Morelos
62913,Loma Bonita (arenales),Jojutla,Morelos
62914,Guadalupe,Jojutla,Morelos
62914,Emiliano Zapata,Jojutla,Morelos
62914,Azuchilera,Jojutla,Morelos
62914,La Mesa de los Indios,Jojutla,Morelos
62915,Tequesquitengo,Jojutla,Morelos
62916,Las Brasileras,Jojutla,Morelos
62917,Tenerías,Jojutla,Morelos
62917,Los Lagartos,Jojutla,Morelos
62917,Río Seco,Jojutla,Morelos
62917,Vicente Aranda (San Rafael),Jojutla,Morelos
62917,Chisco,Jojutla,Morelos
62920,San Francisco,Tepalcingo,Morelos
62920,Palo Revuelto,Tepalcingo,Morelos
62920,Tepeticla,Tepalcingo,Morelos
62920,San Martín,Tepalcingo,Morelos
62920,La Concepción,Tepalcingo,Morelos
62920,Buenos Aires,Tepalcingo,Morelos
62920,Santuario Centro,Tepalcingo,Morelos
62920,Emiliano Zapata,Tepalcingo,Morelos
62920,Guadalupe,Tepalcingo,Morelos
62920,Los Reyes,Tepalcingo,Morelos
62920,Tepalcingo,Tepalcingo,Morelos
62923,Huitchila,Tepalcingo,Morelos
62923,Adolfo López Mateos,Tepalcingo,Morelos
62923,Cruz de Jaramalla ( Lauro Ortega ),Tepalcingo,Morelos
62924,El Bambú,Tepalcingo,Morelos
62924,Mano Pintada,Tepalcingo,Morelos
62924,Ixtlilco El Chico,Tepalcingo,Morelos
62925,La Vía,Tepalcingo,Morelos
62925,20 de Noviembre,Tepalcingo,Morelos
62925,El Tulipán,Tepalcingo,Morelos
62925,Atotonilco,Tepalcingo,Morelos
62926,El Pozo,Tepalcingo,Morelos
62926,Ixtlilco El Grande,Tepalcingo,Morelos
62926,Las Joyas,Tepalcingo,Morelos
62926,La Junta,Tepalcingo,Morelos
62926,El Tepehuaje,Tepalcingo,Morelos
62927,Molotlál ( Mogotlán ),Tepalcingo,Morelos
62927,El Limón de Cuahuchichinola,Tepalcingo,Morelos
62927,Zacapalco,Tepalcingo,Morelos
62927,Emiliano Zapata,Tepalcingo,Morelos
62927,El Tepehuaje,Tepalcingo,Morelos
62927,Pitzotlán,Tepalcingo,Morelos
62927,Los Sauces,Tepalcingo,Morelos
62930,Jonacatepec,Jonacatepec,Morelos
62933,La Capilla,Jonacatepec,Morelos
62933,López de Nava,Jonacatepec,Morelos
62933,Zull Ayot,Jonacatepec,Morelos
62934,Leandro Valle,Jonacatepec,Morelos
62934,Nueva,Jonacatepec,Morelos
62935,El Carrizal,Jonacatepec,Morelos
62935,Ex-Hacienda Montefalco,Jonacatepec,Morelos
62936,La Divina Providencia,Jonacatepec,Morelos
62936,La Yesera,Jonacatepec,Morelos
62936,Las Bugambilias,Jonacatepec,Morelos
62936,El Abrevadero,Jonacatepec,Morelos
62936,La Casa de Piedra,Jonacatepec,Morelos
62936,Santa Cruz,Jonacatepec,Morelos
62936,El Puente Angosto,Jonacatepec,Morelos
62937,Amacuitlapilco,Jonacatepec,Morelos
62937,Tlayca,Jonacatepec,Morelos
62937,Juárez,Jonacatepec,Morelos
62937,Emiliano Zapata,Jonacatepec,Morelos
62940,Tetelilla,Jonacatepec,Morelos
62943,El Puente Colorado,Jonacatepec,Morelos
62944,Tetelilla,Jonacatepec,Morelos
62950,Axochiapan,Axochiapan,Morelos
62952,Otilio Montaño,Axochiapan,Morelos
62952,Industrial,Axochiapan,Morelos
62952,Arboledas,Axochiapan,Morelos
62952,Rubén Jaramillo,Axochiapan,Morelos
62952,Año 2000-Villa Hermosa,Axochiapan,Morelos
62952,Vista Hermosa,Axochiapan,Morelos
62952,Bugambilias,Axochiapan,Morelos
62952,Carrillo Olea,Axochiapan,Morelos
62953,Las Ardillas,Axochiapan,Morelos
62953,Progreso,Axochiapan,Morelos
62953,Del Carmen,Axochiapan,Morelos
62953,Mirador,Axochiapan,Morelos
62953,La Luz,Axochiapan,Morelos
62953,Progreso,Axochiapan,Morelos
62954,San Pablo,Axochiapan,Morelos
62954,Centenario,Axochiapan,Morelos
62954,Florida,Axochiapan,Morelos
62954,Biznaga,Axochiapan,Morelos
62954,Emiliano Zapata,Axochiapan,Morelos
62955,Cuauhtémoc,Axochiapan,Morelos
62955,5 de Mayo,Axochiapan,Morelos
62955,Tlalayo,Axochiapan,Morelos
62955,El C.B.T.A.,Axochiapan,Morelos
62955,Rubén Carrillo,Axochiapan,Morelos
62955,Los Tres Reyes,Axochiapan,Morelos
62955,Los Gavilanes,Axochiapan,Morelos
62955,Los Linderos,Axochiapan,Morelos
62955,La Estación,Axochiapan,Morelos
62955,Las Palmas,Axochiapan,Morelos
62956,El Guamúchil,Axochiapan,Morelos
62956,Cabrera,Axochiapan,Morelos
62956,La Piedra Colorada,Axochiapan,Morelos
62956,El Papagayo,Axochiapan,Morelos
62956,Los Laureles,Axochiapan,Morelos
62956,Juan Ortega Sánchez,Axochiapan,Morelos
62956,Palo Blanco,Axochiapan,Morelos
62956,Ahuaxtla,Axochiapan,Morelos
62956,Benito Juárez,Axochiapan,Morelos
62956,Los Limites,Axochiapan,Morelos
62957,Quebrantadero,Axochiapan,Morelos
62957,El Mezquital,Axochiapan,Morelos
62957,Jardines del Edén,Axochiapan,Morelos
62957,Las Tinajas,Axochiapan,Morelos
62957,Joaquín Camaño,Axochiapan,Morelos
62957,Las Palmas ( Poza del Pajarito ),Axochiapan,Morelos
62957,La Laguna,Axochiapan,Morelos
62962,Cayehuacán,Axochiapan,Morelos
62962,Los Carros,Axochiapan,Morelos
62962,La Nopalera ( Huayacan ),Axochiapan,Morelos
62962,Nueva Esperanza,Axochiapan,Morelos
62962,La Toma,Axochiapan,Morelos
62962,Marcelino Rodriguez ( San Ignacio ),Axochiapan,Morelos
62963,Los Nacahuites,Axochiapan,Morelos
62963,Atlacahualoya,Axochiapan,Morelos
62963,La Huerta,Axochiapan,Morelos
62963,La Joya del Zompa,Axochiapan,Morelos
62963,Coayuca de Morelos,Axochiapan,Morelos
62965,Telixtac,Axochiapan,Morelos
62970,Manuel Alarcón,Jantetelco,Morelos
62970,Mariana Díaz,Jantetelco,Morelos
62970,San Pedro Jantetelco,Jantetelco,Morelos
62972,Gabriel Tepepa,Jantetelco,Morelos
62972,Amayuca,Jantetelco,Morelos
62973,Serafín Marcial Bonilla,Jantetelco,Morelos
62974,Santa Lucia,Jantetelco,Morelos
62974,Alondra,Jantetelco,Morelos
62974,Mariano Matamoros,Jantetelco,Morelos
62974,4 Caminos,Jantetelco,Morelos
62974,Nuevo Xochimilco,Jantetelco,Morelos
62975,Los Bordos,Jantetelco,Morelos
62975,La Y,Jantetelco,Morelos
62975,La Renta,Jantetelco,Morelos
62976,La Laja,Jantetelco,Morelos
62977,La Joya,Jantetelco,Morelos
62977,Chalcatzingo,Jantetelco,Morelos
62978,Tenango (Santa Ana),Jantetelco,Morelos
62978,San Antonio La Esperanza,Jantetelco,Morelos
62978,Emiliano Zapata,Jantetelco,Morelos
62978,La Huerta,Jantetelco,Morelos
62978,Peñón de los Baños,Jantetelco,Morelos
62980,Gabriel Tepepa,Tlaquiltenango,Morelos
62980,Vista Alegre,Tlaquiltenango,Morelos
62980,Los Presidentes,Tlaquiltenango,Morelos
62980,El Texcal,Tlaquiltenango,Morelos
62980,Alfredo V. Bonfil (Chacampalco),Tlaquiltenango,Morelos
62980,Cantora,Tlaquiltenango,Morelos
62980,Tlayehualco,Tlaquiltenango,Morelos
62980,Tlaquiltenango,Tlaquiltenango,Morelos
62980,Plan de Ayala,Tlaquiltenango,Morelos
62983,3 de Mayo (El Tepiolol),Tlaquiltenango,Morelos
62983,Miguel Hidalgo,Tlaquiltenango,Morelos
62984,Celerino Manzanares,Tlaquiltenango,Morelos
62984,Emiliano Zapata,Tlaquiltenango,Morelos
62984,Palo Grande,Tlaquiltenango,Morelos
62985,Las Carpas,Tlaquiltenango,Morelos
62985,La Mezquitera (El Astillero),Tlaquiltenango,Morelos
62985,La Era (Calalpa),Tlaquiltenango,Morelos
62985,Las Bóvedas,Tlaquiltenango,Morelos
62986,Valle de Vázquez (Los Hornos),Tlaquiltenango,Morelos
62986,La Tigra,Tlaquiltenango,Morelos
62986,Lorenzo Vázquez (Santa Cruz),Tlaquiltenango,Morelos
62986,Los Dormidos,Tlaquiltenango,Morelos
62986,Chimalacatlán,Tlaquiltenango,Morelos
62986,San José de Pala,Tlaquiltenango,Morelos
62986,Quilamula,Tlaquiltenango,Morelos
62987,Paso de Palapa,Tlaquiltenango,Morelos
62987,Pueblo Viejo,Tlaquiltenango,Morelos
62987,Los Elotes (San Miguel de los Elotes),Tlaquiltenango,Morelos
62987,Nexpa,Tlaquiltenango,Morelos
62987,Xicatlacotla,Tlaquiltenango,Morelos
62988,El Pajon,Tlaquiltenango,Morelos
62988,Huixastla,Tlaquiltenango,Morelos
62988,Coaxitlán,Tlaquiltenango,Morelos
62988,El Calabazal (Rancho la Ceiba),Tlaquiltenango,Morelos
62990,Huautla,Tlaquiltenango,Morelos
62993,Ajuchitlán,Tlaquiltenango,Morelos
62994,Rancho Viejo,Tlaquiltenango,Morelos
62995,Huaxtla,Tlaquiltenango,Morelos
62995,La Bomba,Tlaquiltenango,Morelos
62996,Xochipala,Tlaquiltenango,Morelos
62996,Santiopa,Tlaquiltenango,Morelos
