77000,Chetumal Centro,Othón P. Blanco,Quintana Roo
77008,Secretaria de Hacienda y Crédito Publico,Othón P. Blanco,Quintana Roo
77009,Palacio de Gobierno del Estado de Quintana Roo,Othón P. Blanco,Quintana Roo
77010,Naval,Othón P. Blanco,Quintana Roo
77010,Francisco J Mújica INFONAVIT,Othón P. Blanco,Quintana Roo
77010,Isabel Tenorio,Othón P. Blanco,Quintana Roo
77010,Del Mar I y II (Infonavit),Othón P. Blanco,Quintana Roo
77010,Adolfo López Mateos,Othón P. Blanco,Quintana Roo
77010,Bugambilias,Othón P. Blanco,Quintana Roo
77011,Centro Sct Quintana Roo,Othón P. Blanco,Quintana Roo
77012,Casitas,Othón P. Blanco,Quintana Roo
77012,Venustiano Carranza,Othón P. Blanco,Quintana Roo
77013,David G Gutiérrez Ruiz,Othón P. Blanco,Quintana Roo
77014,Villas Kinichna,Othón P. Blanco,Quintana Roo
77014,Andara,Othón P. Blanco,Quintana Roo
77014,Unidad Antorchista,Othón P. Blanco,Quintana Roo
77014,Los Arcos,Othón P. Blanco,Quintana Roo
77014,Centenario,Othón P. Blanco,Quintana Roo
77014,Flamingos,Othón P. Blanco,Quintana Roo
77014,Pacto Obrero Campesino,Othón P. Blanco,Quintana Roo
77014,Infonavit Santa María,Othón P. Blanco,Quintana Roo
77014,Oxtankah,Othón P. Blanco,Quintana Roo
77015,Constituyentes,Othón P. Blanco,Quintana Roo
77015,Del Sol,Othón P. Blanco,Quintana Roo
77015,Industrial,Othón P. Blanco,Quintana Roo
77016,Martínez Ross,Othón P. Blanco,Quintana Roo
77016,Leona Vicario,Othón P. Blanco,Quintana Roo
77017,Ley Federal de Agua,Othón P. Blanco,Quintana Roo
77017,SAHOP,Othón P. Blanco,Quintana Roo
77018,5 de Abril,Othón P. Blanco,Quintana Roo
77018,Avancemos Juntos,Othón P. Blanco,Quintana Roo
77018,Reforma,Othón P. Blanco,Quintana Roo
77019,Del Bosque,Othón P. Blanco,Quintana Roo
77020,Carlos Riva Palacio,Othón P. Blanco,Quintana Roo
77020,Rafael E Melgar FOVISSSTE,Othón P. Blanco,Quintana Roo
77020,Gonzalo Guerrero,Othón P. Blanco,Quintana Roo
77023,Miraflores II,Othón P. Blanco,Quintana Roo
77023,Infonavit Enrique Ramírez y Ramírez,Othón P. Blanco,Quintana Roo
77024,Fovissste (II Etapa),Othón P. Blanco,Quintana Roo
77024,Cedros,Othón P. Blanco,Quintana Roo
77025,Guadalupe Victoria,Othón P. Blanco,Quintana Roo
77025,Forjadores de Quintana Roo,Othón P. Blanco,Quintana Roo
77025,Los Almendros,Othón P. Blanco,Quintana Roo
77025,Sutage INFONAVIT,Othón P. Blanco,Quintana Roo
77025,Residencial Marsella,Othón P. Blanco,Quintana Roo
77025,Milenio,Othón P. Blanco,Quintana Roo
77026,El Sol,Othón P. Blanco,Quintana Roo
77026,Jardines,Othón P. Blanco,Quintana Roo
77026,Tumben Cuxtal,Othón P. Blanco,Quintana Roo
77026,Fovissste  IV Etapa,Othón P. Blanco,Quintana Roo
77027,Miraflores,Othón P. Blanco,Quintana Roo
77028,8 de Octubre,Othón P. Blanco,Quintana Roo
77028,8 de Octubre,Othón P. Blanco,Quintana Roo
77028,Plutarco Elías Calles,Othón P. Blanco,Quintana Roo
77029,Los Monos,Othón P. Blanco,Quintana Roo
77029,Lagunitas,Othón P. Blanco,Quintana Roo
77029,Bosques del Lago,Othón P. Blanco,Quintana Roo
77030,Campestre,Othón P. Blanco,Quintana Roo
77034,Framboyanes,Othón P. Blanco,Quintana Roo
77035,Italia,Othón P. Blanco,Quintana Roo
77036,Josefa Ortiz de Domínguez,Othón P. Blanco,Quintana Roo
77037,Aserradero,Othón P. Blanco,Quintana Roo
77037,Benito Juárez,Othón P. Blanco,Quintana Roo
77037,Taxistas,Othón P. Blanco,Quintana Roo
77038,20 de Noviembre,Othón P. Blanco,Quintana Roo
77039,Magisterial,Othón P. Blanco,Quintana Roo
77039,Residencial Mediterráneo,Othón P. Blanco,Quintana Roo
77040,Santa Isabel Cereso,Othón P. Blanco,Quintana Roo
77041,Cereso Chetumal,Othón P. Blanco,Quintana Roo
77048,Chetumal (Internacional de Chetumal),Othón P. Blanco,Quintana Roo
77049,FOVISSSTE 5a Etapa,Othón P. Blanco,Quintana Roo
77049,Estatuto Jurídico,Othón P. Blanco,Quintana Roo
77050,Infonavit Álvaro Obregón,Othón P. Blanco,Quintana Roo
77050,Residencial la Herradura,Othón P. Blanco,Quintana Roo
77050,Infonavit Hermanos Flores Magón,Othón P. Blanco,Quintana Roo
77050,Cascada I,Othón P. Blanco,Quintana Roo
77050,Aeropuerto,Othón P. Blanco,Quintana Roo
77050,Fovissste (I Etapa),Othón P. Blanco,Quintana Roo
77050,Cascadas II,Othón P. Blanco,Quintana Roo
77053,Lomas del Caribe,Othón P. Blanco,Quintana Roo
77059,Infonavit Villas Chetumal,Othón P. Blanco,Quintana Roo
77060,Militar,Othón P. Blanco,Quintana Roo
77060,Electricistas,Othón P. Blanco,Quintana Roo
77070,Infonavit Aarón Merino Fernández,Othón P. Blanco,Quintana Roo
77079,Bahía,Othón P. Blanco,Quintana Roo
77079,Zona de Granjas,Othón P. Blanco,Quintana Roo
77079,Residencial Caribe,Othón P. Blanco,Quintana Roo
77079,Fovissste VI Etapa (Tampico),Othón P. Blanco,Quintana Roo
77079,Las Brisas,Othón P. Blanco,Quintana Roo
77079,FOVISSSTE 6a Etapa,Othón P. Blanco,Quintana Roo
77080,Infonavit Fidel Velázquez,Othón P. Blanco,Quintana Roo
77082,Jardines de Payo Obispo,Othón P. Blanco,Quintana Roo
77082,Kilómetro 5,Othón P. Blanco,Quintana Roo
77083,Nuevo Progreso,Othón P. Blanco,Quintana Roo
77083,Payo Obispo IV,Othón P. Blanco,Quintana Roo
77083,Tamalcab,Othón P. Blanco,Quintana Roo
77083,Residencial Chetumal IV,Othón P. Blanco,Quintana Roo
77083,Payo Obispo I y II,Othón P. Blanco,Quintana Roo
77084,Maya Real,Othón P. Blanco,Quintana Roo
77084,Payo Obispo,Othón P. Blanco,Quintana Roo
77084,Infonavit Emancipación,Othón P. Blanco,Quintana Roo
77085,Hacienda Chetumal,Othón P. Blanco,Quintana Roo
77086,El Encanto,Othón P. Blanco,Quintana Roo
77086,Lázaro Cárdenas,Othón P. Blanco,Quintana Roo
77086,Las Américas,Othón P. Blanco,Quintana Roo
77086,Las Americas II,Othón P. Blanco,Quintana Roo
77086,Proterritorio VIII,Othón P. Blanco,Quintana Roo
77086,Las Arboledas II,Othón P. Blanco,Quintana Roo
77086,Territorio Federal de Quintana Roo,Othón P. Blanco,Quintana Roo
77086,Infonavit 17 de Octubre,Othón P. Blanco,Quintana Roo
77086,Proterritorio VII,Othón P. Blanco,Quintana Roo
77086,La Esperanza,Othón P. Blanco,Quintana Roo
77086,Sian Kaan II,Othón P. Blanco,Quintana Roo
77086,Las Arboledas I,Othón P. Blanco,Quintana Roo
77086,Residencial Arboledas,Othón P. Blanco,Quintana Roo
77086,Andrés Quintana Roo,Othón P. Blanco,Quintana Roo
77086,Residencial Chetumal I y II (2004),Othón P. Blanco,Quintana Roo
77086,Nueva Generación,Othón P. Blanco,Quintana Roo
77086,Solidaridad,Othón P. Blanco,Quintana Roo
77086,Comité Proterritorio,Othón P. Blanco,Quintana Roo
77086,Caribe,Othón P. Blanco,Quintana Roo
77086,Residencial del Sol,Othón P. Blanco,Quintana Roo
77086,Félix Gonzalez Canto,Othón P. Blanco,Quintana Roo
77086,Proterritorio Ampliación I,Othón P. Blanco,Quintana Roo
77086,Las Américas III,Othón P. Blanco,Quintana Roo
77086,Bicentenario,Othón P. Blanco,Quintana Roo
77087,Sian Kaan,Othón P. Blanco,Quintana Roo
77090,Plutarco Elías Calles,Othón P. Blanco,Quintana Roo
77098,Barrio Bravo,Othón P. Blanco,Quintana Roo
77099,Primera Legislatura,Othón P. Blanco,Quintana Roo
77100,Laguna Kaná,Felipe Carrillo Puerto,Quintana Roo
77104,Mixtequilla,Felipe Carrillo Puerto,Quintana Roo
77104,Santa María Poniente,Felipe Carrillo Puerto,Quintana Roo
77104,Chan Santa Cruz,Felipe Carrillo Puerto,Quintana Roo
77104,Noh-Cah,Felipe Carrillo Puerto,Quintana Roo
77105,San Andrés,Felipe Carrillo Puerto,Quintana Roo
77106,X-Hazil Sur,Felipe Carrillo Puerto,Quintana Roo
77106,X-Konha,Felipe Carrillo Puerto,Quintana Roo
77107,Betania,Felipe Carrillo Puerto,Quintana Roo
77108,Chunhuás,Felipe Carrillo Puerto,Quintana Roo
77110,Tuzik,Felipe Carrillo Puerto,Quintana Roo
77114,San José Segundo,Felipe Carrillo Puerto,Quintana Roo
77115,Trapich,Felipe Carrillo Puerto,Quintana Roo
77115,San Felipe Berriozábal,Felipe Carrillo Puerto,Quintana Roo
77116,Yodzonot Chico,Felipe Carrillo Puerto,Quintana Roo
77116,Francisco I. Madero,Felipe Carrillo Puerto,Quintana Roo
77117,Francisco May,Felipe Carrillo Puerto,Quintana Roo
77118,San Ramón,Felipe Carrillo Puerto,Quintana Roo
77120,Tepich,Felipe Carrillo Puerto,Quintana Roo
77121,Tihosuco,Felipe Carrillo Puerto,Quintana Roo
77123,Dzoyola,Felipe Carrillo Puerto,Quintana Roo
77125,San Francisco Aké,Felipe Carrillo Puerto,Quintana Roo
77130,Chumpón,Felipe Carrillo Puerto,Quintana Roo
77130,Chun On,Felipe Carrillo Puerto,Quintana Roo
77135,Chun-Yah,Felipe Carrillo Puerto,Quintana Roo
77140,X-Pichil,Felipe Carrillo Puerto,Quintana Roo
77140,Santa Rosa Segundo,Felipe Carrillo Puerto,Quintana Roo
77144,Tabi,Felipe Carrillo Puerto,Quintana Roo
77145,Yaxley,Felipe Carrillo Puerto,Quintana Roo
77146,Tixcacal Guardia,Felipe Carrillo Puerto,Quintana Roo
77147,Kampokolché,Felipe Carrillo Puerto,Quintana Roo
77148,Filomeno Mata,Felipe Carrillo Puerto,Quintana Roo
77148,Hobompich,Felipe Carrillo Puerto,Quintana Roo
77150,Señor,Felipe Carrillo Puerto,Quintana Roo
77156,José María Pino Suárez,Felipe Carrillo Puerto,Quintana Roo
77156,Santa Amalia,Felipe Carrillo Puerto,Quintana Roo
77158,Kancabchén,Felipe Carrillo Puerto,Quintana Roo
77160,Dzulá,Felipe Carrillo Puerto,Quintana Roo
77160,X-Yatil,Felipe Carrillo Puerto,Quintana Roo
77160,Chunhuhub,Felipe Carrillo Puerto,Quintana Roo
77163,Yoactún,Felipe Carrillo Puerto,Quintana Roo
77169,Polyuc,Felipe Carrillo Puerto,Quintana Roo
77170,Presidente Juárez,Felipe Carrillo Puerto,Quintana Roo
77174,Ignacio Manuel Altamirano,Felipe Carrillo Puerto,Quintana Roo
77175,Nuevo Israel,Felipe Carrillo Puerto,Quintana Roo
77176,Nueva Loría,Felipe Carrillo Puerto,Quintana Roo
77177,Naranjal Poniente,Felipe Carrillo Puerto,Quintana Roo
77178,Ramonal,Felipe Carrillo Puerto,Quintana Roo
77180,Uh May,Felipe Carrillo Puerto,Quintana Roo
77185,Andrés Quintana Roo,Felipe Carrillo Puerto,Quintana Roo
77188,Chancah Veracruz,Felipe Carrillo Puerto,Quintana Roo
77189,Chancah Derrepente,Felipe Carrillo Puerto,Quintana Roo
77190,Noh-Bec,Felipe Carrillo Puerto,Quintana Roo
77192,Cuauhtémoc,Felipe Carrillo Puerto,Quintana Roo
77196,Petcacab,Felipe Carrillo Puerto,Quintana Roo
77197,Reforma Agraria,Felipe Carrillo Puerto,Quintana Roo
77198,Kopchen,Felipe Carrillo Puerto,Quintana Roo
77200,Felipe Carrillo Puerto Centro,Felipe Carrillo Puerto,Quintana Roo
77210,Leona Vicario,Felipe Carrillo Puerto,Quintana Roo
77214,Plan de Ayala,Felipe Carrillo Puerto,Quintana Roo
77215,Plan de Ayutla,Felipe Carrillo Puerto,Quintana Roo
77216,Plan de Guadalupe,Felipe Carrillo Puerto,Quintana Roo
77217,Plan de La Noria,Felipe Carrillo Puerto,Quintana Roo
77220,Jesús Martínez Ross,Felipe Carrillo Puerto,Quintana Roo
77229,Emiliano Zapata,Felipe Carrillo Puerto,Quintana Roo
77230,Cecilio Chi,Felipe Carrillo Puerto,Quintana Roo
77238,Rafael E Melgar,Felipe Carrillo Puerto,Quintana Roo
77239,Lázaro Cárdenas,Felipe Carrillo Puerto,Quintana Roo
77240,Francisco May,Felipe Carrillo Puerto,Quintana Roo
77249,Constituyentes,Felipe Carrillo Puerto,Quintana Roo
77249,María Villanueva Madrid,Felipe Carrillo Puerto,Quintana Roo
77250,Juan Bautista Vega,Felipe Carrillo Puerto,Quintana Roo
77259,Javier Rojo Gómez,Felipe Carrillo Puerto,Quintana Roo
77300,Kantunilkin Centro,Lázaro Cárdenas,Quintana Roo
77302,Xaman - Kah,Lázaro Cárdenas,Quintana Roo
77303,Borge Martín,Lázaro Cárdenas,Quintana Roo
77304,Unidad Deportiva,Lázaro Cárdenas,Quintana Roo
77305,Capa,Lázaro Cárdenas,Quintana Roo
77306,Terencio Tah,Lázaro Cárdenas,Quintana Roo
77307,Expo,Lázaro Cárdenas,Quintana Roo
77310,Isla de Holbox,Lázaro Cárdenas,Quintana Roo
77320,Chiquila,Lázaro Cárdenas,Quintana Roo
77320,Quintana,Lázaro Cárdenas,Quintana Roo
77326,Tekaxeñia,Lázaro Cárdenas,Quintana Roo
77330,Solferino,Lázaro Cárdenas,Quintana Roo
77333,San Ángel,Lázaro Cárdenas,Quintana Roo
77350,Valladolid Nuevo,Lázaro Cárdenas,Quintana Roo
77355,Esperanza 2,Lázaro Cárdenas,Quintana Roo
77360,Zaragoza,Lázaro Cárdenas,Quintana Roo
77365,El Naranjal,Lázaro Cárdenas,Quintana Roo
77366,El Tintal,Lázaro Cárdenas,Quintana Roo
77366,San Román,Lázaro Cárdenas,Quintana Roo
77367,El Pocito,Lázaro Cárdenas,Quintana Roo
77368,El Ideal,Lázaro Cárdenas,Quintana Roo
77369,San Pedro,Lázaro Cárdenas,Quintana Roo
77369,El Cedral,Lázaro Cárdenas,Quintana Roo
77369,Vicente Guerrero,Lázaro Cárdenas,Quintana Roo
77370,Agua Azul,Lázaro Cárdenas,Quintana Roo
77370,Benito Juárez,Lázaro Cárdenas,Quintana Roo
77376,San Lorenzo,Lázaro Cárdenas,Quintana Roo
77376,San Martiniano,Lázaro Cárdenas,Quintana Roo
77376,Delirios,Lázaro Cárdenas,Quintana Roo
77376,Tres Marias,Lázaro Cárdenas,Quintana Roo
77376,Constituyentes del Setenta y Cuatro,Lázaro Cárdenas,Quintana Roo
77377,Héroe de Nacozari,Lázaro Cárdenas,Quintana Roo
77380,Nuevo Xcan,Lázaro Cárdenas,Quintana Roo
77385,San Antonio,Lázaro Cárdenas,Quintana Roo
77385,San Francisco,Lázaro Cárdenas,Quintana Roo
77390,3 Reyes,Lázaro Cárdenas,Quintana Roo
77398,San Juan de Dios,Lázaro Cárdenas,Quintana Roo
77400,Caridad del Cobre,Isla Mujeres,Quintana Roo
77400,Isla Blanca,Isla Mujeres,Quintana Roo
77400,Isla Mujeres,Isla Mujeres,Quintana Roo
77400,Isla Mujeres Centro,Isla Mujeres,Quintana Roo
77400,Metereológico,Isla Mujeres,Quintana Roo
77400,Salina Chica,Isla Mujeres,Quintana Roo
77400,Punta Gaviota,Isla Mujeres,Quintana Roo
77400,El Cañotal,Isla Mujeres,Quintana Roo
77400,Salina Grande,Isla Mujeres,Quintana Roo
77400,Ampliación la Gloria,Isla Mujeres,Quintana Roo
77400,Miraflores,Isla Mujeres,Quintana Roo
77400,23 de Noviembre,Isla Mujeres,Quintana Roo
77400,La Gloria,Isla Mujeres,Quintana Roo
77400,Lolbe,Isla Mujeres,Quintana Roo
77400,Santa Rosa,Isla Mujeres,Quintana Roo
77402,Mar Caribe,Isla Mujeres,Quintana Roo
77402,Mar Caribe,Isla Mujeres,Quintana Roo
77402,Vista Alegre,Isla Mujeres,Quintana Roo
77403,Faro,Isla Mujeres,Quintana Roo
77403,Del Sureste,Isla Mujeres,Quintana Roo
77404,Lagunamar,Isla Mujeres,Quintana Roo
77406,Islote de Carbonera,Isla Mujeres,Quintana Roo
77407,Puerto de Abrigo,Isla Mujeres,Quintana Roo
77407,Caribeña,Isla Mujeres,Quintana Roo
77407,Electricistas,Isla Mujeres,Quintana Roo
77408,Islote El Yunque,Isla Mujeres,Quintana Roo
77409,Prolongación Aeropuerto,Isla Mujeres,Quintana Roo
77409,Bahía,Isla Mujeres,Quintana Roo
77410,Monte Olivo,Isla Mujeres,Quintana Roo
77410,Las Américas,Isla Mujeres,Quintana Roo
77410,SMZA 1,Isla Mujeres,Quintana Roo
77410,La Guadalupana,Isla Mujeres,Quintana Roo
77410,El Nazareno,Isla Mujeres,Quintana Roo
77412,Nueva Tierra,Isla Mujeres,Quintana Roo
77500,Supermanzana 3 Centro,Benito Juárez,Quintana Roo
77500,Supermanzana 20 Centro,Benito Juárez,Quintana Roo
77500,Supermanzana 52,Benito Juárez,Quintana Roo
77500,Cancún Centro,Benito Juárez,Quintana Roo
77500,Supermanzana 22 Centro,Benito Juárez,Quintana Roo
77500,Supermanzana 5 Centro,Benito Juárez,Quintana Roo
77500,Supermanzana 23 Centro,Benito Juárez,Quintana Roo
77500,Supermanzana 4 A,Benito Juárez,Quintana Roo
77500,Supermanzana 1 Centro,Benito Juárez,Quintana Roo
77500,Supermanzana 2 Centro,Benito Juárez,Quintana Roo
77500,Supermanzana 4 Centro,Benito Juárez,Quintana Roo
77500,Villas Tropicales,Benito Juárez,Quintana Roo
77500,Supermanzana 2a Centro,Benito Juárez,Quintana Roo
77500,Juárez,Benito Juárez,Quintana Roo
77500,Zona Hotelera,Benito Juárez,Quintana Roo
77503,Supermanzana 7,Benito Juárez,Quintana Roo
77503,Supermanzana 6b,Benito Juárez,Quintana Roo
77503,Supermanzana 6e,Benito Juárez,Quintana Roo
77503,Supermanzana 6c,Benito Juárez,Quintana Roo
77503,Supermanzana 6f,Benito Juárez,Quintana Roo
77503,La Cascada,Benito Juárez,Quintana Roo
77503,Villas de Thio,Benito Juárez,Quintana Roo
77503,Supermanzana 6d,Benito Juárez,Quintana Roo
77503,Supermanzana 10,Benito Juárez,Quintana Roo
77503,Supermanzana 9,Benito Juárez,Quintana Roo
77503,Supermanzana 6a,Benito Juárez,Quintana Roo
77504,Supermanzana 11,Benito Juárez,Quintana Roo
77504,Supermanzana 12a,Benito Juárez,Quintana Roo
77504,Supermanzana 13,Benito Juárez,Quintana Roo
77504,Supermanzana 14,Benito Juárez,Quintana Roo
77504,Supermanzana 11a,Benito Juárez,Quintana Roo
77504,Supermanzana 12b,Benito Juárez,Quintana Roo
77504,Supermanzana 12,Benito Juárez,Quintana Roo
77504,Supermanzana 8,Benito Juárez,Quintana Roo
77505,Supermanzana 17,Benito Juárez,Quintana Roo
77505,Supermanzana 15a,Benito Juárez,Quintana Roo
77505,Supermanzana 16,Benito Juárez,Quintana Roo
77505,Supermanzana 15,Benito Juárez,Quintana Roo
77505,Supermanzana 19,Benito Juárez,Quintana Roo
77505,Supermanzana 18,Benito Juárez,Quintana Roo
77505,Supermanzana 35,Benito Juárez,Quintana Roo
77505,Supermanzana 36,Benito Juárez,Quintana Roo
77505,SM 21,Benito Juárez,Quintana Roo
77506,Supermanzana 47,Benito Juárez,Quintana Roo
77506,Supermanzana 53,Benito Juárez,Quintana Roo
77506,Supermanzana 43,Benito Juárez,Quintana Roo
77506,Supermanzana 48,Benito Juárez,Quintana Roo
77506,Supermanzana 46,Benito Juárez,Quintana Roo
77506,La Herradura,Benito Juárez,Quintana Roo
77506,Supermanzana 44,Benito Juárez,Quintana Roo
77506,Supermanzana 45,Benito Juárez,Quintana Roo
77507,Supermanzana 37,Benito Juárez,Quintana Roo
77507,Supermanzana 39,Benito Juárez,Quintana Roo
77507,Supermanzana 40,Benito Juárez,Quintana Roo
77507,Supermanzana 38,Benito Juárez,Quintana Roo
77507,Supermanzana 42,Benito Juárez,Quintana Roo
77507,Supermanzana 41,Benito Juárez,Quintana Roo
77508,Supermanzana 34,Benito Juárez,Quintana Roo
77508,Supermanzana 29,Benito Juárez,Quintana Roo
77508,Supermanzana 33,Benito Juárez,Quintana Roo
77508,Supermanzana 31,Benito Juárez,Quintana Roo
77508,Supermanzana 32,Benito Juárez,Quintana Roo
77509,Supermanzana 28,Benito Juárez,Quintana Roo
77509,Supermanzana 24,Benito Juárez,Quintana Roo
77509,Supermanzana 30,Benito Juárez,Quintana Roo
77509,Supermanzana 27,Benito Juárez,Quintana Roo
77509,Supermanzana 26,Benito Juárez,Quintana Roo
77509,Supermanzana 25,Benito Juárez,Quintana Roo
77510,Región 233,Benito Juárez,Quintana Roo
77510,Supermanzana 71,Benito Juárez,Quintana Roo
77510,Supermanzana 70,Benito Juárez,Quintana Roo
77510,Región 240,Benito Juárez,Quintana Roo
77510,Supermanzana 67,Benito Juárez,Quintana Roo
77510,Supermanzana 69,Benito Juárez,Quintana Roo
77510,Supermanzana 72,Benito Juárez,Quintana Roo
77510,Región 235,Benito Juárez,Quintana Roo
77510,SM 90,Benito Juárez,Quintana Roo
77510,Región 231,Benito Juárez,Quintana Roo
77510,Región 232,Benito Juárez,Quintana Roo
77510,Región 234,Benito Juárez,Quintana Roo
77510,Supermanzana 66,Benito Juárez,Quintana Roo
77510,Supermanzana 73,Benito Juárez,Quintana Roo
77510,Región 90,Benito Juárez,Quintana Roo
77513,Supermanzana 63,Benito Juárez,Quintana Roo
77513,Supermanzana 62,Benito Juárez,Quintana Roo
77514,Supermanzana 61,Benito Juárez,Quintana Roo
77514,Supermanzana 60,Benito Juárez,Quintana Roo
77515,Supermanzana 58,Benito Juárez,Quintana Roo
77515,Unidad Morelos,Benito Juárez,Quintana Roo
77515,Supermanzana 59,Benito Juárez,Quintana Roo
77516,Región 92,Benito Juárez,Quintana Roo
77516,Supermanzana 225,Benito Juárez,Quintana Roo
77516,Supermanzana 226,Benito Juárez,Quintana Roo
77516,Paseo de Las Palmas,Benito Juárez,Quintana Roo
77516,Guerrero,Benito Juárez,Quintana Roo
77516,Región 227,Benito Juárez,Quintana Roo
77516,Bahía Real,Benito Juárez,Quintana Roo
77516,Región 229,Benito Juárez,Quintana Roo
77516,Región 91,Benito Juárez,Quintana Roo
77516,Región 230,Benito Juárez,Quintana Roo
77516,Casas del Mar,Benito Juárez,Quintana Roo
77516,Supermanzana 245,Benito Juárez,Quintana Roo
77516,Villas Otoch,Benito Juárez,Quintana Roo
77516,In House,Benito Juárez,Quintana Roo
77516,Región 228,Benito Juárez,Quintana Roo
77516,Supermanzana 248,Benito Juárez,Quintana Roo
77516,Rinconadas del Mar,Benito Juárez,Quintana Roo
77516,Hacienda Del Rey,Benito Juárez,Quintana Roo
77517,Región 221,Benito Juárez,Quintana Roo
77517,Región 93,Benito Juárez,Quintana Roo
77517,SM 256,Benito Juárez,Quintana Roo
77517,Supermanzana 222,Benito Juárez,Quintana Roo
77517,Supermanzana 223,Benito Juárez,Quintana Roo
77517,Residencial San Antonio,Benito Juárez,Quintana Roo
77517,Región 94,Benito Juárez,Quintana Roo
77517,"Villas del Mar ""Plus""",Benito Juárez,Quintana Roo
77517,Región 219,Benito Juárez,Quintana Roo
77517,Región 220,Benito Juárez,Quintana Roo
77517,Ixchel,Benito Juárez,Quintana Roo
77518,Paseos Chac Mool,Benito Juárez,Quintana Roo
77518,Supermanzana 218,Benito Juárez,Quintana Roo
77518,Supermanzana 216,Benito Juárez,Quintana Roo
77518,Supermanzana 253,Benito Juárez,Quintana Roo
77518,Los Santos,Benito Juárez,Quintana Roo
77518,La Guadalupana,Benito Juárez,Quintana Roo
77518,Vista Real,Benito Juárez,Quintana Roo
77518,Los Héroes,Benito Juárez,Quintana Roo
77518,Supermanzana 217,Benito Juárez,Quintana Roo
77518,Privadas Sacbe,Benito Juárez,Quintana Roo
77518,Región 100,Benito Juárez,Quintana Roo
77518,Galaxia las Torres,Benito Juárez,Quintana Roo
77518,SM 260,Benito Juárez,Quintana Roo
77518,Galaxia del Sol,Benito Juárez,Quintana Roo
77519,Monte Real,Benito Juárez,Quintana Roo
77519,Residencial Alejandría,Benito Juárez,Quintana Roo
77519,Supermanzana 212,Benito Juárez,Quintana Roo
77519,Prado Norte,Benito Juárez,Quintana Roo
77519,Petén,Benito Juárez,Quintana Roo
77519,Paseos del Sol (Supermanzana 205),Benito Juárez,Quintana Roo
77519,Paseos del Mar,Benito Juárez,Quintana Roo
77519,Supermanzana 210,Benito Juárez,Quintana Roo
77519,Supermanzana 211,Benito Juárez,Quintana Roo
77519,La Joya (Supermanzana 254),Benito Juárez,Quintana Roo
77519,Región 101,Benito Juárez,Quintana Roo
77519,Las Lajas,Benito Juárez,Quintana Roo
77519,Rinconada Santa María,Benito Juárez,Quintana Roo
77519,SM 207 Villas del Sol II,Benito Juárez,Quintana Roo
77519,Paseo Nikté,Benito Juárez,Quintana Roo
77519,Supermanzana 209,Benito Juárez,Quintana Roo
77519,Lagos,Benito Juárez,Quintana Roo
77520,Punta Sam,Benito Juárez,Quintana Roo
77520,Costa del Mar,Benito Juárez,Quintana Roo
77520,Supermanzana 85,Benito Juárez,Quintana Roo
77520,Supermanzana 86,Benito Juárez,Quintana Roo
77524,Supermanzana 68,Benito Juárez,Quintana Roo
77524,Supermanzana 64,Benito Juárez,Quintana Roo
77524,Supermanzana 65,Benito Juárez,Quintana Roo
77524,Donceles,Benito Juárez,Quintana Roo
77525,Región 84,Benito Juárez,Quintana Roo
77526,Lombardo Toledano,Benito Juárez,Quintana Roo
77526,Supermanzana 74,Benito Juárez,Quintana Roo
77527,San Martín Caballero,Benito Juárez,Quintana Roo
77527,Región 236,Benito Juárez,Quintana Roo
77527,Los Cedros,Benito Juárez,Quintana Roo
77527,Región 237,Benito Juárez,Quintana Roo
77527,Región 240,Benito Juárez,Quintana Roo
77527,Francisco Villa,Benito Juárez,Quintana Roo
77527,Supermanzana 75,Benito Juárez,Quintana Roo
77527,Supermanzana 89,Benito Juárez,Quintana Roo
77527,La Morena,Benito Juárez,Quintana Roo
77527,Región 239,Benito Juárez,Quintana Roo
77527,Supermanzana 76,Benito Juárez,Quintana Roo
77527,Región 238,Benito Juárez,Quintana Roo
77527,Del Bosque,Benito Juárez,Quintana Roo
77528,Supermanzana 77,Benito Juárez,Quintana Roo
77528,Supermanzana 78,Benito Juárez,Quintana Roo
77528,Supermanzana 241,Benito Juárez,Quintana Roo
77528,México,Benito Juárez,Quintana Roo
77528,Monte de los Olivos,Benito Juárez,Quintana Roo
77528,Guadalupana,Benito Juárez,Quintana Roo
77528,3 Hermanos,Benito Juárez,Quintana Roo
77528,Jardines de Banampak,Benito Juárez,Quintana Roo
77528,Tucanes,Benito Juárez,Quintana Roo
77529,Supermanzana 79,Benito Juárez,Quintana Roo
77530,Región 97,Benito Juárez,Quintana Roo
77533,Supermanzana 50,Benito Juárez,Quintana Roo
77533,Región 507,Benito Juárez,Quintana Roo
77533,Malibú,Benito Juárez,Quintana Roo
77533,Quetzal Región 523,Benito Juárez,Quintana Roo
77533,San José Bonampack,Benito Juárez,Quintana Roo
77533,Residencial Caracol,Benito Juárez,Quintana Roo
77533,Región 505,Benito Juárez,Quintana Roo
77533,Región 503,Benito Juárez,Quintana Roo
77533,Región 509,Benito Juárez,Quintana Roo
77533,Chamuyil,Benito Juárez,Quintana Roo
77533,Las Torres,Benito Juárez,Quintana Roo
77533,Supermanzana 14 A,Benito Juárez,Quintana Roo
77533,Supermanzana 49,Benito Juárez,Quintana Roo
77533,Supermanzana 51,Benito Juárez,Quintana Roo
77533,Álamos I,Benito Juárez,Quintana Roo
77533,Porto Alegre,Benito Juárez,Quintana Roo
77533,Framboyanes,Benito Juárez,Quintana Roo
77533,Sol del Mayab,Benito Juárez,Quintana Roo
77533,Supermanzana 55,Benito Juárez,Quintana Roo
77533,Lagos del Sol,Benito Juárez,Quintana Roo
77533,SM 313,Benito Juárez,Quintana Roo
77533,Región 506,Benito Juárez,Quintana Roo
77533,Región 500,Benito Juárez,Quintana Roo
77533,Supermanzana 56,Benito Juárez,Quintana Roo
77533,Región 504,Benito Juárez,Quintana Roo
77533,Supermanzana 312,Benito Juárez,Quintana Roo
77533,Región 502,Benito Juárez,Quintana Roo
77533,Región 508,Benito Juárez,Quintana Roo
77533,Región 501,Benito Juárez,Quintana Roo
77533,Supermanzana 57,Benito Juárez,Quintana Roo
77533,Paraíso Villas,Benito Juárez,Quintana Roo
77534,Supermanzana 525,Benito Juárez,Quintana Roo
77534,Región 95,Benito Juárez,Quintana Roo
77534,Región 511,Benito Juárez,Quintana Roo
77534,Región 512,Benito Juárez,Quintana Roo
77534,Santa Fe Plus,Benito Juárez,Quintana Roo
77534,Región 510,Benito Juárez,Quintana Roo
77534,Supermanzana 524,Benito Juárez,Quintana Roo
77534,Supermanzana 524-2,Benito Juárez,Quintana Roo
77534,Arboledas,Benito Juárez,Quintana Roo
77534,Santa Fe,Benito Juárez,Quintana Roo
77535,Grand Santa Fe 2,Benito Juárez,Quintana Roo
77535,Villas del Arte,Benito Juárez,Quintana Roo
77535,Supermanzana 325,Benito Juárez,Quintana Roo
77535,Supermanzana 317,Benito Juárez,Quintana Roo
77535,Andalucia,Benito Juárez,Quintana Roo
77535,Andalucia II,Benito Juárez,Quintana Roo
77535,Supermanzana 527,Benito Juárez,Quintana Roo
77535,Villa Marino,Benito Juárez,Quintana Roo
77535,Región 515,Benito Juárez,Quintana Roo
77535,Supermanzana 528,Benito Juárez,Quintana Roo
77535,Región 96,Benito Juárez,Quintana Roo
77535,SM 327,Benito Juárez,Quintana Roo
77535,Región 513,Benito Juárez,Quintana Roo
77535,Región 516,Benito Juárez,Quintana Roo
77535,Campestre,Benito Juárez,Quintana Roo
77535,Supermanzana 526,Benito Juárez,Quintana Roo
77535,Supermanzana 321,Benito Juárez,Quintana Roo
77535,Grand Santa Fe,Benito Juárez,Quintana Roo
77535,Gran Santa Fe,Benito Juárez,Quintana Roo
77535,Región 514,Benito Juárez,Quintana Roo
77535,Supermanzana 316,Benito Juárez,Quintana Roo
77535,Mallorca,Benito Juárez,Quintana Roo
77535,Bosques San Miguel,Benito Juárez,Quintana Roo
77536,Maderos Residencial,Benito Juárez,Quintana Roo
77536,Región 519,Benito Juárez,Quintana Roo
77536,Supermanzana 531,Benito Juárez,Quintana Roo
77536,Santa Cecilia,Benito Juárez,Quintana Roo
77536,Quinta las Joyas,Benito Juárez,Quintana Roo
77536,Supermanzana 530-1,Benito Juárez,Quintana Roo
77536,Supermanzana 550,Benito Juárez,Quintana Roo
77536,Supermanzana 301,Benito Juárez,Quintana Roo
77536,Supermanzana 320,Benito Juárez,Quintana Roo
77536,SM 534,Benito Juárez,Quintana Roo
77536,Galaxia del Cielo,Benito Juárez,Quintana Roo
77536,Región 517,Benito Juárez,Quintana Roo
77536,Región 520,Benito Juárez,Quintana Roo
77536,Región 522,Benito Juárez,Quintana Roo
77536,Supermanzana 529,Benito Juárez,Quintana Roo
77536,Región 521,Benito Juárez,Quintana Roo
77536,Villas de Alba,Benito Juárez,Quintana Roo
77536,Supermanzana 300,Benito Juárez,Quintana Roo
77536,Paraíso Cancún,Benito Juárez,Quintana Roo
77536,Región 518,Benito Juárez,Quintana Roo
77536,Villas Del Caribe,Benito Juárez,Quintana Roo
77536,Supermanzana 529-1,Benito Juárez,Quintana Roo
77536,Bahía Dorada,Benito Juárez,Quintana Roo
77536,Supermanzana 326,Benito Juárez,Quintana Roo
77536,Generación 2000,Benito Juárez,Quintana Roo
77536,Supermanzana 532,Benito Juárez,Quintana Roo
77536,Doctores II,Benito Juárez,Quintana Roo
77536,Supermanzana 318,Benito Juárez,Quintana Roo
77536,Supermanzana 319,Benito Juárez,Quintana Roo
77536,Quintas,Benito Juárez,Quintana Roo
77536,Región 99,Benito Juárez,Quintana Roo
77536,Central de Abasto,Benito Juárez,Quintana Roo
77536,Jardines del Sur,Benito Juárez,Quintana Roo
77536,Fraccionamiento Galaxia Altamar,Benito Juárez,Quintana Roo
77536,Privanza Stellaris,Benito Juárez,Quintana Roo
77537,Región 98,Benito Juárez,Quintana Roo
77537,Puerta Del Sol,Benito Juárez,Quintana Roo
77537,Jardines Cancún,Benito Juárez,Quintana Roo
77538,Región 102,Benito Juárez,Quintana Roo
77539,Real Valencia,Benito Juárez,Quintana Roo
77539,Arcos Paraíso,Benito Juárez,Quintana Roo
77539,SM 203,Benito Juárez,Quintana Roo
77539,Tierra Maya,Benito Juárez,Quintana Roo
77539,Supermanzana 105,Benito Juárez,Quintana Roo
77539,Supermanzana 107,Benito Juárez,Quintana Roo
77539,Paraíso Maya,Benito Juárez,Quintana Roo
77539,ABC,Benito Juárez,Quintana Roo
77539,Villas Otoch Paraíso,Benito Juárez,Quintana Roo
77539,K.M 309,Benito Juárez,Quintana Roo
77539,Región 103,Benito Juárez,Quintana Roo
77539,Supermanzana 104,Benito Juárez,Quintana Roo
77539,Supermanzana 200,Benito Juárez,Quintana Roo
77539,La Amistad,Benito Juárez,Quintana Roo
77539,Paseo Kusamil,Benito Juárez,Quintana Roo
77539,Supermanzana 106,Benito Juárez,Quintana Roo
77539,K.M 308,Benito Juárez,Quintana Roo
77539,Supermanzana 117,Benito Juárez,Quintana Roo
77539,Real Las Quintas (Supermanzana 202),Benito Juárez,Quintana Roo
77539,Hacienda Real del Caribe,Benito Juárez,Quintana Roo
77539,Urbi Villas del rey,Benito Juárez,Quintana Roo
77539,Región 203 (Cuna Maya),Benito Juárez,Quintana Roo
77539,Central de Bodegas,Benito Juárez,Quintana Roo
77560,Los Naranjos,Benito Juárez,Quintana Roo
77560,Residencial Cumbres,Benito Juárez,Quintana Roo
77560,Supermanzana 299,Benito Juárez,Quintana Roo
77560,Colegios,Benito Juárez,Quintana Roo
77560,Alfredo V Bonfil,Benito Juárez,Quintana Roo
77566,Santa Martha,Benito Juárez,Quintana Roo
77567,Santa Ana (SMZA 301),Benito Juárez,Quintana Roo
77569,Cancún (Internacional de Cancún),Benito Juárez,Quintana Roo
77580,Villas Morelos I,Puerto Morelos,Quintana Roo
77580,Puerto Morelos,Puerto Morelos,Quintana Roo
77586,Residencial Regatta,Puerto Morelos,Quintana Roo
77590,Leona Vicario,Puerto Morelos,Quintana Roo
77594,La Nueva Esperanza,Puerto Morelos,Quintana Roo
77600,Cozumel Centro,Cozumel,Quintana Roo
77600,Cozumel,Cozumel,Quintana Roo
77609,Cozumel (Internacional de Cozumel),Cozumel,Quintana Roo
77610,Militar,Cozumel,Quintana Roo
77613,Zona Hotelera Norte,Cozumel,Quintana Roo
77620,Flamboyanes,Cozumel,Quintana Roo
77620,Emiliano Zapata,Cozumel,Quintana Roo
77620,Félix González Canto,Cozumel,Quintana Roo
77622,10 de Abril,Cozumel,Quintana Roo
77645,Chen-tuk,Cozumel,Quintana Roo
77645,Miraflores,Cozumel,Quintana Roo
77645,Juan Bautista de La Vega,Cozumel,Quintana Roo
77645,Nueva Generación,Cozumel,Quintana Roo
77645,Altamar,Cozumel,Quintana Roo
77660,Magisterio,Cozumel,Quintana Roo
77660,Caribe,Cozumel,Quintana Roo
77660,Flamingos I,Cozumel,Quintana Roo
77660,Flamingos II,Cozumel,Quintana Roo
77660,El Encanto,Cozumel,Quintana Roo
77660,Maravilla,Cozumel,Quintana Roo
77660,FOVISSSTE,Cozumel,Quintana Roo
77664,Colonos Cuzamil,Cozumel,Quintana Roo
77664,Independencia,Cozumel,Quintana Roo
77664,Andrés Q. Roo,Cozumel,Quintana Roo
77665,San Miguel 1,Cozumel,Quintana Roo
77666,San Miguel 3,Cozumel,Quintana Roo
77666,Flores Magón 3,Cozumel,Quintana Roo
77666,San Miguel 2,Cozumel,Quintana Roo
77667,San Gervasio,Cozumel,Quintana Roo
77667,Cuzamil,Cozumel,Quintana Roo
77667,Flores Magón 1 y 2,Cozumel,Quintana Roo
77667,Adolfo L. Mateos,Cozumel,Quintana Roo
77667,Repobladores de 1848,Cozumel,Quintana Roo
77670,C T M,Cozumel,Quintana Roo
77670,Naval,Cozumel,Quintana Roo
77670,Cozumel Turístico,Cozumel,Quintana Roo
77670,Las Golondrinas,Cozumel,Quintana Roo
77670,Taxistas,Cozumel,Quintana Roo
77670,Zona Industrial,Cozumel,Quintana Roo
77673,Huertos Familiares,Cozumel,Quintana Roo
77675,Zona Hotelera Sur,Cozumel,Quintana Roo
77676,Ix-chel,Cozumel,Quintana Roo
77710,Playa del Carmen Centro,Solidaridad,Quintana Roo
77710,Playa del Carmen,Solidaridad,Quintana Roo
77710,Calica,Solidaridad,Quintana Roo
77712,Santa Fe del Carmen,Solidaridad,Quintana Roo
77712,Bellavista,Solidaridad,Quintana Roo
77712,Supermanzana 52,Solidaridad,Quintana Roo
77712,Fundadores,Solidaridad,Quintana Roo
77712,Ejidal,Solidaridad,Quintana Roo
77712,El Pedregal,Solidaridad,Quintana Roo
77713,Bellavista,Solidaridad,Quintana Roo
77713,Aviación,Solidaridad,Quintana Roo
77713,Playa Car Fase I,Solidaridad,Quintana Roo
77714,Real Bilbao,Solidaridad,Quintana Roo
77714,Palmas II,Solidaridad,Quintana Roo
77714,Nueva Creación,Solidaridad,Quintana Roo
77714,Los Olivos,Solidaridad,Quintana Roo
77714,Natura Playa del Carmen,Solidaridad,Quintana Roo
77714,Mundo Habitat,Solidaridad,Quintana Roo
77714,La Ceiba,Solidaridad,Quintana Roo
77716,Residencial Bambú,Solidaridad,Quintana Roo
77716,Forjadores,Solidaridad,Quintana Roo
77716,La Joya Xamanha,Solidaridad,Quintana Roo
77716,La Joya,Solidaridad,Quintana Roo
77716,Residencial La Escondida,Solidaridad,Quintana Roo
77716,El Bambú,Solidaridad,Quintana Roo
77717,El Tigrillo,Solidaridad,Quintana Roo
77717,Campestre,Solidaridad,Quintana Roo
77717,Playa Car Fase II,Solidaridad,Quintana Roo
77717,Las Flores,Solidaridad,Quintana Roo
77718,Bali,Solidaridad,Quintana Roo
77720,Quintas del Carmen,Solidaridad,Quintana Roo
77720,INFONAVIT Gaviotas,Solidaridad,Quintana Roo
77720,Paraíso del Carmen,Solidaridad,Quintana Roo
77720,Sacpacal,Solidaridad,Quintana Roo
77720,Tohoku,Solidaridad,Quintana Roo
77720,Brisas,Solidaridad,Quintana Roo
77720,INFONAVIT Colosio,Solidaridad,Quintana Roo
77720,Gonzalo Guerrero,Solidaridad,Quintana Roo
77720,Zazil Ha,Solidaridad,Quintana Roo
77720,Miramar,Solidaridad,Quintana Roo
77720,Xamanha,Solidaridad,Quintana Roo
77723,Bosque de Cristo Rey,Solidaridad,Quintana Roo
77723,Villas del Carmen,Solidaridad,Quintana Roo
77723,Las Palmas,Solidaridad,Quintana Roo
77723,"Villas del Sol ""Plus""",Solidaridad,Quintana Roo
77723,Cruz de Servicios,Solidaridad,Quintana Roo
77723,Pescadores Plus,Solidaridad,Quintana Roo
77723,Galaxia del Carmen I,Solidaridad,Quintana Roo
77723,Villas del Carmen Plus,Solidaridad,Quintana Roo
77723,In House,Solidaridad,Quintana Roo
77723,Galaxia del Carmen II,Solidaridad,Quintana Roo
77723,Real Ibiza,Solidaridad,Quintana Roo
77723,Punta Estrella,Solidaridad,Quintana Roo
77723,Misión Las Flores,Solidaridad,Quintana Roo
77723,Nuevo Centro Urbano,Solidaridad,Quintana Roo
77724,Misión del Carmen,Solidaridad,Quintana Roo
77724,Villas Riviera,Solidaridad,Quintana Roo
77724,La Guadalupana,Solidaridad,Quintana Roo
77724,El Petén,Solidaridad,Quintana Roo
77724,Bosque Real,Solidaridad,Quintana Roo
77724,Playa Azul,Solidaridad,Quintana Roo
77725,Residencial Real del Sol,Solidaridad,Quintana Roo
77725,Dunas,Solidaridad,Quintana Roo
77725,Corales,Solidaridad,Quintana Roo
77725,La Toscana,Solidaridad,Quintana Roo
77725,Villas Maya,Solidaridad,Quintana Roo
77725,Playa Oasis,Solidaridad,Quintana Roo
77725,Misión Villamar II,Solidaridad,Quintana Roo
77725,Cataluña,Solidaridad,Quintana Roo
77725,Misión Villamar I,Solidaridad,Quintana Roo
77725,Vela Mar,Solidaridad,Quintana Roo
77725,Los Arrecifes,Solidaridad,Quintana Roo
77725,Parque Residencial,Solidaridad,Quintana Roo
77726,Playa Magna,Solidaridad,Quintana Roo
77726,Playa Sol,Solidaridad,Quintana Roo
77726,El Cantil,Solidaridad,Quintana Roo
77727,Loltun,Solidaridad,Quintana Roo
77727,Privanza del Mar,Solidaridad,Quintana Roo
77727,Zona Industrial,Solidaridad,Quintana Roo
77727,El Cielo,Solidaridad,Quintana Roo
77727,Nicte-ha,Solidaridad,Quintana Roo
77727,Balamtun,Solidaridad,Quintana Roo
77727,Lolkaatun,Solidaridad,Quintana Roo
77727,Selvamar,Solidaridad,Quintana Roo
77728,Luis Donaldo Colosio,Solidaridad,Quintana Roo
77730,Playa del Secreto,Solidaridad,Quintana Roo
77730,Xcaret,Solidaridad,Quintana Roo
77730,Residencial Playa Paraíso,Solidaridad,Quintana Roo
77733,Puerto Aventuras,Solidaridad,Quintana Roo
77733,Nueva Generación,Solidaridad,Quintana Roo
77734,Puerto Maya,Solidaridad,Quintana Roo
77735,Paa Mul,Solidaridad,Quintana Roo
77735,Punta Chenyunyun,Solidaridad,Quintana Roo
77737,Caleta Chac Malal,Solidaridad,Quintana Roo
77750,Pino Suárez,Solidaridad,Quintana Roo
77753,San Silverio,Solidaridad,Quintana Roo
77753,Yalchen,Solidaridad,Quintana Roo
77760,Ejido,Tulum,Quintana Roo
77760,Tulum Centro,Tulum,Quintana Roo
77760,Tumben Kaa,Tulum,Quintana Roo
77760,Villas Huracanes,Tulum,Quintana Roo
77762,Xul Kaa,Tulum,Quintana Roo
77764,Villas Tulum,Tulum,Quintana Roo
77766,Boca Paila,Tulum,Quintana Roo
77768,Javier Rojo Gómez (Punta Allen),Tulum,Quintana Roo
77774,Ciudad Chemuyil,Tulum,Quintana Roo
77776,Akumal,Tulum,Quintana Roo
77785,Chanchén Palmar,Tulum,Quintana Roo
77786,Yaxché,Tulum,Quintana Roo
77786,Hondzonot,Tulum,Quintana Roo
77786,Chanchen Primero,Tulum,Quintana Roo
77793,Cobá,Tulum,Quintana Roo
77794,San Juan,Tulum,Quintana Roo
77795,Manuel Antonio Ay,Tulum,Quintana Roo
77796,Francisco Uh May,Tulum,Quintana Roo
77796,Macario Gómez,Tulum,Quintana Roo
77800,X-Cabil,José María Morelos,Quintana Roo
77800,Sacalaca,José María Morelos,Quintana Roo
77800,San Diego,José María Morelos,Quintana Roo
77800,Dziuche,José María Morelos,Quintana Roo
77800,Pocito,José María Morelos,Quintana Roo
77800,Huay Max,José María Morelos,Quintana Roo
77800,Sabán,José María Morelos,Quintana Roo
77800,México,José María Morelos,Quintana Roo
77800,Guadalupana,José María Morelos,Quintana Roo
77805,Bulukax,José María Morelos,Quintana Roo
77805,X-Querol,José María Morelos,Quintana Roo
77806,San Antonio Tuk,José María Morelos,Quintana Roo
77807,Javier Rojo Gómez,José María Morelos,Quintana Roo
77807,La Esperanza,José María Morelos,Quintana Roo
77808,Tabasco,José María Morelos,Quintana Roo
77809,San Felipe Oriente,José María Morelos,Quintana Roo
77850,Sabana San Francisco,José María Morelos,Quintana Roo
77858,Saczuquil,José María Morelos,Quintana Roo
77859,San Felipe Segundo,José María Morelos,Quintana Roo
77870,La Presumida,José María Morelos,Quintana Roo
77870,Santa Gertrudis,José María Morelos,Quintana Roo
77870,Kilómetro 50,José María Morelos,Quintana Roo
77873,Pimienta,José María Morelos,Quintana Roo
77874,El Martirio,José María Morelos,Quintana Roo
77874,Kancabchén,José María Morelos,Quintana Roo
77874,El Naranjal,José María Morelos,Quintana Roo
77875,San Felipe Primero,José María Morelos,Quintana Roo
77875,Nuevo San Marcos,José María Morelos,Quintana Roo
77876,Benito Juárez,José María Morelos,Quintana Roo
77876,Cafetalito,José María Morelos,Quintana Roo
77878,San Isidro Poniente,José María Morelos,Quintana Roo
77880,Kantemó,José María Morelos,Quintana Roo
77882,Venustiano Carranza,José María Morelos,Quintana Roo
77883,San Juan Oriente,José María Morelos,Quintana Roo
77889,Puerto Arturo,José María Morelos,Quintana Roo
77890,Santa Lucia,José María Morelos,Quintana Roo
77890,Primavera,José María Morelos,Quintana Roo
77890,José María Morelos,José María Morelos,Quintana Roo
77890,Vicente Guerrero,José María Morelos,Quintana Roo
77890,Miraflores,José María Morelos,Quintana Roo
77890,Javier Rojo Gómez,José María Morelos,Quintana Roo
77890,José María Morelos,José María Morelos,Quintana Roo
77890,San Juan,José María Morelos,Quintana Roo
77890,Mayab,José María Morelos,Quintana Roo
77890,Dolores,José María Morelos,Quintana Roo
77890,Guadalupe,José María Morelos,Quintana Roo
77893,Plan de la Noria Poniente,José María Morelos,Quintana Roo
77893,Adolfo de la Huerta,José María Morelos,Quintana Roo
77893,Nuevo Cunduacán,José María Morelos,Quintana Roo
77894,Piedras Negras,José María Morelos,Quintana Roo
77895,Lázaro Cárdenas,José María Morelos,Quintana Roo
77895,Pozo Pirata,José María Morelos,Quintana Roo
77895,Insurgentes,José María Morelos,Quintana Roo
77895,Adolfo López Mateos,José María Morelos,Quintana Roo
77895,Mariano Matamoros,José María Morelos,Quintana Roo
77895,El Triunfo,José María Morelos,Quintana Roo
77896,Zafarrancho,José María Morelos,Quintana Roo
77896,Gavilanes,José María Morelos,Quintana Roo
77898,Candelaria,José María Morelos,Quintana Roo
77898,San Carlos,José María Morelos,Quintana Roo
77898,Othón P. Blanco,José María Morelos,Quintana Roo
77899,Nueva Reforma,José María Morelos,Quintana Roo
77900,Reforma,Bacalar,Quintana Roo
77900,Ahisamac,Bacalar,Quintana Roo
77900,Bacalar Dos,Bacalar,Quintana Roo
77900,Santa Julia,Bacalar,Quintana Roo
77900,El Sufrido,Bacalar,Quintana Roo
77900,Los Socios,Bacalar,Quintana Roo
77900,Las Isabelas,Bacalar,Quintana Roo
77900,El Danto,Bacalar,Quintana Roo
77900,Javier Sandoval,Bacalar,Quintana Roo
77900,La Primavera,Bacalar,Quintana Roo
77900,El Pedregal,Bacalar,Quintana Roo
77900,San Antonio,Bacalar,Quintana Roo
77900,Las Riendas,Bacalar,Quintana Roo
77900,Año Nuevo,Bacalar,Quintana Roo
77900,El Suspiro,Bacalar,Quintana Roo
77900,La Chata,Bacalar,Quintana Roo
77900,Laureles,Bacalar,Quintana Roo
77903,Esperanza,Bacalar,Quintana Roo
77904,San Víctor,Bacalar,Quintana Roo
77904,Xco Poh,Bacalar,Quintana Roo
77904,Río Escondido,Bacalar,Quintana Roo
77904,División del Sur,Bacalar,Quintana Roo
77904,David Gustavo Gutiérrez Ruiz,Bacalar,Quintana Roo
77904,Las Orquídeas,Bacalar,Quintana Roo
77904,San Román,Bacalar,Quintana Roo
77904,Los Laureles,Bacalar,Quintana Roo
77904,San Antonio,Bacalar,Quintana Roo
77904,Santa Rita,Bacalar,Quintana Roo
77904,El Edén,Bacalar,Quintana Roo
77904,La Zarza,Bacalar,Quintana Roo
77904,El Remolino,Bacalar,Quintana Roo
77904,Las Dos Eses,Bacalar,Quintana Roo
77904,Las Maravillas,Bacalar,Quintana Roo
77905,El Higuero,Bacalar,Quintana Roo
77905,El Ramonal,Bacalar,Quintana Roo
77905,Papalipa,Bacalar,Quintana Roo
77905,Cuatro Ases,Bacalar,Quintana Roo
77905,Loma Bonita,Bacalar,Quintana Roo
77905,Isidro Fabela,Bacalar,Quintana Roo
77905,El Gallito,Bacalar,Quintana Roo
77906,Huatusco,Bacalar,Quintana Roo
77906,Payo Obispo,Bacalar,Quintana Roo
77907,Miguel Alemán,Bacalar,Quintana Roo
77907,El Cuervo,Bacalar,Quintana Roo
77907,José Méndez,Bacalar,Quintana Roo
77907,Las Ilusiones,Bacalar,Quintana Roo
77907,Las Piñas,Bacalar,Quintana Roo
77907,Río Verde,Bacalar,Quintana Roo
77907,Cuatro Hermanos,Bacalar,Quintana Roo
77907,El Porvenir,Bacalar,Quintana Roo
77907,La Esperanza,Bacalar,Quintana Roo
77907,Las Golondrinas,Bacalar,Quintana Roo
77907,Monte Verde,Bacalar,Quintana Roo
77907,El Kiwi,Bacalar,Quintana Roo
77907,La Guadalupana,Bacalar,Quintana Roo
77907,Astro Rey,Bacalar,Quintana Roo
77907,Las Gaviotas,Bacalar,Quintana Roo
77907,La Herradura,Bacalar,Quintana Roo
77907,La Petunia,Bacalar,Quintana Roo
77907,La Raya,Bacalar,Quintana Roo
77907,Rosa de Saarón,Bacalar,Quintana Roo
77910,Rafael Witzil Hau,Bacalar,Quintana Roo
77910,Silvino Canché,Bacalar,Quintana Roo
77910,Altos de Sevilla,Bacalar,Quintana Roo
77910,El Cedralito,Bacalar,Quintana Roo
77910,El Paraíso,Bacalar,Quintana Roo
77910,Tierra Negra,Bacalar,Quintana Roo
77910,Rancho Grande,Bacalar,Quintana Roo
77910,Lázaro Cárdenas del Río Tercero,Bacalar,Quintana Roo
77913,Dieciocho de Marzo,Bacalar,Quintana Roo
77913,El Coco,Bacalar,Quintana Roo
77913,Gabino Vázquez,Bacalar,Quintana Roo
77913,Zamora,Bacalar,Quintana Roo
77913,La Isla,Bacalar,Quintana Roo
77913,El Progreso,Bacalar,Quintana Roo
77913,Francisco J. Mújica,Bacalar,Quintana Roo
77913,La Primavera,Bacalar,Quintana Roo
77913,Nuevo Hoctún,Bacalar,Quintana Roo
77913,Jesús Martínez Ross,Bacalar,Quintana Roo
77914,San Fernando,Bacalar,Quintana Roo
77914,Gustavo Antonio,Bacalar,Quintana Roo
77914,San José los Lirios,Bacalar,Quintana Roo
77914,Nuevo Jerusalén,Bacalar,Quintana Roo
77914,Gerisin,Bacalar,Quintana Roo
77914,Guadalupe Victoria,Bacalar,Quintana Roo
77914,San Judas Tadeo,Bacalar,Quintana Roo
77914,Iturbide,Bacalar,Quintana Roo
77914,Margarita Maza de Juárez,Bacalar,Quintana Roo
77914,La Bendición de Dios,Bacalar,Quintana Roo
77915,La Calumnia,Bacalar,Quintana Roo
77915,Monte Olivo,Bacalar,Quintana Roo
77915,San Isidro,Bacalar,Quintana Roo
77915,San José de la Cruz,Bacalar,Quintana Roo
77915,Los Girasoles,Bacalar,Quintana Roo
77915,Cuatro Banderas,Bacalar,Quintana Roo
77916,Caanán,Bacalar,Quintana Roo
77916,Francisco Villa,Bacalar,Quintana Roo
77916,Los Cardenales,Bacalar,Quintana Roo
77916,Valentín Gómez Farías,Bacalar,Quintana Roo
77916,Otilio Montaño,Bacalar,Quintana Roo
77916,Melchor Ocampo,Bacalar,Quintana Roo
77917,Rancho Apan,Bacalar,Quintana Roo
77917,San Pedro,Bacalar,Quintana Roo
77917,Los Dos Hermanos,Bacalar,Quintana Roo
77917,Las Tres Marías,Bacalar,Quintana Roo
77917,El Molino,Bacalar,Quintana Roo
77917,El Palomar,Bacalar,Quintana Roo
77917,El Paso del Tigre,Bacalar,Quintana Roo
77917,Santa Rosa,Bacalar,Quintana Roo
77917,Nuevo Tabasco,Bacalar,Quintana Roo
77920,Limones,Bacalar,Quintana Roo
77923,Pedro Antonio Santos,Bacalar,Quintana Roo
77923,Los Compadres,Bacalar,Quintana Roo
77923,La Pasadita,Bacalar,Quintana Roo
77923,La Piedra,Bacalar,Quintana Roo
77923,San José,Bacalar,Quintana Roo
77923,Chula Vista,Bacalar,Quintana Roo
77923,San Javier,Bacalar,Quintana Roo
77923,San Martín,Bacalar,Quintana Roo
77923,Santa Cruz Chico,Bacalar,Quintana Roo
77923,Zak-Chakán,Bacalar,Quintana Roo
77923,Anastacio Valdez Huchin,Bacalar,Quintana Roo
77923,El Sinaí,Bacalar,Quintana Roo
77923,San Pedro,Bacalar,Quintana Roo
77923,El Naranjal,Bacalar,Quintana Roo
77923,Iván Díaz,Bacalar,Quintana Roo
77923,Manuel Canto,Bacalar,Quintana Roo
77923,Buenavista,Bacalar,Quintana Roo
77923,El Cafetal,Bacalar,Quintana Roo
77923,La Sabanita,Bacalar,Quintana Roo
77923,Sabanitas Dos,Bacalar,Quintana Roo
77923,El Pedregal,Bacalar,Quintana Roo
77924,Los Cinco Hermanos,Bacalar,Quintana Roo
77924,San Gabriel,Bacalar,Quintana Roo
77924,PROFEPA [Caseta de Vigilancia],Bacalar,Quintana Roo
77924,La Casona,Bacalar,Quintana Roo
77924,Marlboro,Bacalar,Quintana Roo
77924,Gabriel García,Bacalar,Quintana Roo
77924,Olivero Cambrano Álvarez,Bacalar,Quintana Roo
77925,Las Palmas,Bacalar,Quintana Roo
77925,Los Alacranes,Bacalar,Quintana Roo
77925,Punta Pulticub,Bacalar,Quintana Roo
77925,Rancho Mayob,Bacalar,Quintana Roo
77925,Rancho Tranquila,Bacalar,Quintana Roo
77926,De Guadalupe,Bacalar,Quintana Roo
77926,La Retranca,Bacalar,Quintana Roo
77926,Corredor Frutícola,Bacalar,Quintana Roo
77926,El Zapote,Bacalar,Quintana Roo
77926,Chacchoben,Bacalar,Quintana Roo
77926,Los Siete Hermanos,Bacalar,Quintana Roo
77926,San Juan,Bacalar,Quintana Roo
77926,El Cerro de la Campana,Bacalar,Quintana Roo
77926,La Loma,Bacalar,Quintana Roo
77926,Los Alacranes,Bacalar,Quintana Roo
77926,Noh-Bec,Bacalar,Quintana Roo
77926,La Esperanza,Bacalar,Quintana Roo
77926,El Esfuerzo,Bacalar,Quintana Roo
77926,Los Laureles,Bacalar,Quintana Roo
77926,Pueblo Chiclero,Bacalar,Quintana Roo
77926,San Bernardo,Bacalar,Quintana Roo
77926,San Felipe,Bacalar,Quintana Roo
77926,San Manuel,Bacalar,Quintana Roo
77926,Gregorio Pech,Bacalar,Quintana Roo
77926,Manuel Raz,Bacalar,Quintana Roo
77927,La Laguna,Bacalar,Quintana Roo
77927,Sócrates León Pérez,Bacalar,Quintana Roo
77927,CECUSE,Bacalar,Quintana Roo
77927,Francisco Hurtado Ibarra,Bacalar,Quintana Roo
77927,"Jesús, María y José",Bacalar,Quintana Roo
77927,Isidro López Chí,Bacalar,Quintana Roo
77927,Los Tres Reyes Uno,Bacalar,Quintana Roo
77927,Lázaro Cárdenas,Bacalar,Quintana Roo
77927,Serviliano Cohuó Medina,Bacalar,Quintana Roo
77927,El Cadiraiz,Bacalar,Quintana Roo
77927,La Prosperidad (El Aserradero),Bacalar,Quintana Roo
77927,La Herradura,Bacalar,Quintana Roo
77927,Ox-Pa-Ka,Bacalar,Quintana Roo
77930,Bacalar,Bacalar,Quintana Roo
77933,Magisterial,Bacalar,Quintana Roo
77933,Sor Juana Inés de La Cruz,Bacalar,Quintana Roo
77933,Diego Rojas,Bacalar,Quintana Roo
77934,Benito Juárez,Bacalar,Quintana Roo
77934,Serapio Flota Mass,Bacalar,Quintana Roo
77934,Gonzalo Guerrero,Bacalar,Quintana Roo
77934,Salinas de Gortari,Bacalar,Quintana Roo
77935,Luis Donaldo Colosio,Bacalar,Quintana Roo
77935,Mario Villanueva,Bacalar,Quintana Roo
77935,5 de Mayo,Bacalar,Quintana Roo
77936,Aarón Merino [Colonia],Bacalar,Quintana Roo
77936,Arturo Martínez Colorado,Bacalar,Quintana Roo
77936,Ecotucán,Bacalar,Quintana Roo
77936,El Milagro,Bacalar,Quintana Roo
77936,El Trébol,Bacalar,Quintana Roo
77936,Cayuco Maya,Bacalar,Quintana Roo
77936,Elsa Micaela Barquet,Bacalar,Quintana Roo
77936,San Juan,Bacalar,Quintana Roo
77936,San Ramón,Bacalar,Quintana Roo
77936,Villas del Sagrario,Bacalar,Quintana Roo
77936,La Cochinera,Bacalar,Quintana Roo
77936,Rancho Encantado,Bacalar,Quintana Roo
77936,Cinco Hermanos,Bacalar,Quintana Roo
77936,Cruz del Sur,Bacalar,Quintana Roo
77936,El Pedregal,Bacalar,Quintana Roo
77936,Pehaltum,Bacalar,Quintana Roo
77936,Xtomoc,Bacalar,Quintana Roo
77936,Aarón Merino,Bacalar,Quintana Roo
77936,Leyda Alpuche,Bacalar,Quintana Roo
77936,Narciso Alpuche Rivero,Bacalar,Quintana Roo
77936,Rancho Juanita,Bacalar,Quintana Roo
77936,Silvia Cerecero Loyola,Bacalar,Quintana Roo
77936,Agua Real,Bacalar,Quintana Roo
77936,Centro de Conservación e Investigación de la Vida,Bacalar,Quintana Roo
77936,Eduardo Puchiga,Bacalar,Quintana Roo
77936,Juan Herrera,Bacalar,Quintana Roo
77936,Los Humildes,Bacalar,Quintana Roo
77936,Puerta del Cielo,Bacalar,Quintana Roo
77936,San Felipe Bacalar,Bacalar,Quintana Roo
77936,El Buen Pastor,Bacalar,Quintana Roo
77936,Jorge Alonzo Canto,Bacalar,Quintana Roo
77936,La Estancia,Bacalar,Quintana Roo
77936,Áak Abal,Bacalar,Quintana Roo
77937,Carlos Xacur,Bacalar,Quintana Roo
77937,Colonia Colosio,Bacalar,Quintana Roo
77937,Cristian Chávez,Bacalar,Quintana Roo
77937,Ernesto Chejín,Bacalar,Quintana Roo
77937,Javier Palacios,Bacalar,Quintana Roo
77937,Manatí,Bacalar,Quintana Roo
77937,Reyna,Bacalar,Quintana Roo
77937,Santiago Palacios Carrillo,Bacalar,Quintana Roo
77937,Tito Raúl García Aguilar,Bacalar,Quintana Roo
77937,Los Ángeles,Bacalar,Quintana Roo
77937,Paraíso Segundo,Bacalar,Quintana Roo
77937,San Antonio,Bacalar,Quintana Roo
77937,Bacalar Kilómetro Dos,Bacalar,Quintana Roo
77937,Bárbara Guerrero Pérez,Bacalar,Quintana Roo
77937,Frontera de los Julios,Bacalar,Quintana Roo
77937,Cuatro Potrillos,Bacalar,Quintana Roo
77937,Ramiro González Acotzi,Bacalar,Quintana Roo
77937,Rancho Cascabel,Bacalar,Quintana Roo
77937,Rancho Ramonal,Bacalar,Quintana Roo
77937,Rancho Valerio,Bacalar,Quintana Roo
77937,Salamanca,Bacalar,Quintana Roo
77937,Emiliano Pantín Góngora,Bacalar,Quintana Roo
77937,La Carmelita,Bacalar,Quintana Roo
77937,La Nueva Esperanza,Bacalar,Quintana Roo
77937,Ángelo Cortez,Bacalar,Quintana Roo
77937,Alfonso Álvarez Sánchez,Bacalar,Quintana Roo
77937,Andrés Alamilla,Bacalar,Quintana Roo
77937,Las Velas,Bacalar,Quintana Roo
77937,Sistema de Bombeo,Bacalar,Quintana Roo
77937,Zapata,Bacalar,Quintana Roo
77937,Las Brisas,Bacalar,Quintana Roo
77937,Cámara,Bacalar,Quintana Roo
77937,El Frutalito,Bacalar,Quintana Roo
77937,La Esmeralda,Bacalar,Quintana Roo
77937,Ubre Blanca,Bacalar,Quintana Roo
77940,Maya Balam,Bacalar,Quintana Roo
77940,Los Cascabeles,Bacalar,Quintana Roo
77940,Kuchumatán,Bacalar,Quintana Roo
77940,La Candelaria,Bacalar,Quintana Roo
77940,Los Cascos,Bacalar,Quintana Roo
77940,San Cosme,Bacalar,Quintana Roo
77940,Las Tres Emes,Bacalar,Quintana Roo
77943,Fomento,Bacalar,Quintana Roo
77943,Los Geralex,Bacalar,Quintana Roo
77943,Rancho Sur,Bacalar,Quintana Roo
77943,San Martín,Bacalar,Quintana Roo
77943,El Naranjal,Bacalar,Quintana Roo
77943,Santa Rita,Bacalar,Quintana Roo
77943,Xtomoc Uno,Bacalar,Quintana Roo
77943,El Cedral,Bacalar,Quintana Roo
77943,San Luis,Bacalar,Quintana Roo
77943,Santa Cruz,Bacalar,Quintana Roo
77943,El Indio,Bacalar,Quintana Roo
77943,Los Laureles,Bacalar,Quintana Roo
77943,El Encanto,Bacalar,Quintana Roo
77943,Miguel Hidalgo y Costilla,Bacalar,Quintana Roo
77943,San Isidro la Laguna,Bacalar,Quintana Roo
77943,Caan Lumil,Bacalar,Quintana Roo
77943,Santa Rosa,Bacalar,Quintana Roo
77944,El Encanto Segundo,Bacalar,Quintana Roo
77944,La Ceiba,Bacalar,Quintana Roo
77944,Merari Can,Bacalar,Quintana Roo
77944,San Antonio,Bacalar,Quintana Roo
77944,Andrés Quintana Roo,Bacalar,Quintana Roo
77944,Bacalar Uno,Bacalar,Quintana Roo
77944,Jorge Cano,Bacalar,Quintana Roo
77944,Paraíso Escondido,Bacalar,Quintana Roo
77944,Tito,Bacalar,Quintana Roo
77945,Buena Esperanza,Bacalar,Quintana Roo
77945,Grupo Balam,Bacalar,Quintana Roo
77945,El Bajío,Bacalar,Quintana Roo
77945,La Central,Bacalar,Quintana Roo
77945,Los Cuates,Bacalar,Quintana Roo
77945,San Rafael,Bacalar,Quintana Roo
77945,La Coruña,Bacalar,Quintana Roo
77945,Nuevos Horizontes,Bacalar,Quintana Roo
77946,Blanca Flor,Bacalar,Quintana Roo
77946,El Rubí,Bacalar,Quintana Roo
77946,La Buena Fe,Bacalar,Quintana Roo
77946,Las Abejas,Bacalar,Quintana Roo
77946,Los Divorciados,Bacalar,Quintana Roo
77946,Mil Millas al Sur,Bacalar,Quintana Roo
77946,El Diamante,Bacalar,Quintana Roo
77946,Manuel Ávila Camacho,Bacalar,Quintana Roo
77946,Las Ruinas,Bacalar,Quintana Roo
77946,San Lorenzo (Rancho Alegre),Bacalar,Quintana Roo
77946,El Calvario,Bacalar,Quintana Roo
77946,El Edén,Bacalar,Quintana Roo
77946,Las Heliconias,Bacalar,Quintana Roo
77946,El Paraíso,Bacalar,Quintana Roo
77946,El Roble,Bacalar,Quintana Roo
77946,San José (La Silvia),Bacalar,Quintana Roo
77947,Vallehermoso,Bacalar,Quintana Roo
77947,El Mamey,Bacalar,Quintana Roo
77947,Yumpetén,Bacalar,Quintana Roo
77947,La Pantera,Bacalar,Quintana Roo
77947,Gustavo Díaz Ordaz,Bacalar,Quintana Roo
77947,Petén Tunich,Bacalar,Quintana Roo
77947,Santa Cecilia,Bacalar,Quintana Roo
77947,San Hipólito,Bacalar,Quintana Roo
77950,Prof. Sergio Butrón Casas,Othón P. Blanco,Quintana Roo
77953,Los Lirios,Othón P. Blanco,Quintana Roo
77953,Jesús González Ortega,Othón P. Blanco,Quintana Roo
77953,Morocoy,Othón P. Blanco,Quintana Roo
77954,Cedro,Othón P. Blanco,Quintana Roo
77954,16 de Septiembre,Othón P. Blanco,Quintana Roo
77954,10 de Septiembre,Othón P. Blanco,Quintana Roo
77954,Lázaro Cárdenas del Río,Othón P. Blanco,Quintana Roo
77954,20 de Noviembre,Othón P. Blanco,Quintana Roo
77955,California,Othón P. Blanco,Quintana Roo
77955,El Cedral,Othón P. Blanco,Quintana Roo
77955,Nuevo Caanán,Othón P. Blanco,Quintana Roo
77957,La Libertad,Othón P. Blanco,Quintana Roo
77957,Limonar,Othón P. Blanco,Quintana Roo
77957,Lázaro Cárdenas NCPE,Othón P. Blanco,Quintana Roo
77957,San Pedro Peralta,Othón P. Blanco,Quintana Roo
77959,Emiliano Zapata,Othón P. Blanco,Quintana Roo
77960,La Conquista,Othón P. Blanco,Quintana Roo
77960,16 de Septiembre,Othón P. Blanco,Quintana Roo
77960,Centro Calderitas,Othón P. Blanco,Quintana Roo
77960,Lázaro Cárdenas,Othón P. Blanco,Quintana Roo
77960,Veracruz,Othón P. Blanco,Quintana Roo
77960,Yucatán,Othón P. Blanco,Quintana Roo
77962,Jesús Martínez Ross,Othón P. Blanco,Quintana Roo
77963,Xul-ha,Othón P. Blanco,Quintana Roo
77965,Subteniente López,Othón P. Blanco,Quintana Roo
77965,Juan Sarabia,Othón P. Blanco,Quintana Roo
77965,Huaypix,Othón P. Blanco,Quintana Roo
77966,Raudales,Othón P. Blanco,Quintana Roo
77966,Laguna Guerrero,Othón P. Blanco,Quintana Roo
77966,Luis Echeverría,Othón P. Blanco,Quintana Roo
77970,Xcalak,Othón P. Blanco,Quintana Roo
77973,Pioneros del Río Xnohá,Othón P. Blanco,Quintana Roo
77976,Mahahual,Othón P. Blanco,Quintana Roo
77976,Mahahual,Othón P. Blanco,Quintana Roo
77977,Playa Uvero,Othón P. Blanco,Quintana Roo
77980,Javier Rojo Gómez,Othón P. Blanco,Quintana Roo
77980,Álvaro Obregón 1,Othón P. Blanco,Quintana Roo
77983,Francisco Villa,Othón P. Blanco,Quintana Roo
77983,Sabidos,Othón P. Blanco,Quintana Roo
77983,Ingenio Álvaro Obregón,Othón P. Blanco,Quintana Roo
77984,Hidalgo,Othón P. Blanco,Quintana Roo
77984,Nicolás Bravo,Othón P. Blanco,Quintana Roo
77984,San Antonio Soda,Othón P. Blanco,Quintana Roo
77984,10 de Septiembre,Othón P. Blanco,Quintana Roo
77984,Pedro Joaquín Coldwell,Othón P. Blanco,Quintana Roo
77984,Cacao,Othón P. Blanco,Quintana Roo
77984,Pucte,Othón P. Blanco,Quintana Roo
77985,Palmar,Othón P. Blanco,Quintana Roo
77985,Carlos A Madrazo,Othón P. Blanco,Quintana Roo
77985,Allende,Othón P. Blanco,Quintana Roo
77985,Ucum,Othón P. Blanco,Quintana Roo
77985,Ramonal,Othón P. Blanco,Quintana Roo
77985,Nachi-cocom,Othón P. Blanco,Quintana Roo
77986,San José de la Montaña,Othón P. Blanco,Quintana Roo
77987,El Cedralito,Othón P. Blanco,Quintana Roo
77987,Caobas,Othón P. Blanco,Quintana Roo
77990,Ing. José Narciso Rovirosa,Othón P. Blanco,Quintana Roo
77990,Cocoyol,Othón P. Blanco,Quintana Roo
77992,La Unión,Othón P. Blanco,Quintana Roo
77992,Calderón,Othón P. Blanco,Quintana Roo
77992,Revolución,Othón P. Blanco,Quintana Roo
77994,Tomás Garrido,Othón P. Blanco,Quintana Roo
77995,2 Aguadas,Othón P. Blanco,Quintana Roo
77997,3 Garantías,Othón P. Blanco,Quintana Roo
