97000,Privada Garcia Gineres C - 29,Mérida,Yucatán
97000,Jardines de San Sebastian,Mérida,Yucatán
97000,La Quinta,Mérida,Yucatán
97000,Privada Del Maestro,Mérida,Yucatán
97000,Los Cocos,Mérida,Yucatán
97000,Mérida Centro,Mérida,Yucatán
97003,Los Reyes,Mérida,Yucatán
97050,Alcalá Martín,Mérida,Yucatán
97050,Conjunto Residencial Del Norte,Mérida,Yucatán
97050,Yucatan,Mérida,Yucatán
97059,Señorial,Mérida,Yucatán
97060,Carrillo Ancona,Mérida,Yucatán
97068,Itzaes,Mérida,Yucatán
97069,Inalámbrica,Mérida,Yucatán
97070,Garcia Gineres,Mérida,Yucatán
97070,El Pedregal,Mérida,Yucatán
97070,Dolores Patron,Mérida,Yucatán
97080,La Huerta,Mérida,Yucatán
97088,Santa Cecilia,Mérida,Yucatán
97089,Cupules,Mérida,Yucatán
97098,Lourdes,Mérida,Yucatán
97099,Waspa,Mérida,Yucatán
97100,Itzimna,Mérida,Yucatán
97100,Itzimna,Mérida,Yucatán
97100,Rinconada Itzmina,Mérida,Yucatán
97100,Itzimna 2,Mérida,Yucatán
97107,Manola,Mérida,Yucatán
97108,Las Arboledas,Mérida,Yucatán
97109,Jesús Carranza,Mérida,Yucatán
97109,Ferrocarrileros,Mérida,Yucatán
97110,Unidad Revolución,Mérida,Yucatán
97110,Unidad Habitacional Revolución I (Cordemex),Mérida,Yucatán
97113,San Antonio,Mérida,Yucatán
97113,Montebello,Mérida,Yucatán
97113,Xaman-Tan,Mérida,Yucatán
97113,Gran Royal Altabrisa,Mérida,Yucatán
97113,Sol Campestre,Mérida,Yucatán
97113,Montebello II,Mérida,Yucatán
97114,Residencial Sol Campestre,Mérida,Yucatán
97114,Monte Alban,Mérida,Yucatán
97114,Privada Monterreal Plus,Mérida,Yucatán
97115,Cordemex,Mérida,Yucatán
97115,Revolución,Mérida,Yucatán
97115,Residencial San Angelo,Mérida,Yucatán
97115,Ampliación Cordemex,Mérida,Yucatán
97115,Ampliación Revolución,Mérida,Yucatán
97115,Hacienda Dzodzil,Mérida,Yucatán
97115,Gonzalo Guerrero,Mérida,Yucatán
97115,Royal del Norte,Mérida,Yucatán
97115,Residencial Montejo Norte,Mérida,Yucatán
97115,Montes de Ame,Mérida,Yucatán
97116,San Antonio Cucul,Mérida,Yucatán
97116,Privada San Antonio Cucul,Mérida,Yucatán
97117,San Ramon Norte,Mérida,Yucatán
97117,Xaman-Kab,Mérida,Yucatán
97117,San Ramon Norte I,Mérida,Yucatán
97117,San Ramon Sur,Mérida,Yucatán
97117,Villareal,Mérida,Yucatán
97118,Plan de Ayala,Mérida,Yucatán
97118,Plan de Ayala,Mérida,Yucatán
97118,Villas Del Sol,Mérida,Yucatán
97118,Ampliación Plan de Ayala (Villas del Sol),Mérida,Yucatán
97119,Benito Juárez Nte,Mérida,Yucatán
97119,Gonzalo Guerrero,Mérida,Yucatán
97119,Villas La Hacienda,Mérida,Yucatán
97119,Villas del Rey,Mérida,Yucatán
97120,Del Norte,Mérida,Yucatán
97120,Ampliación del Norte (1a. Ampliación),Mérida,Yucatán
97120,Tecnológico,Mérida,Yucatán
97120,Campestre,Mérida,Yucatán
97121,Centro Sct Yucatán,Mérida,Yucatán
97125,Privada Nuevo México,Mérida,Yucatán
97125,México,Mérida,Yucatán
97127,Montejo,Mérida,Yucatán
97127,Buenavista,Mérida,Yucatán
97128,Privada Mediterráneo,Mérida,Yucatán
97128,México Norte,Mérida,Yucatán
97128,Residencial Colonia México,Mérida,Yucatán
97128,Privada Real México,Mérida,Yucatán
97129,Emiliano Zapata Nte,Mérida,Yucatán
97130,Privada Maya,Mérida,Yucatán
97130,Vista Alegre,Mérida,Yucatán
97130,Santa Rita Cholul,Mérida,Yucatán
97130,Torremolinos,Mérida,Yucatán
97130,San Carlos,Mérida,Yucatán
97130,Missan II,Mérida,Yucatán
97130,Montecarlo,Mérida,Yucatán
97130,Privada Vista Alegre,Mérida,Yucatán
97130,Montecarlo Norte,Mérida,Yucatán
97130,Altabrisa,Mérida,Yucatán
97130,Residencial Palmerales de Altabrisa,Mérida,Yucatán
97130,Vista Alegre Norte,Mérida,Yucatán
97130,Diaz Ordaz,Mérida,Yucatán
97130,Cumbres de Altabrisa,Mérida,Yucatán
97130,Vista Alegre,Mérida,Yucatán
97130,San Remo,Mérida,Yucatán
97133,Montevideo,Mérida,Yucatán
97133,Los Palmares de Altabrisa,Mérida,Yucatán
97133,Camara de Comercio Norte,Mérida,Yucatán
97133,Monterreal,Mérida,Yucatán
97133,Montecristo,Mérida,Yucatán
97133,Residencial Camara de Comercio Norte,Mérida,Yucatán
97134,Privada Villa Cholul,Mérida,Yucatán
97134,Maya,Mérida,Yucatán
97134,Paraíso Maya,Mérida,Yucatán
97134,Jose Maria Iturralde,Mérida,Yucatán
97135,Jardines de Mérida,Mérida,Yucatán
97136,Felipe Carrillo Puerto Nte,Mérida,Yucatán
97137,México Oriente,Mérida,Yucatán
97138,La Florida,Mérida,Yucatán
97138,Los Pinos,Mérida,Yucatán
97138,Santa Maria,Mérida,Yucatán
97138,Jardines del Noreste,Mérida,Yucatán
97138,Residencial Del Arco,Mérida,Yucatán
97138,San Pedro Cholul,Mérida,Yucatán
97138,El Arco,Mérida,Yucatán
97138,Jardines de Vista Alegre II,Mérida,Yucatán
97138,Jardines de Vista Alegre,Mérida,Yucatán
97138,Los Álamos,Mérida,Yucatán
97138,Residencial Bancarios,Mérida,Yucatán
97138,Jardines Del Norte,Mérida,Yucatán
97138,Los Pinos,Mérida,Yucatán
97138,Vista Alegre Lotificacion,Mérida,Yucatán
97138,Pinos Norte II,Mérida,Yucatán
97139,Mail Express,Mérida,Yucatán
97139,San Antonio Cinta II,Mérida,Yucatán
97139,San Antonio Cinta,Mérida,Yucatán
97139,San Antonio Cinta III,Mérida,Yucatán
97139,Prado Norte,Mérida,Yucatán
97139,Jardines Del Norte,Mérida,Yucatán
97140,San Luis,Mérida,Yucatán
97140,San Miguel,Mérida,Yucatán
97140,Lopez Mateos,Mérida,Yucatán
97140,San Luis,Mérida,Yucatán
97142,Antonia Jimenez Trava,Mérida,Yucatán
97142,Unidad Habitacional CTM,Mérida,Yucatán
97142,San Vicente Oriente,Mérida,Yucatán
97142,Polígono CTM,Mérida,Yucatán
97142,Antonia Jimenez Trava II,Mérida,Yucatán
97143,San Vicente,Mérida,Yucatán
97143,Polígono 108,Mérida,Yucatán
97143,La Isla,Mérida,Yucatán
97143,Leandro Valle,Mérida,Yucatán
97143,Vicente Guerrero,Mérida,Yucatán
97143,Itzimna 108,Mérida,Yucatán
97143,Boulevares de Oriente,Mérida,Yucatán
97143,Bulevares de Oriente,Mérida,Yucatán
97143,Confederación de Trabajadores Del Estado de Yucatán,Mérida,Yucatán
97143,Brisas Del Bosque,Mérida,Yucatán
97143,Luis Donaldo Colosio,Mérida,Yucatán
97144,Ampliación las Brisas,Mérida,Yucatán
97144,Las Brisas Del Norte,Mérida,Yucatán
97144,Emiliano Zapata Ote,Mérida,Yucatán
97144,Las Brisas,Mérida,Yucatán
97145,Las Palmas,Mérida,Yucatán
97145,Nueva Alemán Etapa III Pet-kanche,Mérida,Yucatán
97145,San Juan Grande,Mérida,Yucatán
97145,Petkanche,Mérida,Yucatán
97145,Pet-kanche,Mérida,Yucatán
97145,Los Álamos Alemán,Mérida,Yucatán
97145,Noria II,Mérida,Yucatán
97145,Nueva Alemán,Mérida,Yucatán
97146,Las Flores,Mérida,Yucatán
97146,Nueva Alemán,Mérida,Yucatán
97147,Nuevo Yucatán,Mérida,Yucatán
97147,San Nicolás Del Norte,Mérida,Yucatán
97147,San Nicolás,Mérida,Yucatán
97148,Miguel Alemán,Mérida,Yucatán
97149,San Esteban,Mérida,Yucatán
97149,San Esteban,Mérida,Yucatán
97150,Trava Quintero,Mérida,Yucatán
97150,Industrial,Mérida,Yucatán
97155,Fenix,Mérida,Yucatán
97155,Lourdes Industrial,Mérida,Yucatán
97155,Villa Fontana,Mérida,Yucatán
97156,Los Reyes,Mérida,Yucatán
97157,Nueva Mayapan,Mérida,Yucatán
97157,Lázaro Cárdenas Ote,Mérida,Yucatán
97158,Chuminopolis,Mérida,Yucatán
97159,Lotificacion las Brisas,Mérida,Yucatán
97159,Manuel Avila Camacho,Mérida,Yucatán
97159,Nueva Pacabtun,Mérida,Yucatán
97159,Nueva Mayapan,Mérida,Yucatán
97159,Mayapan,Mérida,Yucatán
97159,Máximo Ancona,Mérida,Yucatán
97160,Manuel Avila Camacho,Mérida,Yucatán
97160,Pacabtun,Mérida,Yucatán
97160,Privada Del Autotransporte CTM,Mérida,Yucatán
97160,Del Parque,Mérida,Yucatán
97165,Melchor Ocampo II,Mérida,Yucatán
97165,Melchor Ocampo,Mérida,Yucatán
97166,Salvador Alvarado Oriente,Mérida,Yucatán
97166,Fidel Velázquez 2a Etapa,Mérida,Yucatán
97166,Fidel Velázquez,Mérida,Yucatán
97167,Privada Emilio Portes Gil,Mérida,Yucatán
97167,Bosques de Oriente,Mérida,Yucatán
97167,Emilio Portes Gil,Mérida,Yucatán
97168,Madrid,Mérida,Yucatán
97168,Del Carmen,Mérida,Yucatán
97168,Jardines de Miraflores,Mérida,Yucatán
97168,Cortes Sarmiento,Mérida,Yucatán
97168,Cerillera,Mérida,Yucatán
97169,Esperanza,Mérida,Yucatán
97169,Wallis,Mérida,Yucatán
97170,Nueva Chichen-itza,Mérida,Yucatán
97170,Chichen-itza,Mérida,Yucatán
97173,San Jose Vergel,Mérida,Yucatán
97173,Real San José,Mérida,Yucatán
97173,Vergel II,Mérida,Yucatán
97173,Vergel IV,Mérida,Yucatán
97173,Misne III,Mérida,Yucatán
97173,Vergel I,Mérida,Yucatán
97173,Vergel III,Mérida,Yucatán
97174,Azcorra II,Mérida,Yucatán
97174,Villas La Macarena,Mérida,Yucatán
97174,Morelos Oriente,Mérida,Yucatán
97175,Amalia Solorzano,Mérida,Yucatán
97176,Unidad Habitacional Ricardo Flores Magón,Mérida,Yucatán
97176,San Pablo Oriente,Mérida,Yucatán
97176,Paseos Del Vergel,Mérida,Yucatán
97176,Aquaparque,Mérida,Yucatán
97176,Hacienda el Vergel,Mérida,Yucatán
97176,Misné II,Mérida,Yucatán
97176,Vergel 65,Mérida,Yucatán
97176,San Antonio Kaua,Mérida,Yucatán
97177,Azcorra,Mérida,Yucatán
97178,Benito Juárez Ote,Mérida,Yucatán
97179,Miraflores,Mérida,Yucatán
97179,Privada Miraflores,Mérida,Yucatán
97180,Vicente Solis,Mérida,Yucatán
97189,San Jose,Mérida,Yucatán
97189,Canto,Mérida,Yucatán
97190,Morelos,Mérida,Yucatán
97190,Morelos Issste Fovissste,Mérida,Yucatán
97195,Nueva Kukulkan,Mérida,Yucatán
97195,Miraflores II,Mérida,Yucatán
97195,San Antonio Kaua,Mérida,Yucatán
97195,San Antonio Kaua I,Mérida,Yucatán
97195,San Antonio Kaua II,Mérida,Yucatán
97195,Jardines de San Antonio Kaua,Mérida,Yucatán
97196,Salvador Alvarado Sur,Mérida,Yucatán
97196,Militar,Mérida,Yucatán
97196,Salvador Alvarado Sur II,Mérida,Yucatán
97196,Ampliación Salvador Alvarado Sur,Mérida,Yucatán
97196,San Antonio Del Sur,Mérida,Yucatán
97197,Granjas,Mérida,Yucatán
97198,Ampliación Granjas,Mérida,Yucatán
97198,Reparto Granjas,Mérida,Yucatán
97198,Kukulcan,Mérida,Yucatán
97199,Maria Luisa,Mérida,Yucatán
97203,Almendros,Mérida,Yucatán
97203,Magnolias,Mérida,Yucatán
97203,Privada Palma Corozal,Mérida,Yucatán
97203,Terranova,Mérida,Yucatán
97203,Privada Villa Palma Real,Mérida,Yucatán
97203,Villas las Palmas,Mérida,Yucatán
97203,Chuburna de Hidalgo V,Mérida,Yucatán
97203,Lotificacion Chuburna de Hidalgo I,Mérida,Yucatán
97203,Mérida,Mérida,Yucatán
97203,Arcos del Sol,Mérida,Yucatán
97203,Del Bosque,Mérida,Yucatán
97203,San Francisco Chuburna II,Mérida,Yucatán
97203,Lotificacion Chuburna de Hidalgo II,Mérida,Yucatán
97203,La Castellana,Mérida,Yucatán
97203,Cordeleros de Chuburna,Mérida,Yucatán
97203,El Conquistador,Mérida,Yucatán
97203,Chuburna de Hidalgo III,Mérida,Yucatán
97203,Privada Chuburna Plus,Mérida,Yucatán
97203,Privada las Palmas,Mérida,Yucatán
97203,Arboledas Chuburna,Mérida,Yucatán
97203,Platino,Mérida,Yucatán
97203,El Prado,Mérida,Yucatán
97203,Tulias de Chuburna,Mérida,Yucatán
97203,Brisas de Chuburna,Mérida,Yucatán
97203,Puesta del Sol,Mérida,Yucatán
97203,San Pedro Uxmal,Mérida,Yucatán
97203,San Pablo,Mérida,Yucatán
97203,Francisco de Montejo,Mérida,Yucatán
97203,Las Haciendas III,Mérida,Yucatán
97203,Ampliación Francisco de Montejo,Mérida,Yucatán
97203,Nuevo San José,Mérida,Yucatán
97203,Arekas,Mérida,Yucatán
97203,Camara de La Construcción,Mérida,Yucatán
97203,Vista Alegre de Chuburna,Mérida,Yucatán
97203,Chuburna de Hidalgo IV,Mérida,Yucatán
97203,Industrias No Contaminantes,Mérida,Yucatán
97203,Francisco de Montejo IV,Mérida,Yucatán
97203,Aurea Residencial,Mérida,Yucatán
97203,Cocoteros,Mérida,Yucatán
97203,Villas Del Prado,Mérida,Yucatán
97203,Privada Chuburna de Hidalgo (II),Mérida,Yucatán
97203,Nueva San Jose Chuburna,Mérida,Yucatán
97203,Rincón Colonial,Mérida,Yucatán
97203,Francisco de Montejo II,Mérida,Yucatán
97203,Francisco de Montejo III,Mérida,Yucatán
97203,Francisco de Montejo V,Mérida,Yucatán
97204,Residencial Galerias,Mérida,Yucatán
97204,Revolución,Mérida,Yucatán
97204,Xcumpich,Mérida,Yucatán
97204,Residencial Piedrasul,Mérida,Yucatán
97204,Vía Montejo,Mérida,Yucatán
97205,San Ángel,Mérida,Yucatán
97205,Tabachines,Mérida,Yucatán
97205,Privada las Flores,Mérida,Yucatán
97205,Privada Campestre Chuburna,Mérida,Yucatán
97205,El Cortijo II,Mérida,Yucatán
97205,Villa Carmencita,Mérida,Yucatán
97205,Chuburna de Hidalgo,Mérida,Yucatán
97205,El Cortijo I,Mérida,Yucatán
97205,Paseo de Montejo,Mérida,Yucatán
97205,Chuburna Inn,Mérida,Yucatán
97205,Floresta,Mérida,Yucatán
97205,El Campanario,Mérida,Yucatán
97205,Privada Cortijo,Mérida,Yucatán
97205,San Luis Chuburna,Mérida,Yucatán
97205,Pinzon,Mérida,Yucatán
97205,Privada Arboledas,Mérida,Yucatán
97205,Las Hadas,Mérida,Yucatán
97205,Privada Chuburna de Hidalgo I,Mérida,Yucatán
97205,Privada Turquesa,Mérida,Yucatán
97205,Residencial Hacienda Real,Mérida,Yucatán
97205,Loma Bonita Xcumpich,Mérida,Yucatán
97205,Bugambilias,Mérida,Yucatán
97205,Boulevares de Chuburna,Mérida,Yucatán
97205,Loma Bonita,Mérida,Yucatán
97205,Juan B Sosa,Mérida,Yucatán
97205,Privada Pedregal II,Mérida,Yucatán
97206,San Francisco I,Mérida,Yucatán
97206,Residencial Turquesa,Mérida,Yucatán
97206,Las Dalias II y III,Mérida,Yucatán
97206,Lotificacion San Vicente Chuburna,Mérida,Yucatán
97206,Privada La Hacienda,Mérida,Yucatán
97206,San Vicente Chuburna,Mérida,Yucatán
97206,Villas Chuburna IV,Mérida,Yucatán
97206,Yaxche,Mérida,Yucatán
97206,Mérida (Elefante Grande),Mérida,Yucatán
97206,El Rosario,Mérida,Yucatán
97206,Residencial La Noria,Mérida,Yucatán
97206,Las Dalias,Mérida,Yucatán
97206,Privada Cipreses,Mérida,Yucatán
97206,San Jose I,Mérida,Yucatán
97206,San Jose II,Mérida,Yucatán
97206,Paraíso,Mérida,Yucatán
97206,Privada San Jose,Mérida,Yucatán
97206,Privada San Ángel Chuburna,Mérida,Yucatán
97206,San Francisco Chuburna,Mérida,Yucatán
97207,Villas de Chuburna,Mérida,Yucatán
97207,Callejones de Chuburna,Mérida,Yucatán
97208,El Cedral,Mérida,Yucatán
97208,Felipe Carrillo Puerto,Mérida,Yucatán
97208,60 Norte,Mérida,Yucatán
97208,Resid. Las Quintas (Chuburna),Mérida,Yucatán
97208,Residencial Atlantis,Mérida,Yucatán
97208,Malaga,Mérida,Yucatán
97208,Chuburna de Hidalgo,Mérida,Yucatán
97208,Rinconada de Chuburna,Mérida,Yucatán
97208,Privada Chuburna de Hidalgo,Mérida,Yucatán
97208,Malaga,Mérida,Yucatán
97209,Privada San Jorge (Chuburna),Mérida,Yucatán
97209,Jardines de Chuburna,Mérida,Yucatán
97210,Pedregales de Tanlum,Mérida,Yucatán
97210,Joaquín Ceballos Mimenza,Mérida,Yucatán
97210,Tanlum,Mérida,Yucatán
97215,Águilas Chuburna,Mérida,Yucatán
97215,Colonial Chuburna,Mérida,Yucatán
97215,Colonial Buenavista,Mérida,Yucatán
97217,Fovissste,Mérida,Yucatán
97217,Residencial Pensiones III,Mérida,Yucatán
97217,Residencial Pensiones VI,Mérida,Yucatán
97217,Residencial Pensiones IV,Mérida,Yucatán
97217,Residencial Pensiones III (II),Mérida,Yucatán
97217,Pensiones Norte,Mérida,Yucatán
97217,Residencial Pensiones I y II,Mérida,Yucatán
97217,Residencial Pensiones V,Mérida,Yucatán
97217,Francisco El Porvenir,Mérida,Yucatán
97217,Residencial Pensiones III (1),Mérida,Yucatán
97218,Roma,Mérida,Yucatán
97218,San Damián,Mérida,Yucatán
97218,Residencial Roma,Mérida,Yucatán
97218,Privada San Damián,Mérida,Yucatán
97218,Conjunto los Naranjos,Mérida,Yucatán
97218,San Isidro,Mérida,Yucatán
97218,Lotificacion San Damián,Mérida,Yucatán
97219,Residencial Pensiones VII,Mérida,Yucatán
97219,Pensiones,Mérida,Yucatán
97219,San Damiancito,Mérida,Yucatán
97219,Lotificacion San Damiancito I,Mérida,Yucatán
97219,Unidad Habitacional Mérida Issste,Mérida,Yucatán
97219,Limones,Mérida,Yucatán
97219,Residencial Del Bosque Chenku,Mérida,Yucatán
97219,Amapola,Mérida,Yucatán
97219,Lindavista II,Mérida,Yucatán
97219,Chenku,Mérida,Yucatán
97219,Lázaro Cárdenas,Mérida,Yucatán
97219,Paseos de Chenku,Mérida,Yucatán
97219,Lindavista,Mérida,Yucatán
97219,Jardines de Pensiones,Mérida,Yucatán
97219,Lotificacion San Damiancito II,Mérida,Yucatán
97219,Paseos de Pensiones,Mérida,Yucatán
97219,Pedregal Lindavista,Mérida,Yucatán
97219,Ampliación Lindavista (Elefante Chico),Mérida,Yucatán
97219,Francisco Villa,Mérida,Yucatán
97219,Hidráulica,Mérida,Yucatán
97219,Privada Pensiones,Mérida,Yucatán
97219,Residencial Del Norte,Mérida,Yucatán
97219,Jardines de Lindavista,Mérida,Yucatán
97219,Quinta Versalles,Mérida,Yucatán
97219,Ampliación Pedregales de Lindavista,Mérida,Yucatán
97220,Nueva Hidalgo,Mérida,Yucatán
97220,Miguel Hidalgo,Mérida,Yucatán
97220,Atlante,Mérida,Yucatán
97220,La Vaca Feliz,Mérida,Yucatán
97220,Zona Dorada,Mérida,Yucatán
97220,Atlántida,Mérida,Yucatán
97225,Privada San Pedro,Mérida,Yucatán
97225,Paseo de las Fuentes,Mérida,Yucatán
97226,El Porvenir,Mérida,Yucatán
97227,Jacinto Canek,Mérida,Yucatán
97227,Las Vigas,Mérida,Yucatán
97229,Zona Dorada II,Mérida,Yucatán
97229,Villa Zona Dorada,Mérida,Yucatán
97229,Luis Echeverría Alvarez,Mérida,Yucatán
97229,15 de Mayo,Mérida,Yucatán
97229,Xcom,Mérida,Yucatán
97229,Hacienda Inn,Mérida,Yucatán
97229,Hacienda San Antonio,Mérida,Yucatán
97229,Ampliación Roma (Luis Echeverría),Mérida,Yucatán
97230,Armando Avila Gurrutia,Mérida,Yucatán
97230,Bojorquez,Mérida,Yucatán
97237,Central de Abasto,Mérida,Yucatán
97238,Nora Quintana,Mérida,Yucatán
97238,Brisas del Poniente (Yucalpeten),Mérida,Yucatán
97238,Jardines de Yucalpeten,Mérida,Yucatán
97238,Villas de Yacalpeten,Mérida,Yucatán
97238,Yucalpeten,Mérida,Yucatán
97238,Residencial Casa Blanca,Mérida,Yucatán
97239,Yucalpeten Secc Florida,Mérida,Yucatán
97240,Francisco I Madero,Mérida,Yucatán
97245,Xoclan Santos,Mérida,Yucatán
97245,Xoclan Canto,Mérida,Yucatán
97245,Lopez Portillo,Mérida,Yucatán
97246,Mulsay Polígono,Mérida,Yucatán
97246,Villas de Tixcacal,Mérida,Yucatán
97246,Xoclan Xbech,Mérida,Yucatán
97246,Mulsay Solidaridad,Mérida,Yucatán
97246,Bosques de Yucalpeten,Mérida,Yucatán
97246,Ampliación Juan Pablo II,Mérida,Yucatán
97246,Xoclan,Mérida,Yucatán
97246,Juan Pablo II,Mérida,Yucatán
97246,Xoclan Rejas,Mérida,Yucatán
97246,Los Ángeles,Mérida,Yucatán
97246,Paseos de Opichen,Mérida,Yucatán
97246,Angeles II,Mérida,Yucatán
97246,Juan Pablo II Secc. Mérida 2000,Mérida,Yucatán
97246,Mulsay,Mérida,Yucatán
97246,Granja Fruticola Susula,Mérida,Yucatán
97246,Jardines de Nueva Mulsay,Mérida,Yucatán
97246,La Reja,Mérida,Yucatán
97246,Mulsay de La Magdalena,Mérida,Yucatán
97246,Xoclan Carmelitas,Mérida,Yucatán
97246,San Jose Xoclan,Mérida,Yucatán
97246,Juan Pablo II Cardenales,Mérida,Yucatán
97246,México Poniente,Mérida,Yucatán
97246,Hacienda Mulsay,Mérida,Yucatán
97246,Anexo Juan Pablo II,Mérida,Yucatán
97246,Bosques Del Poniente,Mérida,Yucatán
97246,Bosques de Mulsay,Mérida,Yucatán
97247,San Cayetano,Mérida,Yucatán
97247,San Lorenzo,Mérida,Yucatán
97249,Nueva Mulsay I,Mérida,Yucatán
97249,Tixcacal Opichen,Mérida,Yucatán
97249,Villa Magna,Mérida,Yucatán
97249,Jardines de Nueva Mulsay III,Mérida,Yucatán
97249,Nueva Reforma Agraria,Mérida,Yucatán
97249,Tulipanes Opichen,Mérida,Yucatán
97249,Diamante Paseos de Opichen,Mérida,Yucatán
97249,Pedregales de Nueva Mulsay Etapa,Mérida,Yucatán
97249,Xoclan Susula (El Convento),Mérida,Yucatán
97249,Hacienda Opichen,Mérida,Yucatán
97249,Mulsay,Mérida,Yucatán
97249,Nueva Mulsay,Mérida,Yucatán
97249,Jardines de Nueva Mulsay II,Mérida,Yucatán
97249,Cinturón Verde,Mérida,Yucatán
97249,Ampliación Tixcacal Opichen,Mérida,Yucatán
97249,Girasoles de Opichen,Mérida,Yucatán
97249,Residencial Valparaiso,Mérida,Yucatán
97249,Plantel México,Mérida,Yucatán
97249,Xoclan Susula,Mérida,Yucatán
97249,Villa Magna II,Mérida,Yucatán
97249,Hacienda Opichen,Mérida,Yucatán
97249,Núcleo Mulsay,Mérida,Yucatán
97250,Nueva Sambula,Mérida,Yucatán
97250,Sambula,Mérida,Yucatán
97255,El Roble,Mérida,Yucatán
97255,Santa Bárbara,Mérida,Yucatán
97255,Manuel Crescencio Rejon,Mérida,Yucatán
97255,Roble II,Mérida,Yucatán
97255,Bicentenario,Mérida,Yucatán
97255,Roble Agrícola III,Mérida,Yucatán
97256,Graciano Ricalde,Mérida,Yucatán
97256,Álvaro Torres,Mérida,Yucatán
97256,Renacimiento I,Mérida,Yucatán
97256,Libertad III,Mérida,Yucatán
97256,Libertad II,Mérida,Yucatán
97256,Renacimiento II,Mérida,Yucatán
97256,Pino Suárez,Mérida,Yucatán
97256,Residencial Nicte,Mérida,Yucatán
97256,Lol-Be,Mérida,Yucatán
97256,Villas Mérida,Mérida,Yucatán
97256,Industrial Bridec,Mérida,Yucatán
97258,Salvador Alvarado,Mérida,Yucatán
97259,Itzaez,Mérida,Yucatán
97260,Villa Moderna,Mérida,Yucatán
97260,Circuito Colonias,Mérida,Yucatán
97260,Villa de la Obrera II,Mérida,Yucatán
97260,Villas del Mayab,Mérida,Yucatán
97260,Obrera,Mérida,Yucatán
97260,Nueva Obrera,Mérida,Yucatán
97267,Manzana 115,Mérida,Yucatán
97268,Delio Moreno Canton,Mérida,Yucatán
97268,Quinta Valencia,Mérida,Yucatán
97269,Santa Maria de Guadalupe,Mérida,Yucatán
97269,Las Palmeras II,Mérida,Yucatán
97269,Meliton Salazar,Mérida,Yucatán
97270,Dolores Otero,Mérida,Yucatán
97277,Mercedes Barrera,Mérida,Yucatán
97278,Bosques Del Pedregal,Mérida,Yucatán
97278,Castilla Camara,Mérida,Yucatán
97279,Quinta Santa Rosa,Mérida,Yucatán
97279,Santa Rosa,Mérida,Yucatán
97280,Santa Rita,Mérida,Yucatán
97280,5 Colonias,Mérida,Yucatán
97284,Lomas Del Sur,Mérida,Yucatán
97284,Lindavista,Mérida,Yucatán
97285,Serapio Rendón III,Mérida,Yucatán
97285,Villa Magna del Sur,Mérida,Yucatán
97285,Jardines del Sur,Mérida,Yucatán
97285,Villas Del Sur,Mérida,Yucatán
97285,San Carlos Del Sur,Mérida,Yucatán
97285,Álamos del Sur,Mérida,Yucatán
97285,Bellavista,Mérida,Yucatán
97285,Serapio Rendón,Mérida,Yucatán
97285,San José Tzal,Mérida,Yucatán
97285,Villa Bonita,Mérida,Yucatán
97285,San Carlos Del Sur II,Mérida,Yucatán
97285,Palmas del Sur,Mérida,Yucatán
97285,Lotificacion Serapio Rendón 1,Mérida,Yucatán
97285,Serapio Rendón II,Mérida,Yucatán
97285,Plan de Ayala Sur,Mérida,Yucatán
97285,Plan de Ayala Sur III,Mérida,Yucatán
97285,Las Nubes,Mérida,Yucatán
97286,Las Brisas Del Sur,Mérida,Yucatán
97287,Del Sur,Mérida,Yucatán
97288,Ampliación Ciudad Industrial,Mérida,Yucatán
97288,Ciudad Industrial,Mérida,Yucatán
97289,San Nicolás Del Sur,Mérida,Yucatán
97289,La Hacienda,Mérida,Yucatán
97289,La Hacienda,Mérida,Yucatán
97290,La Guadalupana,Mérida,Yucatán
97290,Nueva San Jose Tecoh,Mérida,Yucatán
97290,San Antonio Xluch II,Mérida,Yucatán
97290,San Luis Sur,Mérida,Yucatán
97290,San Antonio Xluch,Mérida,Yucatán
97295,El Roble Agrícola,Mérida,Yucatán
97295,San Marcos,Mérida,Yucatán
97295,Mérida (Lic. Manuel Crescencio Rejon),Mérida,Yucatán
97295,Santa Cruz,Mérida,Yucatán
97296,San Marcos Nocoh,Mérida,Yucatán
97296,San Marcos Nocoh II,Mérida,Yucatán
97297,Villas Quetzal,Mérida,Yucatán
97297,Emiliano Zapata Sur,Mérida,Yucatán
97297,Emiliano Zapata Sur II,Mérida,Yucatán
97297,Metropolitana,Mérida,Yucatán
97297,San Antonio Xluch III,Mérida,Yucatán
97297,Emiliano Zapata Sur III,Mérida,Yucatán
97297,San Luis Sur,Mérida,Yucatán
97298,Brisas de San José,Mérida,Yucatán
97298,Zacilha,Mérida,Yucatán
97298,Zazil - Ha II,Mérida,Yucatán
97298,San Jose Tecoh Sur,Mérida,Yucatán
97298,Privada Zuzil - Ha,Mérida,Yucatán
97299,San Antonio Tecoh,Mérida,Yucatán
97299,San Jose Tecoh,Mérida,Yucatán
97300,Ejido de Chuburna,Mérida,Yucatán
97302,Sierra Papacal,Mérida,Yucatán
97302,Piedra Antigua,Mérida,Yucatán
97302,San Antonio Residencial,Mérida,Yucatán
97302,Las Fincas,Mérida,Yucatán
97302,Residencial Xcanatún,Mérida,Yucatán
97302,Royal del Parque,Mérida,Yucatán
97302,Dzidzilché,Mérida,Yucatán
97302,Palmequén,Mérida,Yucatán
97302,Xotik,Mérida,Yucatán
97302,Residencial La Alborada,Mérida,Yucatán
97302,Chablekal,Mérida,Yucatán
97302,Temozon Norte,Mérida,Yucatán
97302,Sac-Nicté,Mérida,Yucatán
97302,Komchén,Mérida,Yucatán
97302,Las Américas II,Mérida,Yucatán
97302,Los Tamarindos,Mérida,Yucatán
97302,Xcanatún,Mérida,Yucatán
97302,Dzityá,Mérida,Yucatán
97302,Club de Golf La Ceiba,Mérida,Yucatán
97302,Las Américas,Mérida,Yucatán
97302,Real Montejo,Mérida,Yucatán
97302,Residencial del Mayab,Mérida,Yucatán
97302,Núcleo Sodzil,Mérida,Yucatán
97303,Kikteil,Mérida,Yucatán
97303,Cheumán,Mérida,Yucatán
97303,Cosgaya,Mérida,Yucatán
97303,Noc Ac,Mérida,Yucatán
97304,Xcunyá,Mérida,Yucatán
97304,Tamanché,Mérida,Yucatán
97305,Granjas Cholul,Mérida,Yucatán
97305,Jalapa,Mérida,Yucatán
97305,Santa Gertrudis Copo,Mérida,Yucatán
97305,Algarrobos Desarrollo Residencial,Mérida,Yucatán
97305,Gran San Pedro Cholul,Mérida,Yucatán
97305,Villas Cholul,Mérida,Yucatán
97305,Parque Central,Mérida,Yucatán
97305,Cholul,Mérida,Yucatán
97305,Residencial Campestre Viladiu,Mérida,Yucatán
97305,San Luis Cholul,Mérida,Yucatán
97305,Sian Kaan,Mérida,Yucatán
97305,Residencial Anturio,Mérida,Yucatán
97305,Cocoyoles,Mérida,Yucatán
97305,Dzibilchaltún,Mérida,Yucatán
97305,Bogdan,Mérida,Yucatán
97305,Cholul,Mérida,Yucatán
97305,Altavista,Mérida,Yucatán
97305,Paraíso las Margaritas,Mérida,Yucatán
97305,Las Margaritas de Cholul,Mérida,Yucatán
97306,Sitpach,Mérida,Yucatán
97306,Villas de Oriente,Mérida,Yucatán
97306,Los Héroes,Mérida,Yucatán
97306,Chichi Suárez,Mérida,Yucatán
97306,Santa María Chí,Mérida,Yucatán
97306,Chichi Díaz,Mérida,Yucatán
97307,La Rejoyada,Mérida,Yucatán
97308,Santa María Yaxché,Mérida,Yucatán
97308,Yucatán Country Club,Mérida,Yucatán
97309,Cordemex,Mérida,Yucatán
97309,Yaxché Casares,Mérida,Yucatán
97310,Oncán,Mérida,Yucatán
97312,Los Faisanes de Tixcacal,Mérida,Yucatán
97312,Chalmuch,Mérida,Yucatán
97312,Tixcacal,Mérida,Yucatán
97314,Villa Jardín,Mérida,Yucatán
97314,Jardines de Caucel,Mérida,Yucatán
97314,Paseos de Opichen la Joya,Mérida,Yucatán
97314,Hacienda Caucel,Mérida,Yucatán
97314,Centenario Cámara de Comercio Caucel,Mérida,Yucatán
97314,Sol Caucel III,Mérida,Yucatán
97314,Ciudad Caucel,Mérida,Yucatán
97314,La Perla Ciudad Caucel,Mérida,Yucatán
97314,Los Almendros,Mérida,Yucatán
97314,Arboleda,Mérida,Yucatán
97314,Jardines del Caucel II,Mérida,Yucatán
97314,Las Torres II,Mérida,Yucatán
97314,Balcones II,Mérida,Yucatán
97314,La Ceiba,Mérida,Yucatán
97314,Sasula,Mérida,Yucatán
97314,Las Torres I,Mérida,Yucatán
97314,La Herradura II,Mérida,Yucatán
97314,La Herradura III,Mérida,Yucatán
97314,Terranova Caucel,Mérida,Yucatán
97314,La Herradura IV,Mérida,Yucatán
97314,Gran Herradura,Mérida,Yucatán
97314,Pedregales de Ciudad Caucel,Mérida,Yucatán
97314,Ciricotes de Caucel,Mérida,Yucatán
97314,Los Cocos de Caucel,Mérida,Yucatán
97314,Horizontes de Caucel,Mérida,Yucatán
97314,Susulá,Mérida,Yucatán
97314,Boulevares,Mérida,Yucatán
97314,Gran Santa Fe,Mérida,Yucatán
97314,Jardines de Poniente,Mérida,Yucatán
97314,Rinconada de Caucel,Mérida,Yucatán
97314,La Herradura,Mérida,Yucatán
97314,Caucel,Mérida,Yucatán
97314,Sol Caucel,Mérida,Yucatán
97314,Los Balcones,Mérida,Yucatán
97314,Caucel II,Mérida,Yucatán
97314,Hogares Caucel,Mérida,Yucatán
97314,Cerradas de la Herradura,Mérida,Yucatán
97314,Villas de Caucel,Mérida,Yucatán
97314,Las Torres III,Mérida,Yucatán
97314,Las Torres,Mérida,Yucatán
97314,Viva Caucel,Mérida,Yucatán
97315,Texán Cámara,Mérida,Yucatán
97315,La Guadalupana,Mérida,Yucatán
97315,Nuevo San José Tecoh,Mérida,Yucatán
97315,Dzununcan,Mérida,Yucatán
97315,Molas,Mérida,Yucatán
97315,San José Tzal,Mérida,Yucatán
97315,Hunxectamán,Mérida,Yucatán
97315,San Pedro Chimay,Mérida,Yucatán
97315,Nuevo San José Tecoh III,Mérida,Yucatán
97315,San Antonio Tzacalá,Mérida,Yucatán
97315,Santa Cruz Palomeque,Mérida,Yucatán
97315,Dzununcán,Mérida,Yucatán
97315,Xmatkuil,Mérida,Yucatán
97315,Tahdzibichén,Mérida,Yucatán
97315,Petac,Mérida,Yucatán
97316,Dzoyaxché,Mérida,Yucatán
97316,San Ignacio Tesip,Mérida,Yucatán
97316,Yaxnic,Mérida,Yucatán
97320,Costa Azul,Progreso,Yucatán
97320,La Fuente,Progreso,Yucatán
97320,Costa Azul,Progreso,Yucatán
97320,23 de Noviembre,Progreso,Yucatán
97320,Progreso de Castro Centro,Progreso,Yucatán
97320,Revolución,Progreso,Yucatán
97320,Fovissste,Progreso,Yucatán
97320,Las Fuentes II,Progreso,Yucatán
97320,Francisco I. Madero,Progreso,Yucatán
97320,Juan Montalvo,Progreso,Yucatán
97320,F Canul Reyes,Progreso,Yucatán
97320,Nueva Yucalpeten,Progreso,Yucatán
97320,Las Palmas,Progreso,Yucatán
97320,Fovissste Brisas,Progreso,Yucatán
97320,Vicente Guerrero,Progreso,Yucatán
97320,Ismael Garcia,Progreso,Yucatán
97320,Hector Victoria,Progreso,Yucatán
97320,Ciénega 2000,Progreso,Yucatán
97324,Campestre Flamboyanes,Progreso,Yucatán
97330,Chicxulub Puerto,Progreso,Yucatán
97333,Misnebalam,Progreso,Yucatán
97334,San Ignacio,Progreso,Yucatán
97336,Yucalpeten,Progreso,Yucatán
97336,Chelem,Progreso,Yucatán
97336,Chuburna Puerto,Progreso,Yucatán
97337,Muelle y Puerto de Altura,Progreso,Yucatán
97340,Chicxulub,Chicxulub Pueblo,Yucatán
97342,Quintas Baspul,Chicxulub Pueblo,Yucatán
97343,Picayoc,Ixil,Yucatán
97343,Ixil,Ixil,Yucatán
97343,Concepción,Ixil,Yucatán
97343,San Miguel,Ixil,Yucatán
97343,San Rafael,Ixil,Yucatán
97344,San Benito,Ixil,Yucatán
97344,Uaymitun,Ixil,Yucatán
97345,Jardines de Conkal,Conkal,Yucatán
97345,Paseo del Ángel,Conkal,Yucatán
97345,Pedregales de Conkal,Conkal,Yucatán
97345,Conkal,Conkal,Yucatán
97345,Los Laureles,Conkal,Yucatán
97345,Santa Cruz,Conkal,Yucatán
97345,Kantoyna,Conkal,Yucatán
97345,Verde Limón Conkal,Conkal,Yucatán
97345,Villas de Conkal,Conkal,Yucatán
97345,San Francisco de Asís,Conkal,Yucatán
97345,Real de Conkal,Conkal,Yucatán
97346,Vega del Mayab,Conkal,Yucatán
97346,X-Cuyum,Conkal,Yucatán
97346,Santa María Rosas,Conkal,Yucatán
97348,Yaxkukul,Yaxkukul,Yucatán
97350,Papagayos,Hunucmá,Yucatán
97350,Centro Hunucmá,Hunucmá,Yucatán
97350,Paseos de Chenku,Hunucmá,Yucatán
97353,Hunkanab,Hunucmá,Yucatán
97353,San Antonio Chel,Hunucmá,Yucatán
97353,Texán de Palomeque,Hunucmá,Yucatán
97355,San Eduardo,Hunucmá,Yucatán
97356,Sisal,Hunucmá,Yucatán
97356,Punta Paz,Hunucmá,Yucatán
97357,Yaxche de Peón,Ucú,Yucatán
97357,Ucu,Ucú,Yucatán
97357,San Juan,Ucú,Yucatán
97360,Kinchil,Kinchil,Yucatán
97362,Tamchén,Kinchil,Yucatán
97363,Bella Flor,Kinchil,Yucatán
97364,Tetiz,Tetiz,Yucatán
97365,Nohuayun,Tetiz,Yucatán
97367,Xixin,Celestún,Yucatán
97367,Celestun,Celestún,Yucatán
97367,El Palmar,Celestún,Yucatán
97368,Sinkehuel,Celestún,Yucatán
97370,Privada del Sol,Kanasín,Yucatán
97370,Las Palmeras,Kanasín,Yucatán
97370,Jardines de San Pedro Noh Pat,Kanasín,Yucatán
97370,Leona Vicario II,Kanasín,Yucatán
97370,Reparto Las Granjas,Kanasín,Yucatán
97370,Los Encinos,Kanasín,Yucatán
97370,Ampliación Hector Victoria,Kanasín,Yucatán
97370,Flor de Mayo,Kanasín,Yucatán
97370,Privada los Naranjos,Kanasín,Yucatán
97370,Bosques de Kanasín,Kanasín,Yucatán
97370,Brisas del Mayab,Kanasín,Yucatán
97370,Villas Turquesa,Kanasín,Yucatán
97370,Cuauhtémoc,Kanasín,Yucatán
97370,Puerta Esmeralda,Kanasín,Yucatán
97370,Xelpac,Kanasín,Yucatán
97370,Kanasín Centro,Kanasín,Yucatán
97370,San Antonio Kaua III,Kanasín,Yucatán
97370,Los Arcos de Kanasín,Kanasín,Yucatán
97370,Las Haciendas,Kanasín,Yucatán
97370,Palmas San Pedro,Kanasín,Yucatán
97370,Santa Cecilia,Kanasín,Yucatán
97370,Valle Azul,Kanasín,Yucatán
97370,Arecas,Kanasín,Yucatán
97370,Puerta del Sol,Kanasín,Yucatán
97370,Los Pinos de Mulchechen,Kanasín,Yucatán
97370,Jardines de Mulchechen,Kanasín,Yucatán
97370,Brisas de Oriente,Kanasín,Yucatán
97370,Las Flores,Kanasín,Yucatán
97370,Fontana I,Kanasín,Yucatán
97370,Pedregales del Oriente,Kanasín,Yucatán
97370,Hector Victoria,Kanasín,Yucatán
97370,Los Robles,Kanasín,Yucatán
97370,Amalia Solorzano II,Kanasín,Yucatán
97370,Amalia Solórzano III,Kanasín,Yucatán
97370,San Pedro Noh Pat,Kanasín,Yucatán
97370,Privada Lomas Campestre,Kanasín,Yucatán
97370,Los Almendros,Kanasín,Yucatán
97370,Los Tulipanes,Kanasín,Yucatán
97370,Girasoles,Kanasín,Yucatán
97370,San Haroldo San José Tzal,Kanasín,Yucatán
97370,Pedregales de Kanasín II,Kanasín,Yucatán
97370,CROC,Kanasín,Yucatán
97370,Mulchechen,Kanasín,Yucatán
97370,Jardines de Kanasín,Kanasín,Yucatán
97370,Villas del Oriente,Kanasín,Yucatán
97370,Cecilio Chi,Kanasín,Yucatán
97370,Leona Vicario,Kanasín,Yucatán
97370,Valle Oriente,Kanasín,Yucatán
97370,Las Palmas Yucatán,Kanasín,Yucatán
97370,Ampliación Xelpac,Kanasín,Yucatán
97370,San Pedro Oriente,Kanasín,Yucatán
97370,Colibrí,Kanasín,Yucatán
97370,Pedregales de Mulchechen Kanasín,Kanasín,Yucatán
97370,San Ángel,Kanasín,Yucatán
97370,Montecarlos,Kanasín,Yucatán
97370,Los Robles III,Kanasín,Yucatán
97370,La Joya,Kanasín,Yucatán
97370,Álamos de Oriente,Kanasín,Yucatán
97370,La Ceiba,Kanasín,Yucatán
97370,Francisco Villa Oriente,Kanasín,Yucatán
97370,Pablo Moreno,Kanasín,Yucatán
97370,San Camilo,Kanasín,Yucatán
97373,Santa Isabel,Kanasín,Yucatán
97373,Huxectaman,Kanasín,Yucatán
97374,San Aroldo,Kanasín,Yucatán
97374,Teya,Kanasín,Yucatán
97374,San Pedro,Kanasín,Yucatán
97376,San Antonio Tehuitz,Kanasín,Yucatán
97377,Timucuy,Timucuy,Yucatán
97377,Tekik de Regil,Timucuy,Yucatán
97378,Subincancab,Timucuy,Yucatán
97380,Acanceh,Acanceh,Yucatán
97380,Santiago,Acanceh,Yucatán
97380,Canicab,Acanceh,Yucatán
97380,El Zapotal,Acanceh,Yucatán
97380,Ticopó,Acanceh,Yucatán
97382,Tepich Carrillo,Acanceh,Yucatán
97383,Petectunich,Acanceh,Yucatán
97383,Sahcatzin,Acanceh,Yucatán
97383,Cibceh,Acanceh,Yucatán
97383,Sacchich,Acanceh,Yucatán
97386,Tixpehual,Tixpéhual,Yucatán
97387,Kilinche,Tixpéhual,Yucatán
97387,Chocho,Tixpéhual,Yucatán
97388,Sahe,Tixpéhual,Yucatán
97388,Cuca,Tixpéhual,Yucatán
97390,Brisas de Umán,Umán,Yucatán
97390,Mejorada,Umán,Yucatán
97390,San Cosme,Umán,Yucatán
97390,Dubical,Umán,Yucatán
97390,Jardines de Umán,Umán,Yucatán
97390,Acim I,Umán,Yucatán
97390,San Salvador,Umán,Yucatán
97390,Cepeda Peraza,Umán,Yucatán
97390,Santana,Umán,Yucatán
97390,Soledad,Umán,Yucatán
97390,Candelaria,Umán,Yucatán
97390,Bosques de Uman,Umán,Yucatán
97390,San Carlos Umán,Umán,Yucatán
97390,El Oasis,Umán,Yucatán
97390,Camino Real,Umán,Yucatán
97390,Guadalupe,Umán,Yucatán
97390,Acim II,Umán,Yucatán
97390,Centro Umán,Umán,Yucatán
97390,San Lázaro,Umán,Yucatán
97390,Las Perlas de Umán,Umán,Yucatán
97390,Santa Elena,Umán,Yucatán
97390,Ceibo,Umán,Yucatán
97390,San Francisco,Umán,Yucatán
97390,Miguel Hidalgo,Umán,Yucatán
97390,Los Arcos II,Umán,Yucatán
97390,Ciudad Industrial,Umán,Yucatán
97390,San Lorenzo,Umán,Yucatán
97392,Itzincab,Umán,Yucatán
97392,Piedra de Agua,Umán,Yucatán
97393,Dzibikak,Umán,Yucatán
97393,Oxcum,Umán,Yucatán
97394,Ticimul,Umán,Yucatán
97394,Tebec,Umán,Yucatán
97394,Xtepen,Umán,Yucatán
97394,Petecbiltun,Umán,Yucatán
97395,Hotzuc,Umán,Yucatán
97396,Yaxcopoil,Umán,Yucatán
97396,Dzich,Umán,Yucatán
97396,San Antonio Mulix,Umán,Yucatán
97396,Sahcaba,Umán,Yucatán
97396,Xtohil,Umán,Yucatán
97396,Sambula,Umán,Yucatán
97397,Oxholon,Umán,Yucatán
97397,San Antonio Chun,Umán,Yucatán
97397,Bolon,Umán,Yucatán
97397,Poxila,Umán,Yucatán
97400,Centro Telchac Pueblo,Telchac Pueblo,Yucatán
97403,San Eduardo,Telchac Pueblo,Yucatán
97404,Dzemul,Dzemul,Yucatán
97406,Caniste,Dzemul,Yucatán
97406,San Diego,Dzemul,Yucatán
97407,Telchac Puerto,Telchac Puerto,Yucatán
97407,Xtampu,Telchac Puerto,Yucatán
97407,Complejo Turistico Nuevo Yucatán,Telchac Puerto,Yucatán
97408,Xcambo,Telchac Puerto,Yucatán
97410,Cansahcab,Cansahcab,Yucatán
97414,Santa María,Cansahcab,Yucatán
97415,Kankabchen de Molina,Cansahcab,Yucatán
97415,Xiat,Cansahcab,Yucatán
97416,Ekbalam,Cansahcab,Yucatán
97417,San Antonio,Cansahcab,Yucatán
97420,Sinanche,Sinanché,Yucatán
97420,Miguel Aleman,Sinanché,Yucatán
97424,San Crisanto,Sinanché,Yucatán
97425,Yobain,Yobaín,Yucatán
97426,San Genaro,Yobaín,Yucatán
97426,Chabihau,Yobaín,Yucatán
97426,Santa Ursula,Yobaín,Yucatán
97430,Sambula,Motul,Yucatán
97430,Motul de Carrillo Puerto Centro,Motul,Yucatán
97432,Felipe Carrillo Puerto,Motul,Yucatán
97432,Real del Mayab,Motul,Yucatán
97432,Londres,Motul,Yucatán
97432,Mario H Cuevas,Motul,Yucatán
97432,Puesta Del Sol,Motul,Yucatán
97432,Las Huertas,Motul,Yucatán
97432,Perla de La Costa,Motul,Yucatán
97432,Infonavit,Motul,Yucatán
97432,Mayab,Motul,Yucatán
97433,San Carlos,Motul,Yucatán
97433,Santa Cruz Pachón,Motul,Yucatán
97433,San Juan,Motul,Yucatán
97433,Santiago Castillo,Motul,Yucatán
97434,Residencial,Motul,Yucatán
97434,Rogelio Chale,Motul,Yucatán
97434,Edesio Carrillo,Motul,Yucatán
97434,La Herradura,Motul,Yucatán
97434,El Roble,Motul,Yucatán
97434,San Roque,Motul,Yucatán
97434,Vivah,Motul,Yucatán
97436,Sacapuc,Motul,Yucatán
97436,Pacchen,Motul,Yucatán
97436,Timul,Motul,Yucatán
97437,Kini,Motul,Yucatán
97440,Komchén Martínez,Motul,Yucatán
97440,Uci,Motul,Yucatán
97440,Santa Teresa,Motul,Yucatán
97440,Kancabchen,Motul,Yucatán
97443,Tanya,Motul,Yucatán
97443,Kancabal,Motul,Yucatán
97443,Chacabol,Motul,Yucatán
97444,Kaxatah,Motul,Yucatán
97444,Mesatunich,Motul,Yucatán
97444,Kancabchén Uci,Motul,Yucatán
97444,Kopte,Motul,Yucatán
97444,Kambul,Motul,Yucatán
97444,San Pedro Camara,Motul,Yucatán
97444,Dzununcan,Motul,Yucatán
97445,Dzunul,Motul,Yucatán
97445,Dzina,Motul,Yucatán
97446,Sakolá,Motul,Yucatán
97446,Hili,Motul,Yucatán
97450,Baca,Baca,Yucatán
97452,Kankabchen,Baca,Yucatán
97452,Tixkuncheil,Baca,Yucatán
97453,San Isidro Kuxub,Baca,Yucatán
97453,San Nicolás,Baca,Yucatán
97454,Mococha,Mocochá,Yucatán
97455,Carolina,Mocochá,Yucatán
97455,Too,Mocochá,Yucatán
97456,Tekat,Mocochá,Yucatán
97457,Muxupip,Muxupip,Yucatán
97457,Saccitan,Muxupip,Yucatán
97458,San Juan Koop,Muxupip,Yucatán
97458,San José Grande,Muxupip,Yucatán
97460,Cacalchen,Cacalchén,Yucatán
97460,Santa Teresa,Cacalchén,Yucatán
97466,Bokoba,Bokobá,Yucatán
97470,Tixkokob,Tixkokob,Yucatán
97473,San José,Tixkokob,Yucatán
97473,Kankabchen,Tixkokob,Yucatán
97474,Ruinas de Ake,Tixkokob,Yucatán
97474,Ekmul,Tixkokob,Yucatán
97474,Euan,Tixkokob,Yucatán
97475,Hubila,Tixkokob,Yucatán
97476,San Antonio Millet Peón,Tixkokob,Yucatán
97477,Nolo,Tixkokob,Yucatán
97480,Hoctun,Hoctún,Yucatán
97483,Dziuche,Hoctún,Yucatán
97486,San José Oriente,Hoctún,Yucatán
97490,Tahmek,Tahmek,Yucatán
97500,Emiliano Zapata,Dzidzantún,Yucatán
97500,San Juan,Dzidzantún,Yucatán
97500,Dzidzantun,Dzidzantún,Yucatán
97500,San Diego Chumul,Dzidzantún,Yucatán
97500,Vicente Guerrero,Dzidzantún,Yucatán
97504,Santa Clara,Dzidzantún,Yucatán
97506,San Francisco Manzanilla,Dzidzantún,Yucatán
97510,Temax,Temax,Yucatán
97510,Rastro Nuevo,Temax,Yucatán
97513,San Antonio Camara,Temax,Yucatán
97515,Chenche de Las Torres,Temax,Yucatán
97515,Chucmichén,Temax,Yucatán
97516,Santa Ursula,Temax,Yucatán
97520,Tekanto,Tekantó,Yucatán
97522,Tixkocho,Tekantó,Yucatán
97522,Sanlatah,Tekantó,Yucatán
97523,San Francisco Dzan,Tekantó,Yucatán
97524,Teya,Teya,Yucatán
97527,San Nicolás,Suma,Yucatán
97527,Suma,Suma,Yucatán
97530,Tepakan,Tepakán,Yucatán
97532,Kantirix,Tepakán,Yucatán
97535,Tekal de Venegas,Tekal de Venegas,Yucatán
97536,El Ancla,Tekal de Venegas,Yucatán
97536,San Felipe,Tekal de Venegas,Yucatán
97536,Tohoku,Tekal de Venegas,Yucatán
97540,Real del Sol,Izamal,Yucatán
97540,San Juan Izamal,Izamal,Yucatán
97540,Izamal,Izamal,Yucatán
97542,San Genaro,Izamal,Yucatán
97542,Quinta Real,Izamal,Yucatán
97542,Benito Juárez,Izamal,Yucatán
97545,Sitilpech,Izamal,Yucatán
97550,Citilcum,Izamal,Yucatán
97550,Kimbila,Izamal,Yucatán
97553,San Isidro,Izamal,Yucatán
97553,San José Kanán,Izamal,Yucatán
97554,Ekmul,Izamal,Yucatán
97554,Tiholop,Izamal,Yucatán
97555,Cuauhtémoc,Izamal,Yucatán
97556,Xanabá,Izamal,Yucatán
97556,Pitbuch,Izamal,Yucatán
97556,Yaxché,Izamal,Yucatán
97556,Popolá,Izamal,Yucatán
97557,San Antonio,Izamal,Yucatán
97557,San José,Izamal,Yucatán
97560,Hocaba,Hocabá,Yucatán
97563,El Nance,Hocabá,Yucatán
97564,Sahcaba,Hocabá,Yucatán
97566,Xocchel,Xocchel,Yucatán
97570,Seyé,Seyé,Yucatán
97570,Vicente Guerrero,Seyé,Yucatán
97573,Holactun,Seyé,Yucatán
97574,Xucu,Seyé,Yucatán
97575,Nohcham,Seyé,Yucatán
97577,Cuzama,Cuzamá,Yucatán
97577,Nohchacan,Cuzamá,Yucatán
97577,Eknacan,Cuzamá,Yucatán
97578,Yaxkukul,Cuzamá,Yucatán
97578,Sisal,Cuzamá,Yucatán
97578,Chunkanan,Cuzamá,Yucatán
97580,Homun,Homún,Yucatán
97582,Viva,Homún,Yucatán
97583,San Benito,Homún,Yucatán
97583,Pavia,Homún,Yucatán
97583,Poloban,Homún,Yucatán
97584,Yahomal,Homún,Yucatán
97584,Chichihua,Homún,Yucatán
97584,Chacsikin,Homún,Yucatán
97585,Yalahau,Homún,Yucatán
97585,Chachay,Homún,Yucatán
97586,San Isidro,Homún,Yucatán
97587,Sanahcat,Sanahcat,Yucatán
97590,Huhi,Huhí,Yucatán
97593,San Lorenzo,Huhí,Yucatán
97594,San Miguel,Huhí,Yucatán
97596,Tixcacal Quintero,Huhí,Yucatán
97597,Boxactun,Huhí,Yucatán
97600,Dzilam Gonzalez,Dzilam González,Yucatán
97604,Dzonot Sabila,Dzilam González,Yucatán
97605,Chucmichen,Dzilam González,Yucatán
97606,Dzilam de Bravo,Dzilam de Bravo,Yucatán
97607,Mina de Oro,Dzilam de Bravo,Yucatán
97608,V. San Francisco,Dzilam de Bravo,Yucatán
97608,Chunxcan,Dzilam de Bravo,Yucatán
97610,Panaba,Panabá,Yucatán
97614,Chamizal,Panabá,Yucatán
97614,Loche,Panabá,Yucatán
97614,Santa Flor,Panabá,Yucatán
97614,San Francisco,Panabá,Yucatán
97615,San Antonio,Panabá,Yucatán
97615,J.F. Kennedy,Panabá,Yucatán
97615,Yalsihon,Panabá,Yucatán
97615,Vista Alegre,Panabá,Yucatán
97615,Noczal,Panabá,Yucatán
97616,San Felipe,San Felipe,Yucatán
97616,Puerto de San Felipe,San Felipe,Yucatán
97617,Punta Bachul,San Felipe,Yucatán
97617,Punta Nichili,San Felipe,Yucatán
97618,Ejido San Felipe,San Felipe,Yucatán
97620,Buctzotz,Buctzotz,Yucatán
97623,Xbec,Buctzotz,Yucatán
97623,Chanmotul,Buctzotz,Yucatán
97623,Ixnail,Buctzotz,Yucatán
97624,La Gran Lucha,Buctzotz,Yucatán
97624,Saknicte,Buctzotz,Yucatán
97624,Nohyaxche,Buctzotz,Yucatán
97625,Chac Pot,Buctzotz,Yucatán
97625,Chuntzalan,Buctzotz,Yucatán
97625,B. Esperanza,Buctzotz,Yucatán
97625,Grano de Oro,Buctzotz,Yucatán
97625,Muldzonot,Buctzotz,Yucatán
97625,San Francisco,Buctzotz,Yucatán
97625,U. Juárez,Buctzotz,Yucatán
97626,San Pedro,Buctzotz,Yucatán
97626,San Juan,Buctzotz,Yucatán
97627,Hubineh,Buctzotz,Yucatán
97627,Santo Domingo,Buctzotz,Yucatán
97630,Sucila,Sucilá,Yucatán
97633,U.G. Chuc Xajas,Sucilá,Yucatán
97634,Chan Panaba,Sucilá,Yucatán
97636,A.G. San Martín,Sucilá,Yucatán
97636,Lolkah,Sucilá,Yucatán
97640,Cenotillo,Cenotillo,Yucatán
97643,Chuyucu,Cenotillo,Yucatán
97643,Flamboyanes,Cenotillo,Yucatán
97643,Itzimna,Cenotillo,Yucatán
97644,Xal Xaan,Cenotillo,Yucatán
97644,Obchen,Cenotillo,Yucatán
97645,Lusik,Cenotillo,Yucatán
97645,Tucina,Cenotillo,Yucatán
97645,Tixbacab,Cenotillo,Yucatán
97645,Xmaakaba,Cenotillo,Yucatán
97645,Pom,Cenotillo,Yucatán
97645,E. Tixbacab,Cenotillo,Yucatán
97645,Dzitox,Cenotillo,Yucatán
97645,Lobos,Cenotillo,Yucatán
97645,Xhualtez,Cenotillo,Yucatán
97645,Afil,Cenotillo,Yucatán
97645,Hunmuch,Cenotillo,Yucatán
97646,Dzoncauich,Dzoncauich,Yucatán
97647,Chacmay,Dzoncauich,Yucatán
97650,Tunkas,Tunkás,Yucatán
97653,Corredor Ganadero,Tunkás,Yucatán
97653,Pabihoc,Tunkás,Yucatán
97653,Chabak,Tunkás,Yucatán
97653,Puhila,Tunkás,Yucatán
97653,San José Pibtuch,Tunkás,Yucatán
97654,Yaxha,Tunkás,Yucatán
97654,Santa Rosa,Tunkás,Yucatán
97654,Chakan Ebula,Tunkás,Yucatán
97654,Nicte Ha,Tunkás,Yucatán
97654,Mactun,Tunkás,Yucatán
97654,Onichen,Tunkás,Yucatán
97654,Kankabchen,Tunkás,Yucatán
97654,Noc Ac,Tunkás,Yucatán
97654,San Román,Tunkás,Yucatán
97654,Dzotzil,Tunkás,Yucatán
97654,San Antonio Chuc,Tunkás,Yucatán
97655,Quintana Roo,Quintana Roo,Yucatán
97660,Dzitas,Dzitás,Yucatán
97665,Neus,Dzitás,Yucatán
97665,Uaim,Dzitás,Yucatán
97666,Yaxche,Dzitás,Yucatán
97666,Xocempich,Dzitás,Yucatán
97667,Cta. Peaje,Dzitás,Yucatán
97670,Kantunil,Kantunil,Yucatán
97674,Suxutunich,Kantunil,Yucatán
97675,Kamcabchen,Kantunil,Yucatán
97675,Holca,Kantunil,Yucatán
97676,Sudzal,Sudzal,Yucatán
97677,San Antonio,Sudzal,Yucatán
97677,San Felipe,Sudzal,Yucatán
97677,Tzalam,Sudzal,Yucatán
97677,Brasil,Sudzal,Yucatán
97677,Tlacante,Sudzal,Yucatán
97677,San Juan,Sudzal,Yucatán
97677,San Martín,Sudzal,Yucatán
97677,Emiliano Zapata,Sudzal,Yucatán
97678,San Isidro,Sudzal,Yucatán
97678,San José,Sudzal,Yucatán
97678,Kamcabchen,Sudzal,Yucatán
97678,Kopchen,Sudzal,Yucatán
97678,Chumbec,Sudzal,Yucatán
97678,Dzulutoc,Sudzal,Yucatán
97680,Tekit,Tekit,Yucatán
97684,Susula,Tekit,Yucatán
97686,Yaxic,Tekit,Yucatán
97690,Sotuta,Sotuta,Yucatán
97694,Tibolon,Sotuta,Yucatán
97695,Tabi,Sotuta,Yucatán
97697,Zavala,Sotuta,Yucatán
97700,Santa Cruz,Tizimín,Yucatán
97700,Tizimin Centro,Tizimín,Yucatán
97702,Benito Juárez,Tizimín,Yucatán
97702,Fovissste,Tizimín,Yucatán
97702,Los Reyes,Tizimín,Yucatán
97702,Los Aguacates,Tizimín,Yucatán
97702,Zoológico,Tizimín,Yucatán
97702,Campestre San Francisco,Tizimín,Yucatán
97702,Residencial Tizimín,Tizimín,Yucatán
97702,Viva,Tizimín,Yucatán
97702,Comichén,Tizimín,Yucatán
97702,Placita de Toros,Tizimín,Yucatán
97702,Aviación,Tizimín,Yucatán
97702,San Martin,Tizimín,Yucatán
97702,Las Palmas,Tizimín,Yucatán
97702,Jacinto Canek,Tizimín,Yucatán
97702,8 Calles,Tizimín,Yucatán
97702,Cruz Roja,Tizimín,Yucatán
97702,Santa Maria,Tizimín,Yucatán
97702,Villas Campestre,Tizimín,Yucatán
97702,Justo Sierra,Tizimín,Yucatán
97703,San Carlos,Tizimín,Yucatán
97703,Huayita,Tizimín,Yucatán
97703,Los Reyes,Tizimín,Yucatán
97703,Niños Héroes,Tizimín,Yucatán
97703,Lázaro Cárdenas,Tizimín,Yucatán
97703,Almendros,Tizimín,Yucatán
97703,Adolfo Lopez Mateos,Tizimín,Yucatán
97703,San Jose Nabalam,Tizimín,Yucatán
97703,Santo Domingo,Tizimín,Yucatán
97704,Residencial Del Parque,Tizimín,Yucatán
97704,Santa Maria de Lima,Tizimín,Yucatán
97705,Sucopó,Tizimín,Yucatán
97705,Chan San Antonio,Tizimín,Yucatán
97705,X-Pambihá,Tizimín,Yucatán
97705,Yokdzonot Meneses,Tizimín,Yucatán
97705,Kikil,Tizimín,Yucatán
97706,Xkalax de Dzibalkú,Tizimín,Yucatán
97706,Santa Clara Dzibalkú,Tizimín,Yucatán
97706,Libre Unión,Tizimín,Yucatán
97706,Bondzonot,Tizimín,Yucatán
97706,X-Lal,Tizimín,Yucatán
97706,Chunsubul,Tizimín,Yucatán
97706,Dzadz Palma,Tizimín,Yucatán
97706,X-Panhatoro,Tizimín,Yucatán
97706,Buena Esperanza,Tizimín,Yucatán
97706,Dzonot Tigre,Tizimín,Yucatán
97706,Dzonot,Tizimín,Yucatán
97706,San Román,Tizimín,Yucatán
97706,San Antonio,Tizimín,Yucatán
97706,Chenkekén,Tizimín,Yucatán
97706,X-Cail,Tizimín,Yucatán
97707,Yohactún de Hidalgo,Tizimín,Yucatán
97707,Las Coloradas,Tizimín,Yucatán
97707,Emiliano Zapata,Tizimín,Yucatán
97707,El Cuyo,Tizimín,Yucatán
97707,Benito Juárez,Tizimín,Yucatán
97707,San Juan,Tizimín,Yucatán
97707,Dzonot Carretero,Tizimín,Yucatán
97707,San Francisco,Tizimín,Yucatán
97707,Moctezuma,Tizimín,Yucatán
97707,Dolores,Tizimín,Yucatán
97709,Santa Rita,Tizimín,Yucatán
97710,Teapa,Tizimín,Yucatán
97710,La Sierra,Tizimín,Yucatán
97710,Felipe Carrillo Puerto Dos,Tizimín,Yucatán
97710,El Ramonal,Tizimín,Yucatán
97710,San Enrique,Tizimín,Yucatán
97710,San Isidro Chuncopó,Tizimín,Yucatán
97710,Cabichen,Tizimín,Yucatán
97710,Dzonot Aké,Tizimín,Yucatán
97710,Buytzuc,Tizimín,Yucatán
97710,Orizaba,Tizimín,Yucatán
97710,Lázaro Cárdenas,Tizimín,Yucatán
97710,San Luis Tzuctuk,Tizimín,Yucatán
97710,San Pedro Juárez,Tizimín,Yucatán
97710,Yaxchekú,Tizimín,Yucatán
97710,Colonia Yucatán,Tizimín,Yucatán
97712,Santa Rosa Concepción,Tizimín,Yucatán
97713,San Miguel,Tizimín,Yucatán
97713,Samaria,Tizimín,Yucatán
97713,Santa Pilar,Tizimín,Yucatán
97713,Cenote Azul,Tizimín,Yucatán
97713,Santa Ana,Tizimín,Yucatán
97713,Santa Isabel,Tizimín,Yucatán
97713,Santa Rosa,Tizimín,Yucatán
97713,La Libertad,Tizimín,Yucatán
97713,Benito Juárez,Tizimín,Yucatán
97713,Rancho Grande,Tizimín,Yucatán
97713,Paraíso,Tizimín,Yucatán
97714,Nuevo Tekat,Tizimín,Yucatán
97714,San Pedro Sacboc,Tizimín,Yucatán
97714,Nuevo Mundo,Tizimín,Yucatán
97714,Santa María,Tizimín,Yucatán
97715,El Limonar,Tizimín,Yucatán
97715,San Arturo,Tizimín,Yucatán
97715,Santa Elena,Tizimín,Yucatán
97715,San Pedro Bacab,Tizimín,Yucatán
97715,Tres Marias,Tizimín,Yucatán
97715,San Hipólito,Tizimín,Yucatán
97715,Manuel Cepeda Peraza,Tizimín,Yucatán
97715,Nuevo León,Tizimín,Yucatán
97715,Luis Rosado Vega,Tizimín,Yucatán
97715,Nuevo Tezoco,Tizimín,Yucatán
97715,Santa Clara,Tizimín,Yucatán
97715,San Juan,Tizimín,Yucatán
97715,Francisco Villa,Tizimín,Yucatán
97716,El Edén,Tizimín,Yucatán
97716,La Esperanza,Tizimín,Yucatán
97716,Papoinah,Tizimín,Yucatán
97716,Santa Rosa,Tizimín,Yucatán
97716,Chan Tres Reyes,Tizimín,Yucatán
97716,Adolfo López Mateos,Tizimín,Yucatán
97716,San Isidro,Tizimín,Yucatán
97716,Felipe Carrillo Puerto Número Uno,Tizimín,Yucatán
97716,San Manuel,Tizimín,Yucatán
97716,Quintana,Tizimín,Yucatán
97716,San José Montecristo,Tizimín,Yucatán
97716,San Isidro,Tizimín,Yucatán
97717,Tixcancal,Tizimín,Yucatán
97717,Trascorral,Tizimín,Yucatán
97717,Altamirano,Tizimín,Yucatán
97717,U.G. Chiquila,Tizimín,Yucatán
97717,San Isidro,Tizimín,Yucatán
97717,Dzonot Mezo,Tizimín,Yucatán
97717,Chan Cenote,Tizimín,Yucatán
97717,San Lorenzo,Tizimín,Yucatán
97720,Rio Lagartos,Río Lagartos,Yucatán
97723,Punta Holchit,Río Lagartos,Yucatán
97724,Yorim,Río Lagartos,Yucatán
97725,Jesús Nazareno,Río Lagartos,Yucatán
97726,Xquinientos,Río Lagartos,Yucatán
97726,San Juan del Río,Río Lagartos,Yucatán
97730,Santa Cruz Regario,Espita,Yucatán
97730,Espita,Espita,Yucatán
97733,Nacuche,Espita,Yucatán
97734,San Pedro Chenchelo,Espita,Yucatán
97734,San Antonio Xuilub,Espita,Yucatán
97734,Kunche,Espita,Yucatán
97740,Temozon,Temozón,Yucatán
97743,Xeb,Temozón,Yucatán
97743,Actuncah,Temozón,Yucatán
97743,Xuch,Temozón,Yucatán
97743,Kante,Temozón,Yucatán
97743,Santa Rita,Temozón,Yucatán
97743,Ekbalam,Temozón,Yucatán
97744,Xcanchechen,Temozón,Yucatán
97744,Hunucu,Temozón,Yucatán
97744,Dzalbay,Temozón,Yucatán
97744,Nabalan,Temozón,Yucatán
97744,Yokdzonot Presentado,Temozón,Yucatán
97744,Xtut,Temozón,Yucatán
97745,Calotmul,Calotmul,Yucatán
97746,Tahcabo,Calotmul,Yucatán
97747,Santa Adelaida,Calotmul,Yucatán
97747,Pocoboch,Calotmul,Yucatán
97748,Yokdzonot,Calotmul,Yucatán
97748,Tekom Cenote,Calotmul,Yucatán
97748,U.A. Xluch,Calotmul,Yucatán
97750,Tinum,Tinum,Yucatán
97751,Piste,Tinum,Yucatán
97753,Santa Rosa,Tinum,Yucatán
97753,Poom,Tinum,Yucatán
97754,Chumacab,Tinum,Yucatán
97754,Balantun,Tinum,Yucatán
97754,Mupila,Tinum,Yucatán
97755,San Francisco,Tinum,Yucatán
97755,Tohopku,Tinum,Yucatán
97756,San Felipe,Tinum,Yucatán
97756,Xcalakoop,Tinum,Yucatán
97757,Chichen-itza,Tinum,Yucatán
97758,Tzukmuc,Chankom,Yucatán
97758,Chankom,Chankom,Yucatán
97758,Ticimul,Chankom,Yucatán
97758,Xcatun,Chankom,Yucatán
97758,San Isidro,Chankom,Yucatán
97758,X-Bohom,Chankom,Yucatán
97758,Xcopteil,Chankom,Yucatán
97758,Xtohil,Chankom,Yucatán
97758,X-Cocail,Chankom,Yucatán
97758,Yokdzonot,Chankom,Yucatán
97758,Xcabchen,Chankom,Yucatán
97758,Pambá,Chankom,Yucatán
97758,Nicte-Ha,Chankom,Yucatán
97758,San Juan,Chankom,Yucatán
97759,Xcaladzonot,Chankom,Yucatán
97760,San Pedro,Chichimilá,Yucatán
97760,Celtun,Chichimilá,Yucatán
97760,Tixcancal Dzonot,Chichimilá,Yucatán
97760,San José Cruz,Chichimilá,Yucatán
97760,Xkail,Chichimilá,Yucatán
97760,Chichimila,Chichimilá,Yucatán
97760,Chay,Chichimilá,Yucatán
97762,Nuevo Xjabin,Tixcacalcupul,Yucatán
97762,Tixcacalcupul,Tixcacalcupul,Yucatán
97763,Carolina,Tixcacalcupul,Yucatán
97763,Poop,Tixcacalcupul,Yucatán
97763,Ekpedz,Tixcacalcupul,Yucatán
97763,Mahas,Tixcacalcupul,Yucatán
97763,Xcauich,Tixcacalcupul,Yucatán
97763,Monte Verde,Tixcacalcupul,Yucatán
97763,Xtobil,Tixcacalcupul,Yucatán
97763,Nohyaxche,Tixcacalcupul,Yucatán
97763,San José,Tixcacalcupul,Yucatán
97764,Kaua,Kaua,Yucatán
97764,Xtzeal,Kaua,Yucatán
97765,San Lorenzo,Kaua,Yucatán
97765,San Esteban,Kaua,Yucatán
97766,Chunczalan,Cuncunul,Yucatán
97766,San Diego,Cuncunul,Yucatán
97766,San Francisco,Cuncunul,Yucatán
97766,Cuncunul,Cuncunul,Yucatán
97766,Santa Eleuteria,Cuncunul,Yucatán
97768,Sisilche,Tekom,Yucatán
97768,Suytun,Tekom,Yucatán
97768,San Fernando,Tekom,Yucatán
97768,Tekom,Tekom,Yucatán
97768,San Antonio,Tekom,Yucatán
97769,Muchucuxcah,Tekom,Yucatán
97769,Pocbichen,Tekom,Yucatán
97769,Chibilub,Tekom,Yucatán
97769,Chebalam,Tekom,Yucatán
97769,Xuxcab,Tekom,Yucatán
97769,Xamlah,Tekom,Yucatán
97769,Chindzonot,Tekom,Yucatán
97769,Sisbic,Tekom,Yucatán
97770,Benito Juárez García,Chemax,Yucatán
97770,Chemax,Chemax,Yucatán
97773,Uspibil,Chemax,Yucatán
97773,Xalau,Chemax,Yucatán
97773,Kuxeb,Chemax,Yucatán
97773,Chechmil,Chemax,Yucatán
97773,Sisbichen,Chemax,Yucatán
97773,Xmaab,Chemax,Yucatán
97773,Xuneb,Chemax,Yucatán
97774,Xcohuo,Chemax,Yucatán
97774,Mucel,Chemax,Yucatán
97774,Cholul,Chemax,Yucatán
97774,Santa Elena,Chemax,Yucatán
97774,San Andrés,Chemax,Yucatán
97774,San Pedro Chemax,Chemax,Yucatán
97774,San Juan Chen,Chemax,Yucatán
97774,San Roman,Chemax,Yucatán
97774,Xtejas,Chemax,Yucatán
97774,Santa Cruz,Chemax,Yucatán
97774,X-can,Chemax,Yucatán
97775,Buenavista,Chemax,Yucatán
97775,El Cedral,Chemax,Yucatán
97775,Santa Rita,Chemax,Yucatán
97776,Sisbichen,Chemax,Yucatán
97776,Pabalam,Chemax,Yucatán
97776,Champolin,Chemax,Yucatán
97777,Catzim,Chemax,Yucatán
97777,Lolbe,Chemax,Yucatán
97777,Bolmay,Chemax,Yucatán
97777,Chachadzonot,Chemax,Yucatán
97777,Chuluntan,Chemax,Yucatán
97777,Yaxche,Chemax,Yucatán
97780,Valladolid Centro,Valladolid,Yucatán
97782,Maximiliano R Bonilla,Valladolid,Yucatán
97782,Los Cipreses,Valladolid,Yucatán
97782,Las Palmas,Valladolid,Yucatán
97782,Orquídeas,Valladolid,Yucatán
97782,Candelaria,Valladolid,Yucatán
97782,Jardines Del Oriente,Valladolid,Yucatán
97782,Santa Ana,Valladolid,Yucatán
97782,Santa Lucia,Valladolid,Yucatán
97782,Lol-beh,Valladolid,Yucatán
97782,Fernando Novelo,Valladolid,Yucatán
97782,Santa Ana,Valladolid,Yucatán
97782,San Isidro,Valladolid,Yucatán
97782,Militar,Valladolid,Yucatán
97782,Santa Cruz,Valladolid,Yucatán
97782,Flor Campestre,Valladolid,Yucatán
97782,Residencial Campestre,Valladolid,Yucatán
97782,Cervera Pacheco,Valladolid,Yucatán
97783,Santana,Valladolid,Yucatán
97783,San Francisco,Valladolid,Yucatán
97783,Leonardo R A,Valladolid,Yucatán
97783,San Antonio,Valladolid,Yucatán
97783,Unidad Habitacional,Valladolid,Yucatán
97783,Sacyabil,Valladolid,Yucatán
97783,Xlapac,Valladolid,Yucatán
97783,Militar,Valladolid,Yucatán
97783,San Vicente,Valladolid,Yucatán
97783,Oaxaqueña,Valladolid,Yucatán
97783,San Juan,Valladolid,Yucatán
97784,Xcorazon,Valladolid,Yucatán
97784,Colonos,Valladolid,Yucatán
97784,San Carlos,Valladolid,Yucatán
97784,Residencial del Bosque,Valladolid,Yucatán
97784,Sisal,Valladolid,Yucatán
97784,Emiliano Zapata,Valladolid,Yucatán
97784,Puesta Del Sol,Valladolid,Yucatán
97784,Capules,Valladolid,Yucatán
97784,Flamboyanes,Valladolid,Yucatán
97784,Bacalar,Valladolid,Yucatán
97784,Cruz Verde,Valladolid,Yucatán
97785,Kanxoc,Valladolid,Yucatán
97785,Xocen,Valladolid,Yucatán
97785,Kampepén,Valladolid,Yucatán
97785,Batun,Valladolid,Yucatán
97786,Timas,Valladolid,Yucatán
97786,Sidra Kin,Valladolid,Yucatán
97786,Dzoc,Valladolid,Yucatán
97787,Nohsuytun,Valladolid,Yucatán
97787,Dzitox,Valladolid,Yucatán
97787,Santa Cruz,Valladolid,Yucatán
97787,Xcatic,Valladolid,Yucatán
97787,Xuilib,Valladolid,Yucatán
97787,Kinich,Valladolid,Yucatán
97787,Chamul,Valladolid,Yucatán
97787,Yaxche,Valladolid,Yucatán
97787,San Silverio,Valladolid,Yucatán
97787,Villahermosa,Valladolid,Yucatán
97790,Pixoy,Valladolid,Yucatán
97790,Popola,Valladolid,Yucatán
97793,Chauyudzonot,Valladolid,Yucatán
97793,Dzodzil Chen,Valladolid,Yucatán
97793,Yunchen,Valladolid,Yucatán
97793,Tesoco,Valladolid,Yucatán
97793,Ticuch,Valladolid,Yucatán
97793,Tahmuy,Valladolid,Yucatán
97793,Tepakan,Valladolid,Yucatán
97794,Yalcoba,Valladolid,Yucatán
97794,San Andres Bac,Valladolid,Yucatán
97794,Chiople,Valladolid,Yucatán
97795,Cenote Keken,Valladolid,Yucatán
97795,Ebtun,Valladolid,Yucatán
97795,Tixhualatun,Valladolid,Yucatán
97795,Yalcon,Valladolid,Yucatán
97796,Uayma,Uayma,Yucatán
97798,Santa María,Uayma,Yucatán
97800,Maxcanu,Maxcanú,Yucatán
97800,La Sirena,Maxcanú,Yucatán
97800,Guadalupe,Maxcanú,Yucatán
97803,Santa Cruz,Maxcanú,Yucatán
97803,Kanachén,Maxcanú,Yucatán
97803,Granada (Chican Granada),Maxcanú,Yucatán
97804,Yaxcaba,Maxcanú,Yucatán
97804,Cárdenas,Maxcanú,Yucatán
97804,Santo Domingo,Maxcanú,Yucatán
97804,Santa Rosa,Maxcanú,Yucatán
97804,Paraíso,Maxcanú,Yucatán
97804,San Lázaro,Maxcanú,Yucatán
97804,Kochol,Maxcanú,Yucatán
97804,San Fernando,Maxcanú,Yucatán
97804,Coahuila,Maxcanú,Yucatán
97804,Cacal,Maxcanú,Yucatán
97805,El Naranjo,Maxcanú,Yucatán
97805,Chunchucmil,Maxcanú,Yucatán
97805,San Simón Sinkehuel,Maxcanú,Yucatán
97806,San Rafael,Maxcanú,Yucatán
97807,Chencoh,Maxcanú,Yucatán
97810,Samahil,Samahil,Yucatán
97810,Kuchel,Samahil,Yucatán
97812,San Antonio Tedzidz,Samahil,Yucatán
97812,Cenketok,Samahil,Yucatán
97812,San Pedro,Samahil,Yucatán
97813,Opichen,Opichén,Yucatán
97814,U.P. Huolcah,Opichén,Yucatán
97814,Grutas,Opichén,Yucatán
97814,U.R. Salinas,Opichén,Yucatán
97814,Calcehtoc,Opichén,Yucatán
97815,Yaxkel,Opichén,Yucatán
97815,U.P. Justicia,Opichén,Yucatán
97815,U.P. Xmutuy,Opichén,Yucatán
97815,U.A.S Alvarado,Opichén,Yucatán
97816,Chochola,Chocholá,Yucatán
97816,San Antonio Chable,Chocholá,Yucatán
97818,San Bernardo,Kopomá,Yucatán
97818,Kopoma,Kopomá,Yucatán
97820,Tecoh,Tecoh,Yucatán
97822,Lepan,Tecoh,Yucatán
97822,Sotuta de Peón,Tecoh,Yucatán
97822,Oxtapacab,Tecoh,Yucatán
97822,Itzincab,Tecoh,Yucatán
97823,Chinkilá,Tecoh,Yucatán
97823,Pixyah,Tecoh,Yucatán
97823,Sabacchen,Tecoh,Yucatán
97824,Xcanchakan,Tecoh,Yucatán
97824,Mayapan,Tecoh,Yucatán
97824,Telchaquillo,Tecoh,Yucatán
97824,Mahzucil,Tecoh,Yucatán
97825,Abala,Abalá,Yucatán
97825,Uayalceh,Abalá,Yucatán
97825,Mukuiche,Abalá,Yucatán
97826,Cacao,Abalá,Yucatán
97826,Peba,Abalá,Yucatán
97826,Sinhuchen,Abalá,Yucatán
97827,Temozon Sur,Abalá,Yucatán
97830,Halacho,Halachó,Yucatán
97833,San José,Halachó,Yucatán
97833,Chan-Chochola,Halachó,Yucatán
97833,Chactun,Halachó,Yucatán
97833,La Sombrella,Halachó,Yucatán
97834,U.A. Vicente Guerrero,Halachó,Yucatán
97834,Oxkinton,Halachó,Yucatán
97835,Cucholoch,Halachó,Yucatán
97835,Cepeda,Halachó,Yucatán
97835,Siho,Halachó,Yucatán
97835,Tankuche,Halachó,Yucatán
97835,Guadalupe,Halachó,Yucatán
97835,Concepción,Halachó,Yucatán
97836,Dzbzibachi,Halachó,Yucatán
97836,San Mateo,Halachó,Yucatán
97836,Kankabchen,Halachó,Yucatán
97837,Santa Sofia,Halachó,Yucatán
97837,Santa Maria Acu,Halachó,Yucatán
97840,San Bernardo,Muna,Yucatán
97840,San Sebastián,Muna,Yucatán
97840,Victor Cervera,Muna,Yucatán
97840,Muna de Leopoldo Arana Cabrera,Muna,Yucatán
97840,Benito Juárez,Muna,Yucatán
97840,San Mateo,Muna,Yucatán
97840,Santa Maria,Muna,Yucatán
97840,San Gregorio,Muna,Yucatán
97843,Choyob,Muna,Yucatán
97843,Yaxha,Muna,Yucatán
97844,U.F. Lázaro Cárdenas,Muna,Yucatán
97844,San Jose Tipceh,Muna,Yucatán
97845,Sacalum,Sacalum,Yucatán
97847,San Antonio Sodzil,Sacalum,Yucatán
97848,Yunku,Sacalum,Yucatán
97850,Mani,Maní,Yucatán
97851,Tipikal,Maní,Yucatán
97854,Dzan,Dzán,Yucatán
97857,Chapab,Chapab,Yucatán
97858,Hunabchen,Chapab,Yucatán
97858,Citincabchen,Chapab,Yucatán
97858,San Cristóbal,Chapab,Yucatán
97860,Ticul Centro,Ticul,Yucatán
97862,Deportivo Campestre,Ticul,Yucatán
97862,Campestre,Ticul,Yucatán
97862,Mejorada,Ticul,Yucatán
97862,De los Electricistas,Ticul,Yucatán
97862,Guadalupe,Ticul,Yucatán
97862,Obrera,Ticul,Yucatán
97863,San Juan,Ticul,Yucatán
97864,San Benito,Ticul,Yucatán
97864,San Román,Ticul,Yucatán
97864,Santiago,Ticul,Yucatán
97864,San Enrique,Ticul,Yucatán
97864,Las Tinajas,Ticul,Yucatán
97864,Santa Maria,Ticul,Yucatán
97864,San Joaquín,Ticul,Yucatán
97867,Unidad Valle,Ticul,Yucatán
97867,San Isidro,Ticul,Yucatán
97870,Pustunich,Ticul,Yucatán
97873,Yotholin,Ticul,Yucatán
97880,Oxkutzcab,Oxkutzcab,Yucatán
97883,Xohuayan,Oxkutzcab,Yucatán
97883,Lol-Tún,Oxkutzcab,Yucatán
97883,U.A. Benito Juárez,Oxkutzcab,Yucatán
97883,Sayil,Oxkutzcab,Yucatán
97883,Yaaxhom,Oxkutzcab,Yucatán
97883,U.F. San José,Oxkutzcab,Yucatán
97883,Emiliano Zapata,Oxkutzcab,Yucatán
97884,Sacamucuy,Oxkutzcab,Yucatán
97884,Xobenhaltun,Oxkutzcab,Yucatán
97884,Xul,Oxkutzcab,Yucatán
97885,Huntochac,Oxkutzcab,Yucatán
97886,Yaxhacchen,Oxkutzcab,Yucatán
97886,Kihuic,Oxkutzcab,Yucatán
97887,Xlapak,Oxkutzcab,Yucatán
97887,Kabah,Oxkutzcab,Yucatán
97887,Tabi,Oxkutzcab,Yucatán
97887,San Andres,Oxkutzcab,Yucatán
97887,Labna,Oxkutzcab,Yucatán
97890,Santa Elena,Santa Elena,Yucatán
97893,San Agustín,Santa Elena,Yucatán
97895,San Simón,Santa Elena,Yucatán
97899,Hotel Hacienda Uxmal,Santa Elena,Yucatán
97900,Mama,Mama,Yucatán
97904,Chumayel,Chumayel,Yucatán
97906,Cenote Capat,Chumayel,Yucatán
97908,Cenote Isila,Mayapán,Yucatán
97908,Mayapan,Mayapán,Yucatán
97910,Teabo,Teabo,Yucatán
97915,Cantamayec,Cantamayec,Yucatán
97917,Nenela,Cantamayec,Yucatán
97918,Cholul,Cantamayec,Yucatán
97920,Yaxcaba,Yaxcabá,Yucatán
97922,Yokdzonot,Yaxcabá,Yucatán
97923,Cenote Xtohil,Yaxcabá,Yucatán
97923,Libre Unión,Yaxcabá,Yucatán
97924,San Marcos,Yaxcabá,Yucatán
97924,Xmexil,Yaxcabá,Yucatán
97924,Popola,Yaxcabá,Yucatán
97924,Cenote Aban,Yaxcabá,Yucatán
97924,Chen Dzonot,Yaxcabá,Yucatán
97924,Chimay,Yaxcabá,Yucatán
97924,Yaxuna,Yaxcabá,Yucatán
97924,Z.A. Yaxuna,Yaxcabá,Yucatán
97925,Tiholop,Yaxcabá,Yucatán
97925,San Pedro,Yaxcabá,Yucatán
97925,Yokdzonot Hu,Yaxcabá,Yucatán
97925,Huechen Balam,Yaxcabá,Yucatán
97925,Kancabzdonot,Yaxcabá,Yucatán
97925,Sahcaba Nuevo,Yaxcabá,Yucatán
97925,Santo Domingo,Yaxcabá,Yucatán
97925,Santa Maria,Yaxcabá,Yucatán
97926,Canakom,Yaxcabá,Yucatán
97926,Cacalchen,Yaxcabá,Yucatán
97927,Tixcacaltuyub,Yaxcabá,Yucatán
97927,Tahdzibichen,Yaxcabá,Yucatán
97929,Tinuncah,Yaxcabá,Yucatán
97930,Peto,Peto,Yucatán
97930,Francisco Sarabia,Peto,Yucatán
97930,Morelos y Fátima,Peto,Yucatán
97930,3 Cruces,Peto,Yucatán
97930,Felipe Carrillo Puerto,Peto,Yucatán
97930,Ciprés,Peto,Yucatán
97930,Francisco I Madero,Peto,Yucatán
97930,Jacinto Kanek,Peto,Yucatán
97930,Miraflores,Peto,Yucatán
97930,Benito Juárez,Peto,Yucatán
97930,Trinidad,Peto,Yucatán
97933,Progresito,Peto,Yucatán
97933,San Gregorio,Peto,Yucatán
97933,Tixhualactun,Peto,Yucatán
97933,Yaxcopil,Peto,Yucatán
97933,Temozon,Peto,Yucatán
97933,San Pedro,Peto,Yucatán
97933,U.A. Bachilleres,Peto,Yucatán
97934,San Tomás,Peto,Yucatán
97934,San Bernabe,Peto,Yucatán
97934,Xcabanchen,Peto,Yucatán
97934,Santa Rosa,Peto,Yucatán
97934,Tinuncah,Peto,Yucatán
97934,San Pedro,Peto,Yucatán
97934,Coplamar,Peto,Yucatán
97934,Guadalupe,Peto,Yucatán
97934,San Nicolás Yoactún,Peto,Yucatán
97934,Xto Gil,Peto,Yucatán
97934,Candelaria,Peto,Yucatán
97934,San Diego,Peto,Yucatán
97935,Papacal,Peto,Yucatán
97935,Colotmul,Peto,Yucatán
97935,Santa Cruz,Peto,Yucatán
97935,Dzonotchel,Peto,Yucatán
97935,Santa Elena,Peto,Yucatán
97935,San Mateo,Peto,Yucatán
97935,San Francisco,Peto,Yucatán
97936,San Sebastián,Peto,Yucatán
97936,Polinkin,Peto,Yucatán
97936,Abal,Peto,Yucatán
97936,La Esperanza,Peto,Yucatán
97936,Petulillo,Peto,Yucatán
97936,San Dionisio,Peto,Yucatán
97936,Kambul,Peto,Yucatán
97937,San Pedro Candelaria,Peto,Yucatán
97937,Yaxcopil,Peto,Yucatán
97937,Xpechil,Peto,Yucatán
97937,Justicia Social,Peto,Yucatán
97937,Tobxila,Peto,Yucatán
97937,Uitzina,Peto,Yucatán
97937,San Salvador,Peto,Yucatán
97937,Santa Ursula,Peto,Yucatán
97937,San Miguel,Peto,Yucatán
97937,Trapiche,Peto,Yucatán
97937,Santa Rosa,Peto,Yucatán
97937,Macmay,Peto,Yucatán
97940,Chikindzonot,Chikindzonot,Yucatán
97943,Scocmil,Chikindzonot,Yucatán
97943,Chan Santa María,Chikindzonot,Yucatán
97943,Xcampana,Chikindzonot,Yucatán
97943,Upupexil,Chikindzonot,Yucatán
97943,Ejido Santo Domingo,Chikindzonot,Yucatán
97943,Sipche,Chikindzonot,Yucatán
97943,Chanchimila,Chikindzonot,Yucatán
97944,Ichmul,Chikindzonot,Yucatán
97945,Tahdziu,Tahdziú,Yucatán
97946,San Fernando,Tahdziú,Yucatán
97947,Cisteka,Tahdziú,Yucatán
97947,Timul,Tahdziú,Yucatán
97947,Kantirix,Tahdziú,Yucatán
97947,Sisbic,Tahdziú,Yucatán
97948,Mocté,Tahdziú,Yucatán
97948,San Ignacio,Tahdziú,Yucatán
97950,Tixmehuac,Tixmehuac,Yucatán
97953,Muchte,Tixmehuac,Yucatán
97953,Chuchub,Tixmehuac,Yucatán
97953,U.F. Sisbic,Tixmehuac,Yucatán
97953,Kimbila,Tixmehuac,Yucatán
97953,Sabacche,Tixmehuac,Yucatán
97953,Chactun,Tixmehuac,Yucatán
97953,Chican,Tixmehuac,Yucatán
97953,Puhuy Dzutoh,Tixmehuac,Yucatán
97954,Sacchacan,Tixmehuac,Yucatán
97954,Nohbalche,Tixmehuac,Yucatán
97955,Chacsinkin,Chacsinkín,Yucatán
97956,Xohuayan,Chacsinkín,Yucatán
97957,Xbox,Chacsinkín,Yucatán
97960,Tzucacab Centro,Tzucacab,Yucatán
97960,México Primero,Tzucacab,Yucatán
97963,Ekbalam,Tzucacab,Yucatán
97963,Solidaridad,Tzucacab,Yucatán
97963,Kakalnah,Tzucacab,Yucatán
97963,Dzi,Tzucacab,Yucatán
97964,Polhuaczil,Tzucacab,Yucatán
97964,Sacbecan,Tzucacab,Yucatán
97964,Bichcopo,Tzucacab,Yucatán
97964,Hobonil,Tzucacab,Yucatán
97964,Noh-bec,Tzucacab,Yucatán
97965,Tigre Grande,Tzucacab,Yucatán
97965,Sudzal Chico,Tzucacab,Yucatán
97965,Corral,Tzucacab,Yucatán
97965,Blanca Flor,Tzucacab,Yucatán
97965,El Escondido,Tzucacab,Yucatán
97965,Ayim,Tzucacab,Yucatán
97966,Esperanza,Tzucacab,Yucatán
97966,San Isidro,Tzucacab,Yucatán
97966,Sacpukenha,Tzucacab,Yucatán
97966,Pisteakal,Tzucacab,Yucatán
97967,Kaxaytuk,Tzucacab,Yucatán
97967,Thul,Tzucacab,Yucatán
97967,Alfonso Caso,Tzucacab,Yucatán
97967,Emiliano Zapata,Tzucacab,Yucatán
97967,Lázaro Cárdenas,Tzucacab,Yucatán
97969,Catmis,Tzucacab,Yucatán
97970,Padre Eterno,Tekax,Yucatán
97970,Sam Jacinto,Tekax,Yucatán
97970,Tekax de Álvaro Obregón,Tekax,Yucatán
97970,Chunchucun,Tekax,Yucatán
97970,Chobenche,Tekax,Yucatán
97970,Modulo Social 1,Tekax,Yucatán
97970,Esperanza,Tekax,Yucatán
97970,Francisco I Madero,Tekax,Yucatán
97970,Cifres,Tekax,Yucatán
97970,Los Cedros,Tekax,Yucatán
97970,Benito Juárez,Tekax,Yucatán
97970,Yocchenkax,Tekax,Yucatán
97970,San Ignacio,Tekax,Yucatán
97970,Fovissste,Tekax,Yucatán
97970,Ermita,Tekax,Yucatán
97973,Penkuyut,Tekax,Yucatán
97973,Tixcuytun,Tekax,Yucatán
97973,Xaya,Tekax,Yucatán
97973,Kinil,Tekax,Yucatán
97974,U.A. Cepeda Peraza,Tekax,Yucatán
97974,Ticum,Tekax,Yucatán
97975,San Marcos,Tekax,Yucatán
97975,Kantemo,Tekax,Yucatán
97976,Nohcacab,Tekax,Yucatán
97977,Chacmultun,Tekax,Yucatán
97977,Canek,Tekax,Yucatán
97977,Kancab,Tekax,Yucatán
97980,San Pedro Zula,Tekax,Yucatán
97980,Dzinup,Tekax,Yucatán
97980,Benito Juárez,Tekax,Yucatán
97980,San Agustín (Salvador Alvarado),Tekax,Yucatán
97980,San Martín Hili,Tekax,Yucatán
97983,Santa Cruz Cutza,Tekax,Yucatán
97983,Chan Dzinup,Tekax,Yucatán
97983,San Salvador,Tekax,Yucatán
97983,Popola Nuevo,Tekax,Yucatán
97983,San Isidro Yaxche,Tekax,Yucatán
97983,Mac-Yan (San Isidro Mac-Yan),Tekax,Yucatán
97983,Pocoboh,Tekax,Yucatán
97984,San Pedro,Tekax,Yucatán
97984,San Gaspar,Tekax,Yucatán
97984,San Diego Buenavista,Tekax,Yucatán
97984,Becanchen,Tekax,Yucatán
97985,Nohalal,Tekax,Yucatán
97986,Xquiritz,Tekax,Yucatán
97987,San Felipe,Tekax,Yucatán
97987,San Juan Tekax,Tekax,Yucatán
97987,San Rufino,Tekax,Yucatán
97987,Mesatunich,Tekax,Yucatán
97987,San Pedro Xtokil,Tekax,Yucatán
97989,Sudzal Chico,Tekax,Yucatán
97990,Akil Centro,Akil,Yucatán
97993,Kuncheil,Akil,Yucatán
