98000,Zacatecas Centro,Zacatecas,Zacatecas
98007,Secretaria de Agricultura Ganaderia y Desarrollo Rural,Zacatecas,Zacatecas
98008,Secretaria de Hacienda y Crédito Publico,Zacatecas,Zacatecas
98009,Palacio de Gobierno Del Estado de Zacatecas,Zacatecas,Zacatecas
98010,Ramón López Velarde,Zacatecas,Zacatecas
98015,Mexicapan,Zacatecas,Zacatecas
98017,Privada Aziz,Zacatecas,Zacatecas
98017,Margaritas,Zacatecas,Zacatecas
98017,Privada Residencial San Pedro,Zacatecas,Zacatecas
98017,Los Filarmónicos,Zacatecas,Zacatecas
98018,Garcia Salinas,Zacatecas,Zacatecas
98019,Pedro Ruiz González INFONAVIT,Zacatecas,Zacatecas
98020,Gustavo Diaz Ordaz 2a Secc,Zacatecas,Zacatecas
98020,Gustavo Diaz Ordaz 1a Secc,Zacatecas,Zacatecas
98020,Gustavo Diaz Ordaz 3a Secc,Zacatecas,Zacatecas
98023,Lomas de Bracho,Zacatecas,Zacatecas
98024,La Pinta,Zacatecas,Zacatecas
98024,Las Mercedes,Zacatecas,Zacatecas
98024,De Olivos,Zacatecas,Zacatecas
98040,Lázaro Cárdenas,Zacatecas,Zacatecas
98040,Lomas de La Soledad,Zacatecas,Zacatecas
98040,Loma Barroca,Zacatecas,Zacatecas
98040,Bancomer,Zacatecas,Zacatecas
98045,Caminera,Zacatecas,Zacatecas
98046,Frente Popular,Zacatecas,Zacatecas
98046,Luis Donaldo Colosio,Zacatecas,Zacatecas
98047,Ciudad Argentum,Zacatecas,Zacatecas
98050,Lomas Del Capulín,Zacatecas,Zacatecas
98050,Úrsulo A. García,Zacatecas,Zacatecas
98050,Minera,Zacatecas,Zacatecas
98050,Sierra de Alica,Zacatecas,Zacatecas
98053,Cnop,Zacatecas,Zacatecas
98053,Lomas de La Pimienta,Zacatecas,Zacatecas
98053,Fernando Pamanes Escobedo,Zacatecas,Zacatecas
98054,Gral. Felipe Angeles,Zacatecas,Zacatecas
98054,Emiliano Zapata,Zacatecas,Zacatecas
98054,España,Zacatecas,Zacatecas
98054,Ladrilleras,Zacatecas,Zacatecas
98054,Ampliación Gral. Felipe Ángeles,Zacatecas,Zacatecas
98054,Miguel Hidalgo 2da. Sección,Zacatecas,Zacatecas
98054,Miguel Hidalgo 3ra. Sección,Zacatecas,Zacatecas
98054,Miguel Hidalgo 1ra. Sección,Zacatecas,Zacatecas
98056,Buenos Aires,Zacatecas,Zacatecas
98056,Las Palmas,Zacatecas,Zacatecas
98057,La Toma de Zacatecas,Zacatecas,Zacatecas
98057,San Fernando,Zacatecas,Zacatecas
98057,América,Zacatecas,Zacatecas
98057,Héroes de Chapultepec,Zacatecas,Zacatecas
98057,San Gabriel,Zacatecas,Zacatecas
98057,Mecánicos 2a Secc,Zacatecas,Zacatecas
98057,Residencial Cantera,Zacatecas,Zacatecas
98057,Zacatlán,Zacatecas,Zacatecas
98057,Mecánicos,Zacatecas,Zacatecas
98060,Lomas del Patrocinio,Zacatecas,Zacatecas
98060,Marianita,Zacatecas,Zacatecas
98060,Siglo XXI,Zacatecas,Zacatecas
98060,Primavera,Zacatecas,Zacatecas
98060,Agrónomo,Zacatecas,Zacatecas
98060,La Peñuela,Zacatecas,Zacatecas
98060,Villas Del Tepozan,Zacatecas,Zacatecas
98064,3 Cruces Infonavit,Zacatecas,Zacatecas
98064,Ex Hacienda Bernardez,Zacatecas,Zacatecas
98064,Fovissste,Zacatecas,Zacatecas
98065,Boulevares,Zacatecas,Zacatecas
98065,Militar,Zacatecas,Zacatecas
98066,Lomas del Bosque,Zacatecas,Zacatecas
98066,Agronómica II,Zacatecas,Zacatecas
98066,Loma Dorada,Zacatecas,Zacatecas
98066,Ciudad Universitaria,Zacatecas,Zacatecas
98066,Progreso,Zacatecas,Zacatecas
98067,Lomas de San Francisco,Zacatecas,Zacatecas
98067,Villas Del Sol,Zacatecas,Zacatecas
98067,Moradores,Zacatecas,Zacatecas
98067,San Francisco de la Montaña,Zacatecas,Zacatecas
98067,San Francisco de Herrera,Zacatecas,Zacatecas
98067,Privada del Bosque,Zacatecas,Zacatecas
98067,Fuente Del Bosque,Zacatecas,Zacatecas
98068,La Loma,Zacatecas,Zacatecas
98068,Residencial Del Valle,Zacatecas,Zacatecas
98068,Universitaria,Zacatecas,Zacatecas
98068,Hidráulica,Zacatecas,Zacatecas
98068,Villa Antigua,Zacatecas,Zacatecas
98068,Colonial Zacatecas,Zacatecas,Zacatecas
98069,La Bufa,Zacatecas,Zacatecas
98070,Buenavista,Zacatecas,Zacatecas
98070,Los Caleros,Zacatecas,Zacatecas
98070,Pánfilo Natera,Zacatecas,Zacatecas
98070,Ricardo Flores Magón,Zacatecas,Zacatecas
98070,Francisco E Garcia,Zacatecas,Zacatecas
98077,Las Cumbres,Zacatecas,Zacatecas
98077,21 de Julio,Zacatecas,Zacatecas
98078,Ayuntamiento,Zacatecas,Zacatecas
98078,De Los Taxista 2da. Sección,Zacatecas,Zacatecas
98078,De Los Taxista,Zacatecas,Zacatecas
98079,El Mirador,Zacatecas,Zacatecas
98080,Bellavista,Zacatecas,Zacatecas
98080,Benito Juárez,Zacatecas,Zacatecas
98083,DIF,Zacatecas,Zacatecas
98084,Santos Bañuelos,Zacatecas,Zacatecas
98085,Lomas de Cristo,Zacatecas,Zacatecas
98085,Constelaciones,Zacatecas,Zacatecas
98085,Camino Real,Zacatecas,Zacatecas
98085,El Chabeño,Zacatecas,Zacatecas
98085,Colinas del Vergel,Zacatecas,Zacatecas
98085,Peñas de la Virgen,Zacatecas,Zacatecas
98085,Suave Patria,Zacatecas,Zacatecas
98085,Cerrada del Ángel,Zacatecas,Zacatecas
98085,Colinas del Padre,Zacatecas,Zacatecas
98085,Cerro de la Virgen,Zacatecas,Zacatecas
98085,Libertadores,Zacatecas,Zacatecas
98085,Lomas del Lago,Zacatecas,Zacatecas
98085,Ojo de Agua de Meléndrez,Zacatecas,Zacatecas
98085,El Diamante,Zacatecas,Zacatecas
98085,Villas del Padre,Zacatecas,Zacatecas
98085,El Jaralillo,Zacatecas,Zacatecas
98086,La Herradura,Zacatecas,Zacatecas
98087,Korea I,Zacatecas,Zacatecas
98087,Estrella de Oro,Zacatecas,Zacatecas
98087,Huerta Vieja,Zacatecas,Zacatecas
98087,J. Jesús González Ortega,Zacatecas,Zacatecas
98087,Del Bosque,Zacatecas,Zacatecas
98087,Korea II,Zacatecas,Zacatecas
98087,Las Flores,Zacatecas,Zacatecas
98087,Issste Zac 1,Zacatecas,Zacatecas
98087,Colinas del Sol,Zacatecas,Zacatecas
98087,El Orito 1a Sección,Zacatecas,Zacatecas
98087,Europa,Zacatecas,Zacatecas
98087,Las Huertas,Zacatecas,Zacatecas
98088,La Encantada,Zacatecas,Zacatecas
98089,5 Señores,Zacatecas,Zacatecas
98089,Las Haciendas,Zacatecas,Zacatecas
98090,Alma Obrera,Zacatecas,Zacatecas
98090,Los Periodistas,Zacatecas,Zacatecas
98090,Arturo Romo Macias,Zacatecas,Zacatecas
98090,Barros Sierra,Zacatecas,Zacatecas
98090,Conquistadores,Zacatecas,Zacatecas
98090,Casa Blanca,Zacatecas,Zacatecas
98097,La Joya,Zacatecas,Zacatecas
98097,Médicos Veterinarios,Zacatecas,Zacatecas
98097,Lomas de la Virgen,Zacatecas,Zacatecas
98097,Tahona,Zacatecas,Zacatecas
98098,Las Colinas,Zacatecas,Zacatecas
98098,Lomas Del Campestre,Zacatecas,Zacatecas
98098,Villa Verde,Zacatecas,Zacatecas
98099,Lomas Bizantinas,Zacatecas,Zacatecas
98099,Carlos Hinojosa Petit,Zacatecas,Zacatecas
98099,Popular CTM,Zacatecas,Zacatecas
98099,Lomas de la Isabelica,Zacatecas,Zacatecas
98099,Rinconada de La Isabelica,Zacatecas,Zacatecas
98099,Tecnológica,Zacatecas,Zacatecas
98099,Las Flores,Zacatecas,Zacatecas
98099,Gonzalo García García,Zacatecas,Zacatecas
98100,Hacienda Nueva,Morelos,Zacatecas
98100,Las Pilas Morelos,Morelos,Zacatecas
98100,California,Morelos,Zacatecas
98100,Noria de Gringo,Morelos,Zacatecas
98100,Morelos,Morelos,Zacatecas
98140,Sauceda de la Borda,Vetagrande,Zacatecas
98140,Del Puerto,Vetagrande,Zacatecas
98140,Vetagrande,Vetagrande,Zacatecas
98150,El Lampotal,Vetagrande,Zacatecas
98150,La Era,Vetagrande,Zacatecas
98160,Ciudad Gobierno,Zacatecas,Zacatecas
98160,El Orito,Zacatecas,Zacatecas
98160,Villas Universidad,Zacatecas,Zacatecas
98160,La Escondida,Zacatecas,Zacatecas
98160,Las Boquillas,Zacatecas,Zacatecas
98170,Cieneguilla,Zacatecas,Zacatecas
98174,San Antonio de los Negros (los Negros),Zacatecas,Zacatecas
98175,El Maguey,Zacatecas,Zacatecas
98176,Francisco I Madero,Zacatecas,Zacatecas
98177,La Pimienta,Zacatecas,Zacatecas
98180,Gonzalez Ortega (Machines),Zacatecas,Zacatecas
98183,El Molino,Zacatecas,Zacatecas
98183,Garcia de La Cadena (el Visitador),Zacatecas,Zacatecas
98184,Las Chilitas,Zacatecas,Zacatecas
98185,La Soledad (la Chole),Zacatecas,Zacatecas
98186,Benito Juárez (san Cayetano),Zacatecas,Zacatecas
98186,Miguel Hidalgo (san Miguel),Zacatecas,Zacatecas
98200,El Cruce,Concepción del Oro,Zacatecas
98200,El Gracero,Concepción del Oro,Zacatecas
98200,Estrella,Concepción del Oro,Zacatecas
98200,Concepción del Oro,Concepción del Oro,Zacatecas
98200,Obrera,Concepción del Oro,Zacatecas
98200,Chihuahua,Concepción del Oro,Zacatecas
98200,Guadalupe Garzaron,Concepción del Oro,Zacatecas
98200,Bella Vista,Concepción del Oro,Zacatecas
98200,Cabrestante,Concepción del Oro,Zacatecas
98200,Las Lajas,Concepción del Oro,Zacatecas
98204,Aranzazú (El Cobre),Concepción del Oro,Zacatecas
98205,Anáhuac,Concepción del Oro,Zacatecas
98205,Mesillas,Concepción del Oro,Zacatecas
98209,Avalos,Concepción del Oro,Zacatecas
98210,Morelos,Concepción del Oro,Zacatecas
98210,El Durazno,Concepción del Oro,Zacatecas
98211,Progreso de Agua Dulce,Concepción del Oro,Zacatecas
98211,Coyotillos,Concepción del Oro,Zacatecas
98212,Los Encinos,Concepción del Oro,Zacatecas
98212,Tanque Del Alto,Concepción del Oro,Zacatecas
98220,Melchor Ocampo,Melchor Ocampo,Zacatecas
98220,San Jerónimo,Melchor Ocampo,Zacatecas
98222,San Miguel,Melchor Ocampo,Zacatecas
98223,Matamoros,Melchor Ocampo,Zacatecas
98229,Noche Buena,Melchor Ocampo,Zacatecas
98229,Mineral de Noche Buena,Melchor Ocampo,Zacatecas
98229,El Jagüey,Melchor Ocampo,Zacatecas
98230,Mazapil,Mazapil,Zacatecas
98235,La Mejorada,Mazapil,Zacatecas
98235,Cuitláhuac (Santa Gertrudis),Mazapil,Zacatecas
98236,Novillos,Mazapil,Zacatecas
98237,Salaverna,Mazapil,Zacatecas
98237,San Jose de Carbonerillas,Mazapil,Zacatecas
98238,Terminal de Providencia,Mazapil,Zacatecas
98239,Bonanza,Mazapil,Zacatecas
98240,Pozo Hidalgo,Mazapil,Zacatecas
98240,Apizolaya,Mazapil,Zacatecas
98240,Hidalgo,Mazapil,Zacatecas
98240,Coapas,Mazapil,Zacatecas
98241,Los Indios,Mazapil,Zacatecas
98245,Del Norte,Mazapil,Zacatecas
98245,Infonavit,Mazapil,Zacatecas
98250,Camacho,Mazapil,Zacatecas
98250,El Jazmín,Mazapil,Zacatecas
98253,La Palmilla,Mazapil,Zacatecas
98254,La Tasajera,Mazapil,Zacatecas
98256,San Rafael,Mazapil,Zacatecas
98260,Opal,Mazapil,Zacatecas
98261,Cedros,Mazapil,Zacatecas
98262,El Vergel,Mazapil,Zacatecas
98263,San Felipe de Teyra,Mazapil,Zacatecas
98264,Sabana Grande,Mazapil,Zacatecas
98264,San Antonio del Portezuelo,Mazapil,Zacatecas
98264,Candelaria,Mazapil,Zacatecas
98265,El Cardito,Mazapil,Zacatecas
98267,Gallegos,Mazapil,Zacatecas
98270,San Felipe Nuevo Mercurio,Mazapil,Zacatecas
98270,Nuevo Mercurio,Mazapil,Zacatecas
98275,Tanque de Hacheros,Mazapil,Zacatecas
98277,Rancho Nuevo,Mazapil,Zacatecas
98278,Concepción de La Norma,Mazapil,Zacatecas
98279,Majoma,Mazapil,Zacatecas
98280,San Tiburcio,Mazapil,Zacatecas
98281,Pozo de San Juan,Mazapil,Zacatecas
98285,Presa Del Junco,Mazapil,Zacatecas
98286,Tanquecillo,Mazapil,Zacatecas
98287,El Rosario,Mazapil,Zacatecas
98287,Tanque de Guadalupe,Mazapil,Zacatecas
98290,El Salvador,El Salvador,Zacatecas
98290,Tanque Nuevo,El Salvador,Zacatecas
98300,La Pila,Juan Aldama,Zacatecas
98300,Juan Aldama Centro,Juan Aldama,Zacatecas
98300,Almoloya,Juan Aldama,Zacatecas
98303,Las Auroras,Juan Aldama,Zacatecas
98303,Nuevo Amanecer,Juan Aldama,Zacatecas
98303,Oriente,Juan Aldama,Zacatecas
98303,Bosques Del Pedregal,Juan Aldama,Zacatecas
98304,7 de Marzo,Juan Aldama,Zacatecas
98304,Las Jarillas,Juan Aldama,Zacatecas
98307,El Mezquite,Juan Aldama,Zacatecas
98307,Las Huertas,Juan Aldama,Zacatecas
98307,Villa Arechiga,Juan Aldama,Zacatecas
98307,Valle Verde,Juan Aldama,Zacatecas
98307,Magisterial,Juan Aldama,Zacatecas
98307,CONASUPO,Juan Aldama,Zacatecas
98310,Ojitos,Juan Aldama,Zacatecas
98310,Gral. Juan Jose Ríos,Juan Aldama,Zacatecas
98311,Jalpa,Juan Aldama,Zacatecas
98320,Espiritu Santo,Juan Aldama,Zacatecas
98330,Estrella,Miguel Auza,Zacatecas
98330,Las Minas,Miguel Auza,Zacatecas
98330,Los Conos,Miguel Auza,Zacatecas
98330,Miguel Auza Centro,Miguel Auza,Zacatecas
98330,San Gabriel,Miguel Auza,Zacatecas
98330,Betania,Miguel Auza,Zacatecas
98330,Mina,Miguel Auza,Zacatecas
98336,La Honda,Miguel Auza,Zacatecas
98336,Miguel Alemán,Miguel Auza,Zacatecas
98340,20 de Noviembre,Miguel Auza,Zacatecas
98340,Tierra Generosa,Miguel Auza,Zacatecas
98340,Emilio Carranza,Miguel Auza,Zacatecas
98350,Luis Moya I,General Francisco R. Murguía,Zacatecas
98350,Santa Rita,General Francisco R. Murguía,Zacatecas
98350,Torrecilla,General Francisco R. Murguía,Zacatecas
98350,La Cuesta,General Francisco R. Murguía,Zacatecas
98350,Panteón Viejo,General Francisco R. Murguía,Zacatecas
98350,Magisterial,General Francisco R. Murguía,Zacatecas
98350,Nieves,General Francisco R. Murguía,Zacatecas
98350,Tazajillo,General Francisco R. Murguía,Zacatecas
98351,Francisco I Madero,General Francisco R. Murguía,Zacatecas
98360,Valenciana,General Francisco R. Murguía,Zacatecas
98367,Villa Lázaro Cárdenas,General Francisco R. Murguía,Zacatecas
98368,San Lucas,General Francisco R. Murguía,Zacatecas
98369,La Laguna,General Francisco R. Murguía,Zacatecas
98370,San Gil,General Francisco R. Murguía,Zacatecas
98370,San Jose de los Morteros,General Francisco R. Murguía,Zacatecas
98370,El Potrero,General Francisco R. Murguía,Zacatecas
98370,Apaseo,General Francisco R. Murguía,Zacatecas
98380,Las Norias,General Francisco R. Murguía,Zacatecas
98380,Atotonilco,General Francisco R. Murguía,Zacatecas
98387,Matías Ramos (El Tánger),General Francisco R. Murguía,Zacatecas
98390,Pacheco,General Francisco R. Murguía,Zacatecas
98400,Los Ramirez,Río Grande,Zacatecas
98400,Bajo de Moya,Río Grande,Zacatecas
98400,Santa Fe,Río Grande,Zacatecas
98400,Las Palomas,Río Grande,Zacatecas
98400,Las Esperanzas,Río Grande,Zacatecas
98400,Las Piedras,Río Grande,Zacatecas
98400,Tierra Blanca,Río Grande,Zacatecas
98400,Ignacio Allende,Río Grande,Zacatecas
98400,La Florida,Río Grande,Zacatecas
98401,El Fuerte,Río Grande,Zacatecas
98403,La Luz,Río Grande,Zacatecas
98404,San Felipe,Río Grande,Zacatecas
98405,Jose Maria Morelos y Pavón,Río Grande,Zacatecas
98406,Loreto,Río Grande,Zacatecas
98409,Ignacio Zaragoza,Río Grande,Zacatecas
98410,Progreso de Alfonso Medina,Río Grande,Zacatecas
98413,Francisco Garcia Salinas,Río Grande,Zacatecas
98416,Tetillas,Río Grande,Zacatecas
98419,Emiliano Zapata,Río Grande,Zacatecas
98419,Pastelera,Río Grande,Zacatecas
98420,Rio Grande Centro,Río Grande,Zacatecas
98422,Los Duraznos,Río Grande,Zacatecas
98422,La Estrella,Río Grande,Zacatecas
98422,Azteca,Río Grande,Zacatecas
98422,Buenos Aires,Río Grande,Zacatecas
98422,Tepeyac,Río Grande,Zacatecas
98422,Ricardo Flores Magón,Río Grande,Zacatecas
98423,Lic Luis Donaldo Colosio,Río Grande,Zacatecas
98423,Halcones,Río Grande,Zacatecas
98423,SUTSEMOP,Río Grande,Zacatecas
98423,SNTE D-II-12,Río Grande,Zacatecas
98423,La Loma,Río Grande,Zacatecas
98424,C. C. I.,Río Grande,Zacatecas
98424,Lomas del Río,Río Grande,Zacatecas
98424,CTM,Río Grande,Zacatecas
98424,Vista Hermosa,Río Grande,Zacatecas
98424,Potrero Loma Prieta,Río Grande,Zacatecas
98424,Jardines Del Rio,Río Grande,Zacatecas
98424,El Mezquital,Río Grande,Zacatecas
98425,Del Norte,Río Grande,Zacatecas
98425,INFONAVIT,Río Grande,Zacatecas
98425,Adolfo López Mateos,Río Grande,Zacatecas
98425,Rio Agua Naval,Río Grande,Zacatecas
98425,La Cuesta,Río Grande,Zacatecas
98425,Del Rosario,Río Grande,Zacatecas
98426,Ruiz Cortines,Río Grande,Zacatecas
98426,El Cuero,Río Grande,Zacatecas
98426,El Llano,Río Grande,Zacatecas
98429,Cantarranas,Río Grande,Zacatecas
98429,Libertad,Río Grande,Zacatecas
98429,El Ruiseñor,Río Grande,Zacatecas
98429,Rio Grande,Río Grande,Zacatecas
98429,Álamos,Río Grande,Zacatecas
98429,La Trinidad,Río Grande,Zacatecas
98429,La Hacienda,Río Grande,Zacatecas
98430,Villa de Cos Centro,Villa de Cos,Zacatecas
98430,Bañoncito,Villa de Cos,Zacatecas
98432,Fresnillito,Villa de Cos,Zacatecas
98435,Villa Jardín,Villa de Cos,Zacatecas
98435,COPROVI,Villa de Cos,Zacatecas
98435,Las Haciendas,Villa de Cos,Zacatecas
98436,Elias Mirador,Villa de Cos,Zacatecas
98436,Del PRI,Villa de Cos,Zacatecas
98440,La Colorada,Villa de Cos,Zacatecas
98440,Guadalupe de las Corrientes,Villa de Cos,Zacatecas
98445,Agua Nueva,Villa de Cos,Zacatecas
98450,Benito Juárez,Villa de Cos,Zacatecas
98450,Puerto Madero,Villa de Cos,Zacatecas
98450,San Andres Puerto Madero,Villa de Cos,Zacatecas
98451,San José,Villa de Cos,Zacatecas
98451,Nueva Pastoría,Villa de Cos,Zacatecas
98451,Efigenia,Villa de Cos,Zacatecas
98452,Pabellón,Villa de Cos,Zacatecas
98453,Campechana,Villa de Cos,Zacatecas
98453,Emiliano Zapata,Villa de Cos,Zacatecas
98453,Felipe Carrillo Puerto,Villa de Cos,Zacatecas
98460,Cervantes,Villa de Cos,Zacatecas
98460,El Rucio,Villa de Cos,Zacatecas
98461,La Prieta,Villa de Cos,Zacatecas
98464,Tierra y Libertad (San Blas),Villa de Cos,Zacatecas
98471,Chupaderos,Villa de Cos,Zacatecas
98471,Bañon,Villa de Cos,Zacatecas
98471,Tenango,Villa de Cos,Zacatecas
98471,El Celo,Villa de Cos,Zacatecas
98471,Cañas,Villa de Cos,Zacatecas
98471,Chuparrosa,Villa de Cos,Zacatecas
98473,Charco Blanco,Villa de Cos,Zacatecas
98480,Cañitas de Felipe Pescador,Cañitas de Felipe Pescador,Zacatecas
98480,Cañitas,Cañitas de Felipe Pescador,Zacatecas
98490,Boquilla de Abajo,Cañitas de Felipe Pescador,Zacatecas
98500,Calera de Víctor Rosales Centro,Calera,Zacatecas
98502,Solidaridad,Calera,Zacatecas
98502,San Francisco,Calera,Zacatecas
98502,Florencia,Calera,Zacatecas
98502,Año de Juárez,Calera,Zacatecas
98502,Profesionistas,Calera,Zacatecas
98502,Lauro G. Caloca,Calera,Zacatecas
98502,El Bosque,Calera,Zacatecas
98502,La Noria,Calera,Zacatecas
98502,Santa Lucía,Calera,Zacatecas
98502,Magisterio,Calera,Zacatecas
98502,Satélite,Calera,Zacatecas
98502,Lomas de Calera,Calera,Zacatecas
98502,Ricardo Monreal Ávila,Calera,Zacatecas
98502,El Huizache,Calera,Zacatecas
98503,Villareal,Calera,Zacatecas
98503,Villa Calera,Calera,Zacatecas
98503,América,Calera,Zacatecas
98503,El Edén,Calera,Zacatecas
98503,Cruz Azul,Calera,Zacatecas
98503,Cipreses,Calera,Zacatecas
98503,La Soledad,Calera,Zacatecas
98504,La Moderna,Calera,Zacatecas
98504,Cortez,Calera,Zacatecas
98504,Víctor Rosales,Calera,Zacatecas
98504,Nuevo Calera,Calera,Zacatecas
98504,La Ladrillera,Calera,Zacatecas
98505,Estación Víctor Rosales,Calera,Zacatecas
98505,Elías García,Calera,Zacatecas
98505,El Sol,Calera,Zacatecas
98505,La Cantera Rosa,Calera,Zacatecas
98505,2 Matías,Calera,Zacatecas
98506,Riafa Caranza,Calera,Zacatecas
98506,Alborada,Calera,Zacatecas
98507,SUTSEMOP,Calera,Zacatecas
98507,Lomas de La Unidad,Calera,Zacatecas
98507,Popular las Fuentes,Calera,Zacatecas
98507,El Pedregal,Calera,Zacatecas
98507,El Maguey,Calera,Zacatecas
98507,Francisco I. Madero,Calera,Zacatecas
98507,La Loma,Calera,Zacatecas
98507,José María Morelos,Calera,Zacatecas
98507,Real de Calera,Calera,Zacatecas
98507,Lindavista,Calera,Zacatecas
98507,Hermanas Hernández,Calera,Zacatecas
98507,Santa María,Calera,Zacatecas
98507,La Escuelita,Calera,Zacatecas
98508,El Tambo,Calera,Zacatecas
98508,Ma. Teresa de Jesús,Calera,Zacatecas
98508,Las Kilihuas,Calera,Zacatecas
98508,La Huerta,Calera,Zacatecas
98508,Las Flores,Calera,Zacatecas
98508,Florencio Quezada,Calera,Zacatecas
98508,La Granja,Calera,Zacatecas
98510,Ramón López Velarde,Calera,Zacatecas
98513,La Sauceda,Calera,Zacatecas
98513,Nueva Colonia Francisco I. Madero,Calera,Zacatecas
98513,Las Auras,Calera,Zacatecas
98513,Las Amarradas (Hilario Alvarado Medina),Calera,Zacatecas
98513,Francisco I. Madero (Coyotes),Calera,Zacatecas
98513,San Benito (Sector Felipe Ángeles),Calera,Zacatecas
98514,San Isidro,Calera,Zacatecas
98514,Los Gutiérrez,Calera,Zacatecas
98514,Laguna de las Jarillas,Calera,Zacatecas
98514,San Antonio (Alfonso Mejía),Calera,Zacatecas
98514,Los Cuates,Calera,Zacatecas
98514,Rancho de Jarillas,Calera,Zacatecas
98514,La Dientona (Los Cuates),Calera,Zacatecas
98514,Monte de Abajo,Calera,Zacatecas
98515,Palma Delgadita (San José de la Palma),Calera,Zacatecas
98516,El Tanque,Calera,Zacatecas
98516,El Vergel,Calera,Zacatecas
98517,Los Nogales,Calera,Zacatecas
98517,El Porvenir,Calera,Zacatecas
98517,El Refugio,Calera,Zacatecas
98519,Mega Parque Industrial Aeropuerto de Calera,Calera,Zacatecas
98519,Zacatecas (Gral. Leobardo C. Ruiz),Calera,Zacatecas
98520,Río Frío,Calera,Zacatecas
98523,La Laborcilla,Calera,Zacatecas
98523,San Francisco,Calera,Zacatecas
98526,Nueva Alianza (Ñates),Calera,Zacatecas
98540,Pánuco Centro,Pánuco,Zacatecas
98541,San Antonio Del Ciprés,Pánuco,Zacatecas
98545,Casa de Cerros,Pánuco,Zacatecas
98546,Muleros,Pánuco,Zacatecas
98548,Pozo de Gamboa,Pánuco,Zacatecas
98550,El Espejo,Pánuco,Zacatecas
98560,Gral. Enrique Estrada,General Enrique Estrada,Zacatecas
98560,Agua Azul,General Enrique Estrada,Zacatecas
98561,Adjuntas Del Peñasco,General Enrique Estrada,Zacatecas
98600,Privada del Santuario,Guadalupe,Zacatecas
98600,Guadalupe Centro,Guadalupe,Zacatecas
98600,Ramon Lopez Velarde,Guadalupe,Zacatecas
98600,Lindavista,Guadalupe,Zacatecas
98600,La Industrial,Guadalupe,Zacatecas
98600,Santa Rita,Guadalupe,Zacatecas
98600,1910,Guadalupe,Zacatecas
98600,La Purísima,Guadalupe,Zacatecas
98604,Nuevo Mercurio,Guadalupe,Zacatecas
98604,Valle de los Encinos,Guadalupe,Zacatecas
98604,La Ladrillera,Guadalupe,Zacatecas
98604,Paseo Real,Guadalupe,Zacatecas
98604,Guadalupe,Guadalupe,Zacatecas
98604,Villas del Tepeyac,Guadalupe,Zacatecas
98605,El Rosal,Guadalupe,Zacatecas
98605,Solidaridad (José Ives Limantour),Guadalupe,Zacatecas
98605,Arcoiris,Guadalupe,Zacatecas
98605,Ampliación Campesina,Guadalupe,Zacatecas
98605,San José (Ampliación Lo de Vega),Guadalupe,Zacatecas
98605,Real de San Gabriel,Guadalupe,Zacatecas
98605,La Campesina,Guadalupe,Zacatecas
98605,El Montecito,Guadalupe,Zacatecas
98605,Las Flores,Guadalupe,Zacatecas
98605,Los Frailes,Guadalupe,Zacatecas
98605,Mina Azul,Guadalupe,Zacatecas
98605,El Hípico,Guadalupe,Zacatecas
98605,División del Norte,Guadalupe,Zacatecas
98605,Conquistadores,Guadalupe,Zacatecas
98605,Doroteo Arango,Guadalupe,Zacatecas
98605,La Esperanza,Guadalupe,Zacatecas
98605,Guadalupe Industrial,Guadalupe,Zacatecas
98605,Real de San Ramón,Guadalupe,Zacatecas
98605,El Manantial,Guadalupe,Zacatecas
98605,Mezquitillos,Guadalupe,Zacatecas
98605,Nueva Generación,Guadalupe,Zacatecas
98606,San Ramón,Guadalupe,Zacatecas
98606,Jardines Del Sol II,Guadalupe,Zacatecas
98606,Campestre San José,Guadalupe,Zacatecas
98606,Jardines del Sol,Guadalupe,Zacatecas
98606,Privada los Manantiales,Guadalupe,Zacatecas
98606,El Mezquital,Guadalupe,Zacatecas
98606,La Cantera,Guadalupe,Zacatecas
98606,La Palma,Guadalupe,Zacatecas
98606,Tonatiuh Magisterial,Guadalupe,Zacatecas
98606,Escritores,Guadalupe,Zacatecas
98606,La Martinica,Guadalupe,Zacatecas
98606,Ojo de Agua de La Palma,Guadalupe,Zacatecas
98606,Villas de Nápoles,Guadalupe,Zacatecas
98606,Santa Fe,Guadalupe,Zacatecas
98606,Las Palmas,Guadalupe,Zacatecas
98607,El Salero,Guadalupe,Zacatecas
98607,De Loreto,Guadalupe,Zacatecas
98607,La Estación,Guadalupe,Zacatecas
98607,Barrio de Los Moros,Guadalupe,Zacatecas
98607,Lomas de Guadalupe,Guadalupe,Zacatecas
98607,Justo Sierra,Guadalupe,Zacatecas
98607,Rincón Guadalupano,Guadalupe,Zacatecas
98607,Bellavista,Guadalupe,Zacatecas
98607,Los Angeles,Guadalupe,Zacatecas
98607,De la Estación,Guadalupe,Zacatecas
98607,Privada las Misiones,Guadalupe,Zacatecas
98607,Minas del Real,Guadalupe,Zacatecas
98607,Las Quintas,Guadalupe,Zacatecas
98607,Condominios del Sol,Guadalupe,Zacatecas
98607,Ferrocarrileros,Guadalupe,Zacatecas
98607,San Jose de la Piedrera,Guadalupe,Zacatecas
98607,La Providencia,Guadalupe,Zacatecas
98607,Privada El Salero,Guadalupe,Zacatecas
98607,Margaritas,Guadalupe,Zacatecas
98608,Ampliación Arboledas,Guadalupe,Zacatecas
98608,Del Parque,Guadalupe,Zacatecas
98608,Del Carmen,Guadalupe,Zacatecas
98608,Las Arboledas,Guadalupe,Zacatecas
98608,Villas Del Carmen,Guadalupe,Zacatecas
98608,Jardines Del Carmen,Guadalupe,Zacatecas
98608,Francisco García Salinas,Guadalupe,Zacatecas
98608,SNTAS,Guadalupe,Zacatecas
98608,Hidráulica 13 de Septiembre,Guadalupe,Zacatecas
98608,Campo Bravo,Guadalupe,Zacatecas
98609,Bonaterra,Guadalupe,Zacatecas
98609,Puerta Dorada,Guadalupe,Zacatecas
98609,Privada Trueno,Guadalupe,Zacatecas
98609,Sector Santa Engracia,Guadalupe,Zacatecas
98609,La Bufa II,Guadalupe,Zacatecas
98609,Privada Santa Rosa,Guadalupe,Zacatecas
98609,La Bufa I,Guadalupe,Zacatecas
98609,Lomas Del Convento,Guadalupe,Zacatecas
98609,Mexicana de Aviación,Guadalupe,Zacatecas
98609,S.T.U.A.Z.,Guadalupe,Zacatecas
98609,Magisterio,Guadalupe,Zacatecas
98610,La Cima,Guadalupe,Zacatecas
98610,Lomas de Britania,Guadalupe,Zacatecas
98610,Privada Portanova,Guadalupe,Zacatecas
98610,La Toscana,Guadalupe,Zacatecas
98610,Nuevo Bernardez,Guadalupe,Zacatecas
98610,Privada del Bosque,Guadalupe,Zacatecas
98610,Lomas de Bernárdez Sección Plata,Guadalupe,Zacatecas
98610,INDECO Arroyo de la Plata,Guadalupe,Zacatecas
98610,Jardines de Bernardez,Guadalupe,Zacatecas
98610,Lomas de Galicia,Guadalupe,Zacatecas
98610,Puerta de Plata,Guadalupe,Zacatecas
98610,Lomas de Bernardez,Guadalupe,Zacatecas
98610,Privada Santa María I y II,Guadalupe,Zacatecas
98610,Privada San Antonio,Guadalupe,Zacatecas
98610,Santa Rita,Guadalupe,Zacatecas
98610,Lomas del Pedregal,Guadalupe,Zacatecas
98610,Privada Conde Santiago de la Laguna,Guadalupe,Zacatecas
98610,Los Prados,Guadalupe,Zacatecas
98612,Rinconada del Edén,Guadalupe,Zacatecas
98612,Real Del Conde,Guadalupe,Zacatecas
98612,Loma Bonita,Guadalupe,Zacatecas
98612,Montes Azules,Guadalupe,Zacatecas
98612,Quinta Santa Bárbara,Guadalupe,Zacatecas
98612,Villas Bugambilias,Guadalupe,Zacatecas
98612,Villas Bugambilia II,Guadalupe,Zacatecas
98612,La Condesa,Guadalupe,Zacatecas
98612,Magistrados,Guadalupe,Zacatecas
98612,Ampliación Américas,Guadalupe,Zacatecas
98612,Américas 3,Guadalupe,Zacatecas
98612,Villas de San Fermín,Guadalupe,Zacatecas
98612,Las Orquídeas,Guadalupe,Zacatecas
98612,Villas del Rey,Guadalupe,Zacatecas
98612,Real de Guadalupe,Guadalupe,Zacatecas
98612,El Universo,Guadalupe,Zacatecas
98612,Galerías,Guadalupe,Zacatecas
98612,Montebello,Guadalupe,Zacatecas
98612,Quinta San Gabriel,Guadalupe,Zacatecas
98612,Quinta San Fernando,Guadalupe,Zacatecas
98612,Villafontana,Guadalupe,Zacatecas
98612,Villas de Guadalupe,Guadalupe,Zacatecas
98612,San Cosme,Guadalupe,Zacatecas
98612,Privada Real del Sol,Guadalupe,Zacatecas
98612,Villas Mariana,Guadalupe,Zacatecas
98612,Quinta Santa Ana,Guadalupe,Zacatecas
98612,Brisas del Campo,Guadalupe,Zacatecas
98612,Américas 4,Guadalupe,Zacatecas
98612,Lomas de San Cristóbal,Guadalupe,Zacatecas
98612,Los Conventos II,Guadalupe,Zacatecas
98612,Privada de Los Olivos,Guadalupe,Zacatecas
98612,Quinta Santa Martha,Guadalupe,Zacatecas
98612,Valles II,Guadalupe,Zacatecas
98612,Del Agua,Guadalupe,Zacatecas
98612,El Universo,Guadalupe,Zacatecas
98612,Unidad Deportiva,Guadalupe,Zacatecas
98612,Jardines de Sauceda,Guadalupe,Zacatecas
98612,Quinta San Jerónimo,Guadalupe,Zacatecas
98612,El Triángulo,Guadalupe,Zacatecas
98612,Quinta San Rafael,Guadalupe,Zacatecas
98612,Privada San Andrés,Guadalupe,Zacatecas
98612,Magisterial Pedro Ruiz González,Guadalupe,Zacatecas
98612,Del Bosque,Guadalupe,Zacatecas
98612,Valle Del Conde,Guadalupe,Zacatecas
98612,Los Conventos,Guadalupe,Zacatecas
98612,Culturas,Guadalupe,Zacatecas
98612,"La Antorcha de Zacatecas, A. C.",Guadalupe,Zacatecas
98612,Manuel M Ponce,Guadalupe,Zacatecas
98612,Issstezac,Guadalupe,Zacatecas
98612,Las Torres,Guadalupe,Zacatecas
98612,Privada Sauceda,Guadalupe,Zacatecas
98612,Quinta San Nicolás,Guadalupe,Zacatecas
98612,Quinta Santa Teresita,Guadalupe,Zacatecas
98612,Privada Santa Lucía,Guadalupe,Zacatecas
98612,Villa Real,Guadalupe,Zacatecas
98612,FOVISSSTE,Guadalupe,Zacatecas
98612,Las Villas,Guadalupe,Zacatecas
98612,Las Américas,Guadalupe,Zacatecas
98612,Campo Real,Guadalupe,Zacatecas
98612,Las Flores,Guadalupe,Zacatecas
98612,Villas de Guadalupe,Guadalupe,Zacatecas
98612,Privada La Condesa,Guadalupe,Zacatecas
98612,Quinta Santa María,Guadalupe,Zacatecas
98613,Valles I,Guadalupe,Zacatecas
98613,Olimpia,Guadalupe,Zacatecas
98613,S.P.A.U.A.Z.,Guadalupe,Zacatecas
98613,Bonito Pueblo,Guadalupe,Zacatecas
98613,Olimpia 4,Guadalupe,Zacatecas
98613,Privada La Esmeralda,Guadalupe,Zacatecas
98613,Las Joyas,Guadalupe,Zacatecas
98613,Virreyes,Guadalupe,Zacatecas
98613,Revolución Mexicana,Guadalupe,Zacatecas
98613,S.T.U.A.Z.,Guadalupe,Zacatecas
98613,El Pirular,Guadalupe,Zacatecas
98613,Ejidal,Guadalupe,Zacatecas
98613,El Paraíso,Guadalupe,Zacatecas
98613,Villas de Don Fernando,Guadalupe,Zacatecas
98613,Las Fuentes,Guadalupe,Zacatecas
98613,Villas Del Monasterio,Guadalupe,Zacatecas
98613,Camino Real,Guadalupe,Zacatecas
98613,Popular San Francisco,Guadalupe,Zacatecas
98613,Olimpia 2,Guadalupe,Zacatecas
98613,San Isidro,Guadalupe,Zacatecas
98613,Progreso Nacional,Guadalupe,Zacatecas
98613,Guadalupe Moderno,Guadalupe,Zacatecas
98613,Olimpia 3,Guadalupe,Zacatecas
98614,La Victoria,Guadalupe,Zacatecas
98614,Privada de las Begonias,Guadalupe,Zacatecas
98614,5 de Mayo,Guadalupe,Zacatecas
98614,Lomas Del Consuelo,Guadalupe,Zacatecas
98614,Primero de Mayo,Guadalupe,Zacatecas
98615,Ampliación La fe,Guadalupe,Zacatecas
98615,Jesús Pérez Cuevas,Guadalupe,Zacatecas
98615,Toma de Zacatecas,Guadalupe,Zacatecas
98615,Grupo Tendencia Sindical,Guadalupe,Zacatecas
98615,Progresista,Guadalupe,Zacatecas
98615,Guadalupe Colonial,Guadalupe,Zacatecas
98615,Lomas Del Valle,Guadalupe,Zacatecas
98615,Luis Donaldo Colosio,Guadalupe,Zacatecas
98615,Sección P.P.S. (Polígono la Fé),Guadalupe,Zacatecas
98615,Emiliano Zapata,Guadalupe,Zacatecas
98615,Privada las Águilas,Guadalupe,Zacatecas
98615,Ignacio Allende,Guadalupe,Zacatecas
98615,Francisco Villa,Guadalupe,Zacatecas
98615,Sutsemop,Guadalupe,Zacatecas
98615,Ampliación 2da Sección Tierra y Libertad,Guadalupe,Zacatecas
98615,FIRCO,Guadalupe,Zacatecas
98615,Popular del Bosque,Guadalupe,Zacatecas
98615,Tierra y Libertad 1,Guadalupe,Zacatecas
98615,África,Guadalupe,Zacatecas
98615,La Cañada 2a. Etapa,Guadalupe,Zacatecas
98615,Tierra y Libertad 2,Guadalupe,Zacatecas
98615,Ampliación Minas,Guadalupe,Zacatecas
98615,Tierra y Libertad 3ra. Sección,Guadalupe,Zacatecas
98615,San Miguel del Cortijo,Guadalupe,Zacatecas
98616,U.A.Z.,Guadalupe,Zacatecas
98616,Ganaderos,Guadalupe,Zacatecas
98616,La Cantera,Guadalupe,Zacatecas
98616,Rincón Colonial,Guadalupe,Zacatecas
98616,California,Guadalupe,Zacatecas
98616,California II,Guadalupe,Zacatecas
98617,El Dorado,Guadalupe,Zacatecas
98617,Minas,Guadalupe,Zacatecas
98617,Villa Colonial,Guadalupe,Zacatecas
98617,La Cañada,Guadalupe,Zacatecas
98617,Conde de Bernardez,Guadalupe,Zacatecas
98617,Militar,Guadalupe,Zacatecas
98618,Privada Geraneos,Guadalupe,Zacatecas
98618,Privada los Olivares,Guadalupe,Zacatecas
98618,Dependencias Federales,Guadalupe,Zacatecas
98618,La Florida,Guadalupe,Zacatecas
98618,Privada Eucaliptos,Guadalupe,Zacatecas
98619,Cañada de Bernardez,Guadalupe,Zacatecas
98619,Geranios 2da. Sección,Guadalupe,Zacatecas
98619,Rinconada de Pirules,Guadalupe,Zacatecas
98619,Camilo Torres,Guadalupe,Zacatecas
98619,Cañada de La Bufa,Guadalupe,Zacatecas
98619,Los Geranios,Guadalupe,Zacatecas
98619,Rinconada de los Pinos,Guadalupe,Zacatecas
98619,Issste Zac 3,Guadalupe,Zacatecas
98619,Los Pirules,Guadalupe,Zacatecas
98619,Ex Hacienda de Bernardez,Guadalupe,Zacatecas
98619,Gavilanes,Guadalupe,Zacatecas
98619,Villa de las Flores,Guadalupe,Zacatecas
98619,Cañada Del Sol,Guadalupe,Zacatecas
98620,Francisco E. García,Guadalupe,Zacatecas
98620,Casa Blanca,Guadalupe,Zacatecas
98621,El Bordo,Guadalupe,Zacatecas
98630,Tacoaleche,Guadalupe,Zacatecas
98630,El Maguey,Guadalupe,Zacatecas
98631,La Luz,Guadalupe,Zacatecas
98631,Zoquite,Guadalupe,Zacatecas
98636,Santa Mónica,Guadalupe,Zacatecas
98640,El Refugio,Trancoso,Zacatecas
98640,Trancoso,Trancoso,Zacatecas
98644,La Blanquita,Trancoso,Zacatecas
98645,San Salvador Del Bajío,Trancoso,Zacatecas
98646,El Porvenir,Trancoso,Zacatecas
98647,San Jose Del Carmen,Trancoso,Zacatecas
98648,Los Insurgentes,Trancoso,Zacatecas
98648,Ruben Jaramillo (la Chiripa),Trancoso,Zacatecas
98650,San Jerónimo,Guadalupe,Zacatecas
98652,Santa Cecilia,Guadalupe,Zacatecas
98652,Villas de la Coruña,Guadalupe,Zacatecas
98655,El Pescado,Guadalupe,Zacatecas
98658,Hacienda Valle Dorado,Guadalupe,Zacatecas
98658,La Comarca,Guadalupe,Zacatecas
98658,Cieneguitas,Guadalupe,Zacatecas
98659,Gardenias,Guadalupe,Zacatecas
98659,Martínez Domínguez,Guadalupe,Zacatecas
98659,Zacatecana,Guadalupe,Zacatecas
98660,Genaro Codina,Genaro Codina,Zacatecas
98660,Los Guerrero,Genaro Codina,Zacatecas
98660,Los Llanitos,Genaro Codina,Zacatecas
98660,Los Arteaga,Genaro Codina,Zacatecas
98660,Los Hernández,Genaro Codina,Zacatecas
98660,Ojo de Agua,Genaro Codina,Zacatecas
98663,Monte Grande,Genaro Codina,Zacatecas
98663,Ojo de Agua del Progreso (Ojo de Agua),Genaro Codina,Zacatecas
98663,Barrio de la Moradilla (La Moradilla),Genaro Codina,Zacatecas
98663,Santa Inés,Genaro Codina,Zacatecas
98663,San Miguel de Agua Zarca (San Miguel),Genaro Codina,Zacatecas
98663,Paso de Méndez,Genaro Codina,Zacatecas
98664,Minillas,Genaro Codina,Zacatecas
98664,Ojo Seco,Genaro Codina,Zacatecas
98664,Santa Teresa,Genaro Codina,Zacatecas
98666,Huertillas (Las Huertillas),Genaro Codina,Zacatecas
98666,El Palmarito,Genaro Codina,Zacatecas
98666,Corralillo,Genaro Codina,Zacatecas
98666,La Saladita,Genaro Codina,Zacatecas
98666,San Isidro,Genaro Codina,Zacatecas
98666,El Laurel,Genaro Codina,Zacatecas
98667,San Fernando,Genaro Codina,Zacatecas
98667,El Salto Prieto,Genaro Codina,Zacatecas
98667,La Quemazón (Francisco Guerrero Espino),Genaro Codina,Zacatecas
98667,El Refugio,Genaro Codina,Zacatecas
98667,Santa Cruz de Sierra Fría,Genaro Codina,Zacatecas
98667,San Martín,Genaro Codina,Zacatecas
98667,Perales,Genaro Codina,Zacatecas
98667,El Arbolito,Genaro Codina,Zacatecas
98667,La Toma,Genaro Codina,Zacatecas
98667,Santa Gertrudis,Genaro Codina,Zacatecas
98667,La Presilla,Genaro Codina,Zacatecas
98670,Las Tinajas,Genaro Codina,Zacatecas
98670,Delgadillo,Genaro Codina,Zacatecas
98670,Santa Cruz de Piedras Cargadas,Genaro Codina,Zacatecas
98670,San Francisco Viboritas,Genaro Codina,Zacatecas
98670,Enrique Estrada,Genaro Codina,Zacatecas
98670,La Joya,Genaro Codina,Zacatecas
98670,La Purísima,Genaro Codina,Zacatecas
98670,Macarenos,Genaro Codina,Zacatecas
98673,Hierbabuena,Genaro Codina,Zacatecas
98673,El Fresno,Genaro Codina,Zacatecas
98677,El Tepetate,Genaro Codina,Zacatecas
98677,Lechuguilla,Genaro Codina,Zacatecas
98680,Rancho Nuevo,Cuauhtémoc,Zacatecas
98680,Piedra Gorda,Cuauhtémoc,Zacatecas
98689,Berriozabal,Cuauhtémoc,Zacatecas
98690,Ciudad Cuauhtémoc Centro,Cuauhtémoc,Zacatecas
98692,Lázaro Cárdenas,Cuauhtémoc,Zacatecas
98692,Lázaro Cárdenas 2a Sección,Cuauhtémoc,Zacatecas
98693,Potrerillos,Cuauhtémoc,Zacatecas
98693,Asencion Torres,Cuauhtémoc,Zacatecas
98694,Castorena,Cuauhtémoc,Zacatecas
98694,La Rinconada,Cuauhtémoc,Zacatecas
98695,Morelos,Cuauhtémoc,Zacatecas
98696,Las Torres,Cuauhtémoc,Zacatecas
98696,La Piedad,Cuauhtémoc,Zacatecas
98696,Independiente,Cuauhtémoc,Zacatecas
98697,Independencia,Cuauhtémoc,Zacatecas
98698,La Gavia,Cuauhtémoc,Zacatecas
98698,Las Gallinas,Cuauhtémoc,Zacatecas
98700,Palmira,Ojocaliente,Zacatecas
98700,Jarillas,Ojocaliente,Zacatecas
98700,Milagros,Ojocaliente,Zacatecas
98700,Palmillas,Ojocaliente,Zacatecas
98700,Pastoría,Ojocaliente,Zacatecas
98700,Sauceda de Mulatos,Ojocaliente,Zacatecas
98700,Concepción,Ojocaliente,Zacatecas
98700,Tlacotes,Ojocaliente,Zacatecas
98700,El Refugio,Ojocaliente,Zacatecas
98700,San Pablo,Ojocaliente,Zacatecas
98704,Dolores,Ojocaliente,Zacatecas
98705,Nuevo Mundo,Ojocaliente,Zacatecas
98705,La Puerta de Fierro,Ojocaliente,Zacatecas
98705,La Capilla,Ojocaliente,Zacatecas
98706,Las Coloradas,Ojocaliente,Zacatecas
98706,Cerrito de La Cruz,Ojocaliente,Zacatecas
98706,La Verde,Ojocaliente,Zacatecas
98707,Pozo de Jarillas,Ojocaliente,Zacatecas
98707,Las Lajas,Ojocaliente,Zacatecas
98707,Perales,Ojocaliente,Zacatecas
98710,Ojocaliente Centro,Ojocaliente,Zacatecas
98712,Las Lomas,Ojocaliente,Zacatecas
98712,Nuevo Ojocaliente,Ojocaliente,Zacatecas
98712,San Miguel,Ojocaliente,Zacatecas
98712,Nombre de Dios,Ojocaliente,Zacatecas
98712,Indeco,Ojocaliente,Zacatecas
98712,Reginaldo Sandoval,Ojocaliente,Zacatecas
98712,Las Cumbres,Ojocaliente,Zacatecas
98712,El Papanton,Ojocaliente,Zacatecas
98712,Real de Sacramento,Ojocaliente,Zacatecas
98713,Las Villitas,Ojocaliente,Zacatecas
98713,Renacimiento,Ojocaliente,Zacatecas
98713,Veteranos de La Revolución,Ojocaliente,Zacatecas
98713,Huerta Santa Teresa,Ojocaliente,Zacatecas
98714,Parga,Ojocaliente,Zacatecas
98714,El Trébol,Ojocaliente,Zacatecas
98715,Jerusalem,Ojocaliente,Zacatecas
98715,Martel,Ojocaliente,Zacatecas
98715,Real Bastidas,Ojocaliente,Zacatecas
98715,Luis Reyes,Ojocaliente,Zacatecas
98715,San Jorge,Ojocaliente,Zacatecas
98716,Lázaro Cárdenas,Ojocaliente,Zacatecas
98717,El Húmedo,Ojocaliente,Zacatecas
98717,Magisterial,Ojocaliente,Zacatecas
98717,San Pedro,Ojocaliente,Zacatecas
98717,El Fresno,Ojocaliente,Zacatecas
98717,Chinanpas,Ojocaliente,Zacatecas
98717,Chinanpas,Ojocaliente,Zacatecas
98718,Fernando Pamanes Escobedo,Ojocaliente,Zacatecas
98718,El Portalillo,Ojocaliente,Zacatecas
98718,Elias Valadez,Ojocaliente,Zacatecas
98718,Industrial Ladrillero,Ojocaliente,Zacatecas
98720,San Cristóbal,Ojocaliente,Zacatecas
98723,San Blas de Copudas,Ojocaliente,Zacatecas
98723,San Jose de los Llanos,Ojocaliente,Zacatecas
98723,El Tildío,Ojocaliente,Zacatecas
98723,Santa Maria de La Paz,Ojocaliente,Zacatecas
98723,San Jose Del Vaquero,Ojocaliente,Zacatecas
98724,Buenavista,Ojocaliente,Zacatecas
98725,Santo Tomas,Ojocaliente,Zacatecas
98725,Boquillas,Ojocaliente,Zacatecas
98725,San Juan de Carboneras,Ojocaliente,Zacatecas
98726,Venaditos,Ojocaliente,Zacatecas
98726,Cerrito Del Agua,Ojocaliente,Zacatecas
98727,El Chepinque,Ojocaliente,Zacatecas
98727,San Antonio Del Volcán,Ojocaliente,Zacatecas
98730,El Tule,General Pánfilo Natera,Zacatecas
98730,Santa Fe,General Pánfilo Natera,Zacatecas
98730,Presidentes,General Pánfilo Natera,Zacatecas
98730,Barrio Alto,General Pánfilo Natera,Zacatecas
98730,Buenavista,General Pánfilo Natera,Zacatecas
98730,San Juan Bautista,General Pánfilo Natera,Zacatecas
98730,Las Animas,General Pánfilo Natera,Zacatecas
98730,Santa Cruz,General Pánfilo Natera,Zacatecas
98730,Magisterial,General Pánfilo Natera,Zacatecas
98730,Gral. Pánfilo Natera Centro,General Pánfilo Natera,Zacatecas
98730,Piedra Azul,General Pánfilo Natera,Zacatecas
98730,San Rafael,General Pánfilo Natera,Zacatecas
98740,Las Amapolas,General Pánfilo Natera,Zacatecas
98740,Presa Del Coloradito,General Pánfilo Natera,Zacatecas
98740,El Saucito,General Pánfilo Natera,Zacatecas
98740,Marin,General Pánfilo Natera,Zacatecas
98740,Santa Maria,General Pánfilo Natera,Zacatecas
98740,Unión de San Antonio,General Pánfilo Natera,Zacatecas
98740,Guanajuatillo,General Pánfilo Natera,Zacatecas
98740,Noria Del Cerro,General Pánfilo Natera,Zacatecas
98740,La Tesorera,General Pánfilo Natera,Zacatecas
98750,Pamanes,General Pánfilo Natera,Zacatecas
98750,Valle Del San Juan,General Pánfilo Natera,Zacatecas
98750,El Saladillo,General Pánfilo Natera,Zacatecas
98750,Las Escobas,General Pánfilo Natera,Zacatecas
98760,Rancho Nuevo,General Pánfilo Natera,Zacatecas
98760,Santa Elena,General Pánfilo Natera,Zacatecas
98760,Tahonas,General Pánfilo Natera,Zacatecas
98760,San Ramon,General Pánfilo Natera,Zacatecas
98760,La Haciendita,General Pánfilo Natera,Zacatecas
98760,Las Animas,General Pánfilo Natera,Zacatecas
98760,San Pablo,General Pánfilo Natera,Zacatecas
98760,Providencia,General Pánfilo Natera,Zacatecas
98770,Luis Moya Centro,Luis Moya,Zacatecas
98772,Independencia,Luis Moya,Zacatecas
98772,De las Flores,Luis Moya,Zacatecas
98772,San Antonio,Luis Moya,Zacatecas
98773,Campestre,Luis Moya,Zacatecas
98775,Magisterial,Luis Moya,Zacatecas
98775,Praderas Del Sol,Luis Moya,Zacatecas
98776,San Francisco,Luis Moya,Zacatecas
98776,San Francisco II,Luis Moya,Zacatecas
98776,San Miguel,Luis Moya,Zacatecas
98780,Hidalgo,Luis Moya,Zacatecas
98780,20 de Noviembre,Luis Moya,Zacatecas
98780,Leyva,Luis Moya,Zacatecas
98785,Los Pocitos,Luis Moya,Zacatecas
98785,Esteban Castorena,Luis Moya,Zacatecas
98785,Los Griegos,Luis Moya,Zacatecas
98790,Noria de Molinos,Luis Moya,Zacatecas
98794,La Manga,Luis Moya,Zacatecas
98794,El Coecillo,Luis Moya,Zacatecas
98795,Barranquillas,Luis Moya,Zacatecas
98795,ing. Julián Adame,Luis Moya,Zacatecas
98800,San Blas,Loreto,Zacatecas
98804,Santa Maria de los Angeles,Loreto,Zacatecas
98805,Jesús María,Loreto,Zacatecas
98807,Crisóstomos,Loreto,Zacatecas
98810,El Tepetate,Loreto,Zacatecas
98810,Felipe Carrillo Puerto,Loreto,Zacatecas
98815,Tierra Blanca,Loreto,Zacatecas
98817,Bimbaletes,Loreto,Zacatecas
98820,La Loma,Loreto,Zacatecas
98820,San Marcos,Loreto,Zacatecas
98824,La Concepción,Loreto,Zacatecas
98825,El Hinojo,Loreto,Zacatecas
98827,El Lobo,Loreto,Zacatecas
98830,Loreto Centro,Loreto,Zacatecas
98832,La Huerta,Loreto,Zacatecas
98832,Los Ángeles,Loreto,Zacatecas
98832,La Esperanza I,Loreto,Zacatecas
98832,Acevedo,Loreto,Zacatecas
98832,El Mezquite,Loreto,Zacatecas
98832,La Esperanza II,Loreto,Zacatecas
98832,Los Viñedos,Loreto,Zacatecas
98833,San Marcos I,Loreto,Zacatecas
98833,Valle Real,Loreto,Zacatecas
98833,El Edén,Loreto,Zacatecas
98833,Santa Cruz,Loreto,Zacatecas
98833,San Marcos II,Loreto,Zacatecas
98833,Revolución,Loreto,Zacatecas
98834,Torres,Loreto,Zacatecas
98834,La Martinica II,Loreto,Zacatecas
98834,La Martinica I,Loreto,Zacatecas
98834,Minera,Loreto,Zacatecas
98835,Reforma,Loreto,Zacatecas
98835,Vega,Loreto,Zacatecas
98836,Llanos de San Miguel,Loreto,Zacatecas
98837,San Manuel,Loreto,Zacatecas
98837,San Francisco,Loreto,Zacatecas
98837,Esmeralda,Loreto,Zacatecas
98838,Valle de Loreto,Loreto,Zacatecas
98838,El Socorro,Loreto,Zacatecas
98838,Lázaro Cárdenas,Loreto,Zacatecas
98838,Herrada,Loreto,Zacatecas
98838,Los Pirules,Loreto,Zacatecas
98839,San Agusín,Loreto,Zacatecas
98839,La Victoria,Loreto,Zacatecas
98839,Escobedo,Loreto,Zacatecas
98839,Los Puentes,Loreto,Zacatecas
98839,Arboledas,Loreto,Zacatecas
98839,Arenas,Loreto,Zacatecas
98840,Villa González Ortega,Villa González Ortega,Zacatecas
98850,Bajío de San Nicolás,Villa González Ortega,Zacatecas
98870,Estancia de Animas,Villa González Ortega,Zacatecas
98880,Maravillas,Noria de Ángeles,Zacatecas
98880,Noria de Angeles,Noria de Ángeles,Zacatecas
98880,El Rascon,Noria de Ángeles,Zacatecas
98880,Playas Del Refugio,Noria de Ángeles,Zacatecas
98890,Gral. Guadalupe Victoria O La Honda,Noria de Ángeles,Zacatecas
98890,Granjas de Guadalupe,Noria de Ángeles,Zacatecas
98890,Ignacio Zaragoza,Noria de Ángeles,Zacatecas
98890,San Francisco,Noria de Ángeles,Zacatecas
98900,El Arenal,Villa García,Zacatecas
98900,Villa Garcia Centro,Villa García,Zacatecas
98900,Villa Flores,Villa García,Zacatecas
98905,Agua Gordita,Villa García,Zacatecas
98910,Agua Gorda,Villa García,Zacatecas
98918,Montesa,Villa García,Zacatecas
98919,Los Campos,Villa García,Zacatecas
98920,Sierra de Pinos,Pinos,Zacatecas
98920,La Plazuela,Pinos,Zacatecas
98920,Santa Cecilia,Pinos,Zacatecas
98920,Bachilleres,Pinos,Zacatecas
98920,H. Ayuntamiento,Pinos,Zacatecas
98920,Magisterial,Pinos,Zacatecas
98920,Centro,Pinos,Zacatecas
98920,Tlaxcala,Pinos,Zacatecas
98920,Los Arquitos,Pinos,Zacatecas
98921,La Victoria,Pinos,Zacatecas
98925,Las Mezclitas (La Mezclita),Pinos,Zacatecas
98930,Espiritu Santo,Pinos,Zacatecas
98931,Santa Gertrudis,Pinos,Zacatecas
98933,La Encarnación,Pinos,Zacatecas
98933,Las Cabras,Pinos,Zacatecas
98936,Guadalupe Victoria (Tierra Bofa),Pinos,Zacatecas
98940,Santa Ana,Pinos,Zacatecas
98940,Santiago,Pinos,Zacatecas
98940,Saldaña,Pinos,Zacatecas
98941,Trinidad Norte,Pinos,Zacatecas
98942,La Pendencia,Pinos,Zacatecas
98942,Tolosa,Pinos,Zacatecas
98950,El Nigromante,Pinos,Zacatecas
98951,El Obraje,Pinos,Zacatecas
98951,Laborcilla,Pinos,Zacatecas
98955,Jaltomate,Pinos,Zacatecas
98959,Estancia de Guadalupe,Pinos,Zacatecas
98959,San Manuel,Pinos,Zacatecas
98959,El Pedregoso,Pinos,Zacatecas
98959,La Lobena,Pinos,Zacatecas
98960,Jose Maria Pino Suárez,Pinos,Zacatecas
98960,La Estrella,Pinos,Zacatecas
98960,El Mezquite,Pinos,Zacatecas
98961,Santa Elena,Pinos,Zacatecas
98965,La Cruz,Pinos,Zacatecas
98969,Cieneguilla,Pinos,Zacatecas
98969,San Martin,Pinos,Zacatecas
98970,El Sitio,Pinos,Zacatecas
98971,Jaula de Abajo,Pinos,Zacatecas
98971,Jaula de Arriba,Pinos,Zacatecas
98971,Agua Grande de los Patos,Pinos,Zacatecas
98971,Jaulillas,Pinos,Zacatecas
98974,Los Encinitos,Pinos,Zacatecas
98979,Ojo de Agua de La Palma,Pinos,Zacatecas
98980,La Ballena,Villa Hidalgo,Zacatecas
98980,San Agustin,Villa Hidalgo,Zacatecas
98986,Refugio,Villa Hidalgo,Zacatecas
98988,Purísima Del Rocio O El Rocio,Villa Hidalgo,Zacatecas
98990,Villa Hidalgo Centro,Villa Hidalgo,Zacatecas
98994,Francisco E. García,Villa Hidalgo,Zacatecas
98995,Nueva,Villa Hidalgo,Zacatecas
99000,Fresnillo Centro,Fresnillo,Zacatecas
99010,Solidaridad,Fresnillo,Zacatecas
99010,Emiliano Zapata,Fresnillo,Zacatecas
99010,Lomas del Mineral,Fresnillo,Zacatecas
99010,Napoleón Gómez Sada,Fresnillo,Zacatecas
99011,Lomas de Plateros,Fresnillo,Zacatecas
99013,Sector Popular,Fresnillo,Zacatecas
99013,Plutarco Elias Calles,Fresnillo,Zacatecas
99014,Francisco I Madero,Fresnillo,Zacatecas
99014,Plan de Ayala,Fresnillo,Zacatecas
99014,Petroleos Mexicanos,Fresnillo,Zacatecas
99014,Azteca,Fresnillo,Zacatecas
99014,Patria y Libertad,Fresnillo,Zacatecas
99014,Ampliación Azteca,Fresnillo,Zacatecas
99014,Lázaro Cárdenas,Fresnillo,Zacatecas
99014,Nueva Esperanza,Fresnillo,Zacatecas
99020,Benito Juárez,Fresnillo,Zacatecas
99020,Magisterial,Fresnillo,Zacatecas
99020,Tecnológica,Fresnillo,Zacatecas
99020,Francisco Goytia INFONAVIT,Fresnillo,Zacatecas
99020,El Fresno,Fresnillo,Zacatecas
99030,El Parque,Fresnillo,Zacatecas
99030,Las Américas,Fresnillo,Zacatecas
99030,Industrial,Fresnillo,Zacatecas
99030,Buenos Aires,Fresnillo,Zacatecas
99030,San Miguel,Fresnillo,Zacatecas
99033,Ejidal 3,Fresnillo,Zacatecas
99034,La Joya,Fresnillo,Zacatecas
99034,Lienzo Charro,Fresnillo,Zacatecas
99034,Miguel Hidalgo,Fresnillo,Zacatecas
99036,Luis Donaldo Colosio,Fresnillo,Zacatecas
99039,Lindavista,Fresnillo,Zacatecas
99039,Universidad,Fresnillo,Zacatecas
99040,Lasalle,Fresnillo,Zacatecas
99040,Jose Maria Vázquez,Fresnillo,Zacatecas
99040,Del Policía,Fresnillo,Zacatecas
99040,Periodistas,Fresnillo,Zacatecas
99049,18 de Julio Indeco,Fresnillo,Zacatecas
99050,Jesús Gonzalez Ortega,Fresnillo,Zacatecas
99050,Del Fresno,Fresnillo,Zacatecas
99050,Las Flores,Fresnillo,Zacatecas
99050,Obrera Norte,Fresnillo,Zacatecas
99054,Las Haciendas,Fresnillo,Zacatecas
99054,Huertas de Abajo,Fresnillo,Zacatecas
99054,Francisco Villa,Fresnillo,Zacatecas
99054,Ecología,Fresnillo,Zacatecas
99055,Del Sol,Fresnillo,Zacatecas
99056,Los Balcones,Fresnillo,Zacatecas
99056,Parque Industrial Fresnillo,Fresnillo,Zacatecas
99056,Real de Fresnillo,Fresnillo,Zacatecas
99056,Arboledas,Fresnillo,Zacatecas
99056,Felipe Angeles,Fresnillo,Zacatecas
99056,Villas de Plateros,Fresnillo,Zacatecas
99060,Lagunilla,Fresnillo,Zacatecas
99070,El Olivar Manuel M. Ponce,Fresnillo,Zacatecas
99070,Barrio Alto,Fresnillo,Zacatecas
99080,Real de Minas,Fresnillo,Zacatecas
99080,El Vergel,Fresnillo,Zacatecas
99080,La Paz,Fresnillo,Zacatecas
99080,Esparza,Fresnillo,Zacatecas
99080,Lomas de La Fortuna,Fresnillo,Zacatecas
99080,Fortuna,Fresnillo,Zacatecas
99080,FOVISSSTE Lic. Roque Estrada,Fresnillo,Zacatecas
99084,Los Sotoles,Fresnillo,Zacatecas
99084,Ejidal 4,Fresnillo,Zacatecas
99084,Del Valle,Fresnillo,Zacatecas
99089,Minera,Fresnillo,Zacatecas
99090,Electricistas,Fresnillo,Zacatecas
99090,Maravillas,Fresnillo,Zacatecas
99094,Los Olivos,Fresnillo,Zacatecas
99094,Victoria,Fresnillo,Zacatecas
99094,Muralista,Fresnillo,Zacatecas
99094,Magisterial,Fresnillo,Zacatecas
99094,Polvaderas,Fresnillo,Zacatecas
99094,San Felipe,Fresnillo,Zacatecas
99094,Impresionistas,Fresnillo,Zacatecas
99094,Magisterio Unido,Fresnillo,Zacatecas
99094,Del Bosque,Fresnillo,Zacatecas
99094,Mesoamerica,Fresnillo,Zacatecas
99094,Providencia,Fresnillo,Zacatecas
99095,Villas del Campestre,Fresnillo,Zacatecas
99099,Jesús Gonzalez Ortega,Fresnillo,Zacatecas
99099,Venustiano Carranza,Fresnillo,Zacatecas
99099,Villas Jardín,Fresnillo,Zacatecas
99100,Sombrerete Centro,Sombrerete,Zacatecas
99102,Lopez Mateos,Sombrerete,Zacatecas
99102,Loma La Colorada,Sombrerete,Zacatecas
99102,El Sombreretillo,Sombrerete,Zacatecas
99102,La Soledad,Sombrerete,Zacatecas
99102,La Purísima,Sombrerete,Zacatecas
99102,Sombreretillo,Sombrerete,Zacatecas
99102,El Coronel,Sombrerete,Zacatecas
99102,La Perla,Sombrerete,Zacatecas
99102,Lopez Mateos,Sombrerete,Zacatecas
99102,La Urbaleja y los Músicos,Sombrerete,Zacatecas
99103,El Cerrito de Guadalupe,Sombrerete,Zacatecas
99103,Industrial,Sombrerete,Zacatecas
99103,San Pedro,Sombrerete,Zacatecas
99103,La Caridad y La Huerta,Sombrerete,Zacatecas
99103,Las Escobillas,Sombrerete,Zacatecas
99103,División del Norte,Sombrerete,Zacatecas
99103,Del Oro,Sombrerete,Zacatecas
99103,La Cueva,Sombrerete,Zacatecas
99103,El Chepinque,Sombrerete,Zacatecas
99103,Santo Domingo,Sombrerete,Zacatecas
99103,Huerta de los Santos Niños,Sombrerete,Zacatecas
99103,Santa Rosa,Sombrerete,Zacatecas
99104,Lomas Del Consuelo,Sombrerete,Zacatecas
99104,La Palmilla,Sombrerete,Zacatecas
99104,El Ranchito,Sombrerete,Zacatecas
99104,El Consuelo,Sombrerete,Zacatecas
99104,La Pila,Sombrerete,Zacatecas
99104,El Peñasco,Sombrerete,Zacatecas
99104,Infonavit II,Sombrerete,Zacatecas
99104,La Blanca,Sombrerete,Zacatecas
99104,La Santiaga,Sombrerete,Zacatecas
99104,Fovissste,Sombrerete,Zacatecas
99104,Huertas Grandes,Sombrerete,Zacatecas
99104,Infonavit I,Sombrerete,Zacatecas
99106,Frió,Sombrerete,Zacatecas
99106,Álvaro Obregón,Sombrerete,Zacatecas
99109,Ojo de Agua Calabazal,Sombrerete,Zacatecas
99109,San Martin,Sombrerete,Zacatecas
99109,Villa Insurgentes,Sombrerete,Zacatecas
99109,Santa Rita,Sombrerete,Zacatecas
99109,San Jose de Félix,Sombrerete,Zacatecas
99109,Jose Maria Morelos,Sombrerete,Zacatecas
99110,Ignacio Zaragoza,Sombrerete,Zacatecas
99110,Gonzalez Ortega,Sombrerete,Zacatecas
99110,Hidalgo,Sombrerete,Zacatecas
99110,Felipe Ángeles,Sombrerete,Zacatecas
99110,Francisco Murguía,Sombrerete,Zacatecas
99113,Charco Blanco,Sombrerete,Zacatecas
99115,Salas Pérez,Sombrerete,Zacatecas
99119,Flores Garcia,Sombrerete,Zacatecas
99119,Benito Juárez,Sombrerete,Zacatecas
99119,Ignacio Allende,Sombrerete,Zacatecas
99119,Cuauhtémoc,Sombrerete,Zacatecas
99120,Lo de Mena,Sombrerete,Zacatecas
99120,Los Corrales,Sombrerete,Zacatecas
99121,Menonita,Sombrerete,Zacatecas
99121,Refugio de los Pozos,Sombrerete,Zacatecas
99121,Estancia de Guadalupe,Sombrerete,Zacatecas
99121,Felipe Ángeles (La Estancia),Sombrerete,Zacatecas
99121,Mesillas,Sombrerete,Zacatecas
99128,San Jose de Ranchos,Sombrerete,Zacatecas
99128,San Juan de La Tapia,Sombrerete,Zacatecas
99129,Vergelitos,Sombrerete,Zacatecas
99130,Jose Maria Morelos,Sain Alto,Zacatecas
99130,Sain Bajo,Sain Alto,Zacatecas
99130,San Antonio,Sain Alto,Zacatecas
99130,Sain Alto,Sain Alto,Zacatecas
99130,Barrancas,Sain Alto,Zacatecas
99130,Rio de Medina,Sain Alto,Zacatecas
99132,El Cazadero,Sain Alto,Zacatecas
99138,Santa Eduviges,Sain Alto,Zacatecas
99138,Laguna Blanca,Sain Alto,Zacatecas
99140,Cantuna,Sain Alto,Zacatecas
99140,Cantuna Sur,Sain Alto,Zacatecas
99140,Cantuna Norte,Sain Alto,Zacatecas
99141,Cañas,Sain Alto,Zacatecas
99141,Luis Moya,Sain Alto,Zacatecas
99141,Emiliano Zapata,Sain Alto,Zacatecas
99150,Carrillo,Fresnillo,Zacatecas
99150,Miguel Hidalgo,Fresnillo,Zacatecas
99150,El Modelo,Fresnillo,Zacatecas
99150,El Pardillo Tercero,Fresnillo,Zacatecas
99150,Las Catarinas,Fresnillo,Zacatecas
99150,Santiaguillo,Fresnillo,Zacatecas
99150,Los Chilitos,Fresnillo,Zacatecas
99150,Fresnillo,Fresnillo,Zacatecas
99150,El Pardillo Primero,Fresnillo,Zacatecas
99150,El Pardillo Segundo,Fresnillo,Zacatecas
99150,Purísima del Maguey,Fresnillo,Zacatecas
99154,Santa Ana,Fresnillo,Zacatecas
99158,Plateros,Fresnillo,Zacatecas
99159,Chichimequillas,Fresnillo,Zacatecas
99160,Vicente Guerrero,Fresnillo,Zacatecas
99160,Francisco I Madero,Fresnillo,Zacatecas
99160,La Casita,Fresnillo,Zacatecas
99160,El Centro,Fresnillo,Zacatecas
99160,Vasco de Quiroga,Fresnillo,Zacatecas
99170,Baluarte,Fresnillo,Zacatecas
99170,Montemariana (Colonia Mariana),Fresnillo,Zacatecas
99170,6 de Enero,Fresnillo,Zacatecas
99170,Jose Maria Morelos,Fresnillo,Zacatecas
99170,San Ignacio,Fresnillo,Zacatecas
99170,Rio Florido,Fresnillo,Zacatecas
99178,Plenitud,Fresnillo,Zacatecas
99178,Los Álamos,Fresnillo,Zacatecas
99178,San Vicente de Plenitud (San Vicente),Fresnillo,Zacatecas
99179,Tapias de Santa Cruz,Fresnillo,Zacatecas
99179,El Salto,Fresnillo,Zacatecas
99179,El Epazote,Fresnillo,Zacatecas
99180,Gutiérrez,Fresnillo,Zacatecas
99182,El Mezquite (Gumercindo Martínez Rodríguez),Fresnillo,Zacatecas
99188,Altamira,Fresnillo,Zacatecas
99188,Rancho Grande,Fresnillo,Zacatecas
99188,San Pablo de Rancho Grande,Fresnillo,Zacatecas
99189,San José de Lourdes,Fresnillo,Zacatecas
99190,Matías Ramos,Fresnillo,Zacatecas
99190,Guadalupe de Trujillo,Fresnillo,Zacatecas
99190,Santa Rosa,Fresnillo,Zacatecas
99190,Agrícola Guanajuato,Fresnillo,Zacatecas
99190,San Isidro de Cabrales,Fresnillo,Zacatecas
99198,Labor de Santa Bárbara,Fresnillo,Zacatecas
99199,San Jose Del Rio,Fresnillo,Zacatecas
99199,Trujillo,Fresnillo,Zacatecas
99200,Cruces,Valparaíso,Zacatecas
99200,El Resbalón,Valparaíso,Zacatecas
99200,Capulín de la Sierra,Valparaíso,Zacatecas
99200,El Tejujan,Valparaíso,Zacatecas
99200,El Astillero,Valparaíso,Zacatecas
99200,Mimbres,Valparaíso,Zacatecas
99200,San Miguel,Valparaíso,Zacatecas
99200,Trojes,Valparaíso,Zacatecas
99200,Tejones,Valparaíso,Zacatecas
99201,San Jose Del Vergel,Valparaíso,Zacatecas
99202,Vicente Escudero,Valparaíso,Zacatecas
99203,Felipe Angeles,Valparaíso,Zacatecas
99206,La Pila de Las Oscuras (La Pila),Valparaíso,Zacatecas
99208,San Antonio de Padua,Valparaíso,Zacatecas
99209,Potrero de Gallego,Valparaíso,Zacatecas
99210,Milpillas de La Sierra,Valparaíso,Zacatecas
99220,Caracoles y Anexas,Valparaíso,Zacatecas
99220,San Mateo,Valparaíso,Zacatecas
99225,Peñitas de San Mateo,Valparaíso,Zacatecas
99230,Lobatos,Valparaíso,Zacatecas
99230,Mala Noche,Valparaíso,Zacatecas
99231,Xoconoxtle,Valparaíso,Zacatecas
99237,Cueva Grande,Valparaíso,Zacatecas
99238,Boquilla del Refugio,Valparaíso,Zacatecas
99239,San Jose de Llanetes,Valparaíso,Zacatecas
99240,San Juan Capistrano,Valparaíso,Zacatecas
99250,Valparaíso Centro,Valparaíso,Zacatecas
99252,Santo Domingo,Valparaíso,Zacatecas
99252,Las Rosas,Valparaíso,Zacatecas
99252,La Viña,Valparaíso,Zacatecas
99252,La Lagunilla,Valparaíso,Zacatecas
99253,Simon Bolívar,Valparaíso,Zacatecas
99253,La Joyita,Valparaíso,Zacatecas
99253,El Panalito,Valparaíso,Zacatecas
99253,Ameca,Valparaíso,Zacatecas
99253,Agua Fría,Valparaíso,Zacatecas
99254,El Lago,Valparaíso,Zacatecas
99254,Mesita Del Valle,Valparaíso,Zacatecas
99254,Lomas Del Valle,Valparaíso,Zacatecas
99254,Ranchito de La Cruz,Valparaíso,Zacatecas
99254,Los Guerreros,Valparaíso,Zacatecas
99254,Magisterial,Valparaíso,Zacatecas
99254,Alameda,Valparaíso,Zacatecas
99254,Francisco I Madero,Valparaíso,Zacatecas
99255,Ranchito Del Tanque,Valparaíso,Zacatecas
99255,Los Nogales,Valparaíso,Zacatecas
99256,Del Refugio,Valparaíso,Zacatecas
99256,La Lentejita,Valparaíso,Zacatecas
99256,Puerta de Cadena Del Sur,Valparaíso,Zacatecas
99257,Emiliano Zapata,Valparaíso,Zacatecas
99257,Sierra Dorada,Valparaíso,Zacatecas
99257,Mauro Talamantes,Valparaíso,Zacatecas
99257,Bellavista,Valparaíso,Zacatecas
99257,Santa Rita,Valparaíso,Zacatecas
99257,Buenavista,Valparaíso,Zacatecas
99257,México,Valparaíso,Zacatecas
99257,Enrique Estrada,Valparaíso,Zacatecas
99258,Las Américas,Valparaíso,Zacatecas
99258,Cumbres Del Valle,Valparaíso,Zacatecas
99258,El Pedregal,Valparaíso,Zacatecas
99258,Deportiva,Valparaíso,Zacatecas
99259,El Vallecito,Valparaíso,Zacatecas
99259,Atotonilco,Valparaíso,Zacatecas
99259,Lomas Del Paraíso,Valparaíso,Zacatecas
99260,Colorada,Chalchihuites,Zacatecas
99260,Chalchihuites,Chalchihuites,Zacatecas
99260,Jose Maria Morelos,Chalchihuites,Zacatecas
99270,Canutillo,Chalchihuites,Zacatecas
99270,San Jose de Buenavista,Chalchihuites,Zacatecas
99279,Gualterio,Chalchihuites,Zacatecas
99280,Jimenez Del Teul,Jiménez del Teul,Zacatecas
99300,Barrio Nuevo,Jerez,Zacatecas
99300,Jerez Centro,Jerez,Zacatecas
99310,Guadalupe,Jerez,Zacatecas
99311,Magisterial,Jerez,Zacatecas
99312,CTM,Jerez,Zacatecas
99312,El Vergel,Jerez,Zacatecas
99312,El Durazno,Jerez,Zacatecas
99312,Magisterial III,Jerez,Zacatecas
99313,Organización Campesina,Jerez,Zacatecas
99313,Jardines de La Victoria,Jerez,Zacatecas
99313,El Duraznillo,Jerez,Zacatecas
99313,Olimpia,Jerez,Zacatecas
99313,Organización Campesina,Jerez,Zacatecas
99314,Cervantes Corona,Jerez,Zacatecas
99315,Las Palmas,Jerez,Zacatecas
99316,Matías Ramos,Jerez,Zacatecas
99316,Frente Popular Norte,Jerez,Zacatecas
99316,Patria Nueva,Jerez,Zacatecas
99316,Infonavit El Molino Plan Maestro,Jerez,Zacatecas
99316,Frente Popular Sur,Jerez,Zacatecas
99316,Ciénega,Jerez,Zacatecas
99320,Guadalupe,Jerez,Zacatecas
99320,Las Huertas,Jerez,Zacatecas
99320,Zaragoza,Jerez,Zacatecas
99322,Jerez,Jerez,Zacatecas
99322,Candelario Huizar,Jerez,Zacatecas
99322,Magisterial II,Jerez,Zacatecas
99323,Villas de San Isidro,Jerez,Zacatecas
99323,Popular Del Sol,Jerez,Zacatecas
99323,San Isidro,Jerez,Zacatecas
99323,Camino Real,Jerez,Zacatecas
99323,Las Américas,Jerez,Zacatecas
99323,Candelario Huizar,Jerez,Zacatecas
99323,Azteca,Jerez,Zacatecas
99323,Don Durito,Jerez,Zacatecas
99323,P.R.D.,Jerez,Zacatecas
99323,Valle Real,Jerez,Zacatecas
99323,Deportivo II,Jerez,Zacatecas
99324,El Valle,Jerez,Zacatecas
99330,Nuevo,Jerez,Zacatecas
99330,San Pedro,Jerez,Zacatecas
99340,Nueva Reforma,Jerez,Zacatecas
99340,Banrural,Jerez,Zacatecas
99340,Los Sauces,Jerez,Zacatecas
99340,Constituyentes,Jerez,Zacatecas
99340,San Francisco,Jerez,Zacatecas
99340,Lagunita,Jerez,Zacatecas
99342,Villa Flavia,Jerez,Zacatecas
99343,Artesanos,Jerez,Zacatecas
99344,Infonavit El Cortijo,Jerez,Zacatecas
99344,Bosques,Jerez,Zacatecas
99344,La Cruz,Jerez,Zacatecas
99350,Lo de Taura,Jerez,Zacatecas
99350,Ejido de Ciénega,Jerez,Zacatecas
99350,Carlos,Jerez,Zacatecas
99350,Chulavista,Jerez,Zacatecas
99350,Loma Dorada,Jerez,Zacatecas
99350,Unión Santa Cruz,Jerez,Zacatecas
99352,Montecillo,Jerez,Zacatecas
99352,Concepción,Jerez,Zacatecas
99353,El Molino,Jerez,Zacatecas
99353,Granjas El Molino,Jerez,Zacatecas
99360,Niños Héroes,Jerez,Zacatecas
99360,Justo Sierra,Jerez,Zacatecas
99360,Las Quintas,Jerez,Zacatecas
99360,Alamedas,Jerez,Zacatecas
99360,Real Del Valle,Jerez,Zacatecas
99360,INFONAVIT II,Jerez,Zacatecas
99361,Alameda Parque,Jerez,Zacatecas
99362,Pedregal,Jerez,Zacatecas
99362,Deportivo,Jerez,Zacatecas
99362,La Noria,Jerez,Zacatecas
99363,Guadalajara,Jerez,Zacatecas
99363,Caxcán,Jerez,Zacatecas
99363,Los Cardos,Jerez,Zacatecas
99363,Hidráulica,Jerez,Zacatecas
99370,20 de Noviembre,Jerez,Zacatecas
99370,Villa Fontana,Jerez,Zacatecas
99379,Huertas San Jose,Jerez,Zacatecas
99380,Lopez Mateos,Jerez,Zacatecas
99380,Las Artes,Jerez,Zacatecas
99380,Obrera,Jerez,Zacatecas
99380,Modelo,Jerez,Zacatecas
99380,Fuenzanto,Jerez,Zacatecas
99382,Las Brisas,Jerez,Zacatecas
99382,Jardín del Álamo,Jerez,Zacatecas
99382,Delicias,Jerez,Zacatecas
99382,Los Pinos,Jerez,Zacatecas
99389,Baño Nuevo,Jerez,Zacatecas
99389,Mercaderes,Jerez,Zacatecas
99389,Ladrillera,Jerez,Zacatecas
99390,Jardines de Ramon Lopez Velarde,Jerez,Zacatecas
99390,Jardines de Jerez,Jerez,Zacatecas
99390,Fovissste,Jerez,Zacatecas
99390,Rancho Los Arquitos,Jerez,Zacatecas
99390,Álamos,Jerez,Zacatecas
99392,Granjas,Jerez,Zacatecas
99392,Cnop,Jerez,Zacatecas
99393,Alamitos,Jerez,Zacatecas
99400,Monte Escobedo Centro,Monte Escobedo,Zacatecas
99400,La Palma,Monte Escobedo,Zacatecas
99400,La Loma (Manuel M. Ponce),Monte Escobedo,Zacatecas
99400,Las Mesitas,Monte Escobedo,Zacatecas
99403,San Antonio de Abajo,Monte Escobedo,Zacatecas
99410,Adjuntas Del Refugio,Monte Escobedo,Zacatecas
99420,Laguna Grande,Monte Escobedo,Zacatecas
99430,Maria de La Torre,Monte Escobedo,Zacatecas
99436,Berrendos,Monte Escobedo,Zacatecas
99440,Miguel Hidalgo,Jerez,Zacatecas
99440,Los Félix,Jerez,Zacatecas
99440,Vicente Guerrero,Jerez,Zacatecas
99442,Sáuz de los Garcia de Abajo,Jerez,Zacatecas
99443,Ermita de los Correa,Jerez,Zacatecas
99447,El Durazno,Jerez,Zacatecas
99447,Los Haro,Jerez,Zacatecas
99454,San Isidro Del Salto,Jerez,Zacatecas
99456,Los Garcia,Jerez,Zacatecas
99457,La Ciénega,Jerez,Zacatecas
99458,Lo de Nava,Jerez,Zacatecas
99458,Santa Rita (Luis Moya),Jerez,Zacatecas
99460,Tetillas,Jerez,Zacatecas
99467,Nuevo,Jerez,Zacatecas
99467,Ermita de Guadalupe,Jerez,Zacatecas
99468,El Huejote,Jerez,Zacatecas
99469,Los Ríos,Jerez,Zacatecas
99471,Cieneguitas de Fernandez,Jerez,Zacatecas
99473,Palmas Altas,Jerez,Zacatecas
99473,Guadalupe Victoria (El Yegue),Jerez,Zacatecas
99473,Sarabia,Jerez,Zacatecas
99474,Monte de los García,Jerez,Zacatecas
99474,Villa Hermosa,Jerez,Zacatecas
99476,El Cargadero,Jerez,Zacatecas
99476,Rio Florido,Jerez,Zacatecas
99478,El Centro,Jerez,Zacatecas
99479,Jomulquillo,Jerez,Zacatecas
99480,Susticacán,Susticacán,Zacatecas
99500,El Tigre,Villanueva,Zacatecas
99500,El Salto,Villanueva,Zacatecas
99500,Laguna Del Carretero,Villanueva,Zacatecas
99500,Tarasco,Villanueva,Zacatecas
99506,El Jagüey,Villanueva,Zacatecas
99510,Malpaso,Villanueva,Zacatecas
99510,El Fuerte,Villanueva,Zacatecas
99520,Gral. Francisco Murguía,Villanueva,Zacatecas
99520,Felipe Angeles,Villanueva,Zacatecas
99523,El Saucito,Villanueva,Zacatecas
99530,El Vergel,Villanueva,Zacatecas
99530,Atitanac,Villanueva,Zacatecas
99530,La Quemada,Villanueva,Zacatecas
99540,Villanueva Centro,Villanueva,Zacatecas
99542,Magisterial I,Villanueva,Zacatecas
99542,De los Varela,Villanueva,Zacatecas
99542,Panames Escobedo,Villanueva,Zacatecas
99542,Gutiérrez del Águila,Villanueva,Zacatecas
99542,Beisbolera,Villanueva,Zacatecas
99543,De Santa Gertrudis,Villanueva,Zacatecas
99544,De los Ramirez,Villanueva,Zacatecas
99544,De Guadalupe,Villanueva,Zacatecas
99544,Tadeo,Villanueva,Zacatecas
99545,Lindavista,Villanueva,Zacatecas
99545,Los Geranios,Villanueva,Zacatecas
99545,Flores Del Pedregal,Villanueva,Zacatecas
99545,Santa Anita,Villanueva,Zacatecas
99545,Arboledas,Villanueva,Zacatecas
99545,Del Panteón,Villanueva,Zacatecas
99545,Sierra Nevada,Villanueva,Zacatecas
99546,Magisterial III,Villanueva,Zacatecas
99546,Arroyo Del Tigre,Villanueva,Zacatecas
99546,Lomas Doradas,Villanueva,Zacatecas
99546,Loma de Tlalpan,Villanueva,Zacatecas
99546,Magisterial II (centenario),Villanueva,Zacatecas
99546,Rescodillo,Villanueva,Zacatecas
99546,Lomas Verdes,Villanueva,Zacatecas
99547,Nueva,Villanueva,Zacatecas
99547,Colosio,Villanueva,Zacatecas
99547,Lomas Del Diezmo,Villanueva,Zacatecas
99550,La Encarnación,Villanueva,Zacatecas
99552,Tuxtuac,Villanueva,Zacatecas
99559,Gustavo Díaz Ordaz,Villanueva,Zacatecas
99559,Adolfo Lopez Mateos,Villanueva,Zacatecas
99560,Tayahua,Villanueva,Zacatecas
99560,Lindavista,Villanueva,Zacatecas
99570,El Cuidado,Tepetongo,Zacatecas
99570,El Salitre,Tepetongo,Zacatecas
99570,América,Tepetongo,Zacatecas
99570,Chihuahua,Tepetongo,Zacatecas
99570,Tepetongo,Tepetongo,Zacatecas
99570,Víboras,Tepetongo,Zacatecas
99580,Juanchorrey,Tepetongo,Zacatecas
99581,Aparicios,Tepetongo,Zacatecas
99581,Buenavista,Tepetongo,Zacatecas
99590,Gral. Joaquín Amaro,El Plateado de Joaquín Amaro,Zacatecas
99592,Antonio R Vela,El Plateado de Joaquín Amaro,Zacatecas
99593,San Antonio de La Calera,El Plateado de Joaquín Amaro,Zacatecas
99600,El Rosario,Jalpa,Zacatecas
99600,Jalpa Centro,Jalpa,Zacatecas
99600,Sagrado Corazón,Jalpa,Zacatecas
99602,Mesa del Santo,Jalpa,Zacatecas
99602,Lindavista,Jalpa,Zacatecas
99603,San Antonio,Jalpa,Zacatecas
99603,De La Cruz,Jalpa,Zacatecas
99603,Juárez,Jalpa,Zacatecas
99603,Parque La Mezquitera,Jalpa,Zacatecas
99605,Del Sol,Jalpa,Zacatecas
99606,Hidalgo,Jalpa,Zacatecas
99606,Jacarandas,Jalpa,Zacatecas
99606,Tia Rita,Jalpa,Zacatecas
99606,Quinta Chilla,Jalpa,Zacatecas
99606,Del Carmen,Jalpa,Zacatecas
99607,Reforma,Jalpa,Zacatecas
99607,Caxcán,Jalpa,Zacatecas
99607,Arroyo Blanco,Jalpa,Zacatecas
99608,Lomas Del Valle,Jalpa,Zacatecas
99608,Fovissste,Jalpa,Zacatecas
99608,Loma Arroyo Blanco,Jalpa,Zacatecas
99608,Morelos,Jalpa,Zacatecas
99608,Revolución,Jalpa,Zacatecas
99609,SARH,Jalpa,Zacatecas
99609,Obrera,Jalpa,Zacatecas
99609,Santa Cecilia,Jalpa,Zacatecas
99609,Toma de Zacatecas,Jalpa,Zacatecas
99609,Loma de San Antonio,Jalpa,Zacatecas
99609,Guerrero,Jalpa,Zacatecas
99609,Lomas de Chapultepec,Jalpa,Zacatecas
99609,Jardines de San José,Jalpa,Zacatecas
99609,Magisterial,Jalpa,Zacatecas
99620,Guadalupe Victoria,Jalpa,Zacatecas
99624,El Rodeo,Jalpa,Zacatecas
99630,Lomas de Solidaridad,Tabasco,Zacatecas
99630,Benito Juárez,Tabasco,Zacatecas
99630,Tenanguillo,Tabasco,Zacatecas
99630,Arboledas,Tabasco,Zacatecas
99630,La Capilla,Tabasco,Zacatecas
99630,Magisterial,Tabasco,Zacatecas
99630,El Refugio,Tabasco,Zacatecas
99630,Linda Vista,Tabasco,Zacatecas
99630,Monasterios,Tabasco,Zacatecas
99630,Tabasco,Tabasco,Zacatecas
99630,Del Parque,Tabasco,Zacatecas
99630,Cosalimita,Tabasco,Zacatecas
99630,Balconcitos,Tabasco,Zacatecas
99630,El Jaralillo,Tabasco,Zacatecas
99630,Huiscolco,Tabasco,Zacatecas
99630,San Luis de Custique,Tabasco,Zacatecas
99630,Secundaria,Tabasco,Zacatecas
99630,Barrio San Nicolás,Tabasco,Zacatecas
99630,Barrio San Jose,Tabasco,Zacatecas
99644,San Francisco,Tabasco,Zacatecas
99650,Santiago,Tabasco,Zacatecas
99670,Huanusco,Huanusco,Zacatecas
99670,La Luz,Huanusco,Zacatecas
99670,Lindavista,Huanusco,Zacatecas
99700,Morones,Tlaltenango de Sánchez Román,Zacatecas
99700,Hidráulica,Tlaltenango de Sánchez Román,Zacatecas
99700,Las Goteras,Tlaltenango de Sánchez Román,Zacatecas
99700,Militar,Tlaltenango de Sánchez Román,Zacatecas
99700,La Haciendita,Tlaltenango de Sánchez Román,Zacatecas
99700,Tlaltenango de Sanchez Román,Tlaltenango de Sánchez Román,Zacatecas
99700,Valle Verde,Tlaltenango de Sánchez Román,Zacatecas
99700,Brisas Del Rio,Tlaltenango de Sánchez Román,Zacatecas
99700,San Pascual,Tlaltenango de Sánchez Román,Zacatecas
99700,Las Moritas,Tlaltenango de Sánchez Román,Zacatecas
99700,Los Guapos,Tlaltenango de Sánchez Román,Zacatecas
99700,San Antonio,Tlaltenango de Sánchez Román,Zacatecas
99700,Independencia,Tlaltenango de Sánchez Román,Zacatecas
99700,Las Conchas,Tlaltenango de Sánchez Román,Zacatecas
99700,Buena Vista,Tlaltenango de Sánchez Román,Zacatecas
99700,Arboledas,Tlaltenango de Sánchez Román,Zacatecas
99700,Lomas Del Country,Tlaltenango de Sánchez Román,Zacatecas
99700,Santo Santiago,Tlaltenango de Sánchez Román,Zacatecas
99700,Lomas Del Calvario,Tlaltenango de Sánchez Román,Zacatecas
99700,Las Lomitas,Tlaltenango de Sánchez Román,Zacatecas
99700,Hacienda Real,Tlaltenango de Sánchez Román,Zacatecas
99700,Los Ramos,Tlaltenango de Sánchez Román,Zacatecas
99700,Tabachines,Tlaltenango de Sánchez Román,Zacatecas
99702,Lomas de Caxcanes,Tlaltenango de Sánchez Román,Zacatecas
99703,Santo Niño (La Sauceda),Tlaltenango de Sánchez Román,Zacatecas
99704,La Palma,Tlaltenango de Sánchez Román,Zacatecas
99705,Salazares,Tlaltenango de Sánchez Román,Zacatecas
99707,Cicacalco,Tlaltenango de Sánchez Román,Zacatecas
99720,La Esperanza,Momax,Zacatecas
99720,Momax,Momax,Zacatecas
99720,Nueva,Momax,Zacatecas
99730,Los Pinos,Atolinga,Zacatecas
99730,Atolinga,Atolinga,Zacatecas
99733,Salisflor,Atolinga,Zacatecas
99733,Terreros,Atolinga,Zacatecas
99733,Juantón,Atolinga,Zacatecas
99733,Talpa,Atolinga,Zacatecas
99733,Covarrubias,Atolinga,Zacatecas
99733,Cerrito Pelón,Atolinga,Zacatecas
99734,Tapias Grandes,Atolinga,Zacatecas
99734,Charcuelos,Atolinga,Zacatecas
99734,Acatepulco,Atolinga,Zacatecas
99734,Laguna Grande,Atolinga,Zacatecas
99734,Los Velas,Atolinga,Zacatecas
99734,El Durazno,Atolinga,Zacatecas
99735,Villa Hidalgo,Atolinga,Zacatecas
99735,La Estancia,Atolinga,Zacatecas
99735,La Ciénega,Atolinga,Zacatecas
99736,Los Cerritos,Atolinga,Zacatecas
99736,Los Adobes,Atolinga,Zacatecas
99750,Ocotlan Cerro Chino,Tepechitlán,Zacatecas
99750,Tepechitlan,Tepechitlán,Zacatecas
99750,El Terrero,Tepechitlán,Zacatecas
99750,Magisterial,Tepechitlán,Zacatecas
99750,La Cumbrita,Tepechitlán,Zacatecas
99753,Las Pilas,Tepechitlán,Zacatecas
99755,Ojuelos,Tepechitlán,Zacatecas
99760,Santiago Nexcaltitán,Tepechitlán,Zacatecas
99770,San Pedro Ocotlan,Tepechitlán,Zacatecas
99780,El Durazno,Benito Juárez,Zacatecas
99780,Los Mirasoles,Benito Juárez,Zacatecas
99780,Florencia de Benito Juárez,Benito Juárez,Zacatecas
99783,Llano Grande,Benito Juárez,Zacatecas
99784,Las Tablas,Benito Juárez,Zacatecas
99784,Los Campos,Benito Juárez,Zacatecas
99785,Potrerillos,Benito Juárez,Zacatecas
99786,San Lucas Tepetitlán,Benito Juárez,Zacatecas
99786,Cuevas Chicas (Las Cuevas Chicas),Benito Juárez,Zacatecas
99786,La Laguna,Benito Juárez,Zacatecas
99786,Tecolotes,Benito Juárez,Zacatecas
99790,Los Charcos,Benito Juárez,Zacatecas
99790,Mesa de Rayos,Benito Juárez,Zacatecas
99790,Los Sauces,Benito Juárez,Zacatecas
99790,Mesa de Arellanos,Benito Juárez,Zacatecas
99794,Mesa de Núñez,Benito Juárez,Zacatecas
99794,Las Cruces,Benito Juárez,Zacatecas
99794,Tonilco,Benito Juárez,Zacatecas
99794,Los Cedros,Benito Juárez,Zacatecas
99800,La Esperanza,Teúl de González Ortega,Zacatecas
99800,Genaro Borrego,Teúl de González Ortega,Zacatecas
99800,Los Maestros,Teúl de González Ortega,Zacatecas
99800,Teul de Gonzalez Ortega,Teúl de González Ortega,Zacatecas
99800,Vallarta,Teúl de González Ortega,Zacatecas
99800,El Agave,Teúl de González Ortega,Zacatecas
99806,Alamitos,Teúl de González Ortega,Zacatecas
99810,Milpillas de Allende,Teúl de González Ortega,Zacatecas
99814,Huitzila,Teúl de González Ortega,Zacatecas
99820,El Santuario,Santa María de la Paz,Zacatecas
99820,Santa Maria de la Paz,Santa María de la Paz,Zacatecas
99823,Los Rodriguez,Santa María de la Paz,Zacatecas
99823,El Laurel,Santa María de la Paz,Zacatecas
99823,La Haciendita,Santa María de la Paz,Zacatecas
99824,El Zapotito,Santa María de la Paz,Zacatecas
99824,El Pantano,Santa María de la Paz,Zacatecas
99824,Hidalgo (el Picacho),Santa María de la Paz,Zacatecas
99824,La Mesa Grande,Santa María de la Paz,Zacatecas
99825,Marines,Santa María de la Paz,Zacatecas
99825,El Soto,Santa María de la Paz,Zacatecas
99825,La Laguna,Santa María de la Paz,Zacatecas
99825,San Vicente,Santa María de la Paz,Zacatecas
99825,Santa Fe,Santa María de la Paz,Zacatecas
99825,San Rafael,Santa María de la Paz,Zacatecas
99826,El Saucito,Santa María de la Paz,Zacatecas
99826,El Gato,Santa María de la Paz,Zacatecas
99826,Mesa El Pueblo,Santa María de la Paz,Zacatecas
99826,El Arenal,Santa María de la Paz,Zacatecas
99826,San Miguel Tepetitlan,Santa María de la Paz,Zacatecas
99826,San Isidro,Santa María de la Paz,Zacatecas
99827,Los Cedros,Santa María de la Paz,Zacatecas
99827,Los Horcones,Santa María de la Paz,Zacatecas
99827,Hacienda Vieja,Santa María de la Paz,Zacatecas
99827,Las Tablas,Santa María de la Paz,Zacatecas
99827,El Capulín,Santa María de la Paz,Zacatecas
99828,El Guitarrero,Santa María de la Paz,Zacatecas
99828,Pajaritos,Santa María de la Paz,Zacatecas
99828,Los Polvos,Santa María de la Paz,Zacatecas
99828,Mesa de Trigos,Santa María de la Paz,Zacatecas
99830,García de la Cadena,Trinidad García de la Cadena,Zacatecas
99833,La Ceja,Trinidad García de la Cadena,Zacatecas
99833,Las Huertitas,Trinidad García de la Cadena,Zacatecas
99833,Los Horconcillos,Trinidad García de la Cadena,Zacatecas
99833,Los Sauces,Trinidad García de la Cadena,Zacatecas
99834,Santa Rosa,Trinidad García de la Cadena,Zacatecas
99834,Las Vueltas,Trinidad García de la Cadena,Zacatecas
99840,El Barranco,Trinidad García de la Cadena,Zacatecas
99840,El Tambor,Trinidad García de la Cadena,Zacatecas
99843,Llano de las Palomas,Trinidad García de la Cadena,Zacatecas
99843,La Tetilla,Trinidad García de la Cadena,Zacatecas
99854,Las Higueras,Trinidad García de la Cadena,Zacatecas
99854,San Martín de las Peñas (San Martín de Arriba),Trinidad García de la Cadena,Zacatecas
99854,Los Ciruelos,Trinidad García de la Cadena,Zacatecas
99855,Espinazo del Diablo,Trinidad García de la Cadena,Zacatecas
99860,Mezquital Del Oro,Mezquital del Oro,Zacatecas
99864,La Coronilla,Mezquital del Oro,Zacatecas
99865,El Malacate,Mezquital del Oro,Zacatecas
99867,Los Gallos,Mezquital del Oro,Zacatecas
99900,Nochistlan Centro,Nochistlán de Mejía,Zacatecas
99902,Santo Santiago,Nochistlán de Mejía,Zacatecas
99902,La Gloria,Nochistlán de Mejía,Zacatecas
99904,Arboledas,Nochistlán de Mejía,Zacatecas
99904,Loma Bonita,Nochistlán de Mejía,Zacatecas
99905,Lomas del Refugio,Nochistlán de Mejía,Zacatecas
99905,San Miguel Oriente,Nochistlán de Mejía,Zacatecas
99905,Gonzalez Sanchez,Nochistlán de Mejía,Zacatecas
99906,Santa Cecilia,Nochistlán de Mejía,Zacatecas
99907,Bugambilias,Nochistlán de Mejía,Zacatecas
99908,La Presa,Nochistlán de Mejía,Zacatecas
99908,La Quinta,Nochistlán de Mejía,Zacatecas
99909,Sutsemop,Nochistlán de Mejía,Zacatecas
99909,Los Arcos,Nochistlán de Mejía,Zacatecas
99910,Monte de Yánez,Nochistlán de Mejía,Zacatecas
99913,Las Huertas,Nochistlán de Mejía,Zacatecas
99913,Toyahua de Arriba,Nochistlán de Mejía,Zacatecas
99913,Las Delicias,Nochistlán de Mejía,Zacatecas
99913,Toyahua de Abajo,Nochistlán de Mejía,Zacatecas
99914,Daniel Camarena,Nochistlán de Mejía,Zacatecas
99915,Las Pilas,Nochistlán de Mejía,Zacatecas
99915,La Villita,Nochistlán de Mejía,Zacatecas
99917,Gabriel Lopez,Nochistlán de Mejía,Zacatecas
99917,Capellania,Nochistlán de Mejía,Zacatecas
99917,El Molino,Nochistlán de Mejía,Zacatecas
99918,Tlachichila,Nochistlán de Mejía,Zacatecas
99918,Casas Grandes,Nochistlán de Mejía,Zacatecas
99918,Fátima,Nochistlán de Mejía,Zacatecas
99919,La Estancia,Nochistlán de Mejía,Zacatecas
99920,San Pedro Apulco,Apulco,Zacatecas
99921,Agua Blanca,Apulco,Zacatecas
99925,La Pitaya,Apulco,Zacatecas
99930,Tenayuca,Apulco,Zacatecas
99940,Apozol,Apozol,Zacatecas
99940,De Abajo,Apozol,Zacatecas
99949,Los Llamas,Apozol,Zacatecas
99950,El Rescoldo,Apozol,Zacatecas
99960,Juchipila,Juchipila,Zacatecas
99960,Cerro La Arena,Juchipila,Zacatecas
99960,Contitlan,Juchipila,Zacatecas
99960,Guadalupe Victoria,Juchipila,Zacatecas
99960,La Quinta,Juchipila,Zacatecas
99960,San Sebastián,Juchipila,Zacatecas
99960,Pueblo Viejo,Juchipila,Zacatecas
99969,Mezquitera,Juchipila,Zacatecas
99970,Remolino,Juchipila,Zacatecas
99974,El Ranchito,Juchipila,Zacatecas
99979,Amazochitl,Juchipila,Zacatecas
99980,Moyahua Centro,Moyahua de Estrada,Zacatecas
99984,Santa Cruz,Moyahua de Estrada,Zacatecas
99984,Santa Maria,Moyahua de Estrada,Zacatecas
99987,Bajío Blanco,Moyahua de Estrada,Zacatecas
99990,Alameda Juárez,Moyahua de Estrada,Zacatecas
99993,Cuxpala,Moyahua de Estrada,Zacatecas
99994,Vicente Guerrero,Moyahua de Estrada,Zacatecas
99998,Palmarejo,Moyahua de Estrada,Zacatecas
99998,San Jose de Palmarejo,Moyahua de Estrada,Zacatecas
99998,Jesús Maria,Moyahua de Estrada,Zacatecas
